{
  "authorDailyContributionsMap": {
    "pigoliver": [
      {
        "date": "2020-08-21",
        "commitResults": [
          {
            "hash": "791aefd9aa02cce22b8fa9f96d672dcb9323b11d",
            "messageTitle": "level 0. Greet",
            "messageBody": "",
            "tags": [
              "Level-0"
            ],
            "fileTypesAndContributionMap": {
              "java": {
                "insertions": 21,
                "deletions": 0
              }
            }
          },
          {
            "hash": "048cb6ac1ca901311f63706bf730a3d196491985",
            "messageTitle": "level 1. Greet, Echo, Exit",
            "messageBody": "",
            "tags": [
              "Level-1"
            ],
            "fileTypesAndContributionMap": {
              "java": {
                "insertions": 40,
                "deletions": 1
              }
            }
          },
          {
            "hash": "cf5b4ce29634fcc31cbd8c704b564e8abf062cdb",
            "messageTitle": "level 2. Add, List",
            "messageBody": "",
            "tags": [
              "level-2"
            ],
            "fileTypesAndContributionMap": {
              "java": {
                "insertions": 20,
                "deletions": 1
              }
            }
          },
          {
            "hash": "950a7a710d41ddbe92986436b2146bcaa6dd4b81",
            "messageTitle": "level 3. Mark as Done",
            "messageBody": "",
            "tags": [
              "level-3"
            ],
            "fileTypesAndContributionMap": {
              "java": {
                "insertions": 52,
                "deletions": 6
              }
            }
          },
          {
            "hash": "656f8cf63efd5e29635dbde01811c68423be4a97",
            "messageTitle": "level 4. ToDo, Event, Deadline",
            "messageBody": "",
            "tags": [
              "Level-4"
            ],
            "fileTypesAndContributionMap": {
              "java": {
                "insertions": 87,
                "deletions": 9
              }
            }
          }
        ]
      },
      {
        "date": "2020-08-26",
        "commitResults": [
          {
            "hash": "8f34de910785652e90e4f1dcbec651f06898f2f1",
            "messageTitle": "A-TextUiTesting: Automated Text UI Testing",
            "messageBody": "",
            "tags": [
              "A-TextUiTesting",
              "A-CodingStandard"
            ],
            "fileTypesAndContributionMap": {
              "txt": {
                "insertions": 3,
                "deletions": 0
              },
              "java": {
                "insertions": 3,
                "deletions": 1
              },
              "bat": {
                "insertions": 1,
                "deletions": 1
              },
              "sh": {
                "insertions": 1,
                "deletions": 1
              }
            }
          }
        ]
      }
    ]
  },
  "authorFileTypeContributionMap": {
    "pigoliver": {
      "java": 205,
      "md": 0,
      "fxml": 0,
      "sh": 1,
      "bat": 1,
      "gradle": 0,
      "txt": 3
    }
  },
  "authorContributionVariance": {
    "pigoliver": 3966.0715
  },
  "authorDisplayNameMap": {
    "pigoliver": "HONG..HENG"
  }
}
