{
  "authorDailyContributionsMap": {
    "adi-kd0021": [
      {
        "insertions": 107,
        "deletions": 11,
        "date": "2020-08-21",
        "commitResults": [
          {
            "hash": "e75da2083968031966d128410ad91a68c34a9661",
            "messageTitle": "Level 0. Greet",
            "messageBody": "",
            "tags": [
              "Level-0"
            ],
            "insertions": 9,
            "deletions": 1
          },
          {
            "hash": "23b837ad79f5a5febe0e85cda7c85aebdb27000a",
            "messageTitle": "Level 1. Greet, Echo, Exit",
            "messageBody": "",
            "tags": [
              "Level-1"
            ],
            "insertions": 19,
            "deletions": 1
          },
          {
            "hash": "4374ab3244cdf445804fecb054e6caa3e5ada10e",
            "messageTitle": "Level 2. Add, List",
            "messageBody": "",
            "tags": [
              "Level-2"
            ],
            "insertions": 46,
            "deletions": 5
          },
          {
            "hash": "a895ade2e22f3d724da59ca6ac369746ec49efb3",
            "messageTitle": "Level 2. Add, List",
            "messageBody": "Slight modification\n",
            "insertions": 8,
            "deletions": 0
          },
          {
            "hash": "cf0d5a86c629e4b70f935c5d22ecb44500906bb4",
            "messageTitle": "Level 3. Mark as Done",
            "messageBody": "",
            "tags": [
              "Level-3"
            ],
            "insertions": 25,
            "deletions": 4
          }
        ]
      },
      {
        "insertions": 402,
        "deletions": 86,
        "date": "2020-08-25",
        "commitResults": [
          {
            "hash": "dd30381d24aa7f69a402555fd4c8f3da88a9f546",
            "messageTitle": "Added Deadline/ Task /Event with Task as Abstract as well as Constants and TaskList",
            "messageBody": "",
            "insertions": 402,
            "deletions": 86
          }
        ]
      },
      {
        "insertions": 164,
        "deletions": 40,
        "date": "2020-08-27",
        "commitResults": [
          {
            "hash": "ff628e7a67bf3f4363790f5e537ce4bb33fe4963",
            "messageTitle": "Level-4 - Adjusted the  Deadline/ Task /Event as well as Constants and TaskList",
            "messageBody": "",
            "tags": [
              "Level-4"
            ],
            "insertions": 164,
            "deletions": 40
          }
        ]
      }
    ]
  },
  "authorFinalContributionMap": {
    "adi-kd0021": 550
  },
  "authorFileTypeContributionMap": {
    "adi-kd0021": {
      "md": 2,
      "java": 546,
      "bat": 2
    }
  },
  "authorContributionVariance": {
    "adi-kd0021": 8790.951
  },
  "authorDisplayNameMap": {
    "adi-kd0021": "ADI ..KARI"
  }
}
