{
  "authorDailyContributionsMap": {
    "adi-kd0021": [
      {
        "date": "2020-08-21",
        "commitResults": [
          {
            "hash": "e75da2083968031966d128410ad91a68c34a9661",
            "messageTitle": "Level 0. Greet",
            "messageBody": "",
            "tags": [
              "Level-0"
            ],
            "fileTypesAndContributionMap": {
              "java": {
                "insertions": 9,
                "deletions": 1
              }
            }
          },
          {
            "hash": "23b837ad79f5a5febe0e85cda7c85aebdb27000a",
            "messageTitle": "Level 1. Greet, Echo, Exit",
            "messageBody": "",
            "tags": [
              "Level-1"
            ],
            "fileTypesAndContributionMap": {
              "java": {
                "insertions": 19,
                "deletions": 1
              }
            }
          },
          {
            "hash": "4374ab3244cdf445804fecb054e6caa3e5ada10e",
            "messageTitle": "Level 2. Add, List",
            "messageBody": "",
            "tags": [
              "Level-2"
            ],
            "fileTypesAndContributionMap": {
              "java": {
                "insertions": 46,
                "deletions": 5
              }
            }
          },
          {
            "hash": "a895ade2e22f3d724da59ca6ac369746ec49efb3",
            "messageTitle": "Level 2. Add, List",
            "messageBody": "Slight modification\n",
            "fileTypesAndContributionMap": {
              "java": {
                "insertions": 8,
                "deletions": 0
              }
            }
          },
          {
            "hash": "cf0d5a86c629e4b70f935c5d22ecb44500906bb4",
            "messageTitle": "Level 3. Mark as Done",
            "messageBody": "",
            "tags": [
              "Level-3"
            ],
            "fileTypesAndContributionMap": {
              "java": {
                "insertions": 25,
                "deletions": 4
              }
            }
          }
        ]
      },
      {
        "date": "2020-08-25",
        "commitResults": [
          {
            "hash": "dd30381d24aa7f69a402555fd4c8f3da88a9f546",
            "messageTitle": "Added Deadline/ Task /Event with Task as Abstract as well as Constants and TaskList",
            "messageBody": "",
            "fileTypesAndContributionMap": {
              "java": {
                "insertions": 398,
                "deletions": 82
              },
              "bat": {
                "insertions": 2,
                "deletions": 2
              },
              "md": {
                "insertions": 2,
                "deletions": 2
              }
            }
          }
        ]
      },
      {
        "date": "2020-08-27",
        "commitResults": [
          {
            "hash": "ff628e7a67bf3f4363790f5e537ce4bb33fe4963",
            "messageTitle": "Level-4 - Adjusted the  Deadline/ Task /Event as well as Constants and TaskList",
            "messageBody": "",
            "tags": [
              "Level-4"
            ],
            "fileTypesAndContributionMap": {
              "java": {
                "insertions": 164,
                "deletions": 40
              }
            }
          }
        ]
      },
      {
        "date": "2020-08-28",
        "commitResults": [
          {
            "hash": "661a07695e6daeda99f87c441d782984a5122f9f",
            "messageTitle": "A-CodingStandard - Changed the code to adhere to coding standards/ uniform style",
            "messageBody": "",
            "tags": [
              "A-CodingStandard"
            ],
            "fileTypesAndContributionMap": {
              "txt": {
                "insertions": 1,
                "deletions": 0
              },
              "java": {
                "insertions": 39,
                "deletions": 46
              },
              "bat": {
                "insertions": 3,
                "deletions": 2
              },
              "sh": {
                "insertions": 1,
                "deletions": 1
              }
            }
          }
        ]
      }
    ]
  },
  "authorFileTypeContributionMap": {
    "adi-kd0021": {
      "java": 539,
      "md": 2,
      "fxml": 0,
      "sh": 1,
      "bat": 4,
      "gradle": 0,
      "txt": 1
    }
  },
  "authorContributionVariance": {
    "adi-kd0021": 16531.494
  },
  "authorDisplayNameMap": {
    "adi-kd0021": "ADI ..KARI"
  }
}
