[
  {
    "path": "README.md",
    "fileType": "md",
    "lines": [
      {
        "lineNumber": 1,
        "author": {
          "gitId": "skyventus"
        },
        "content": "# Duke.Duke project template"
      },
      {
        "lineNumber": 2,
        "author": {
          "gitId": "-"
        },
        "content": ""
      },
      {
        "lineNumber": 3,
        "author": {
          "gitId": "-"
        },
        "content": "This is a project template for a greenfield Java project. It\u0027s named after the Java mascot _Duke_. Given below are instructions on how to use it."
      },
      {
        "lineNumber": 4,
        "author": {
          "gitId": "-"
        },
        "content": ""
      },
      {
        "lineNumber": 5,
        "author": {
          "gitId": "-"
        },
        "content": "## Setting up in Intellij"
      },
      {
        "lineNumber": 6,
        "author": {
          "gitId": "-"
        },
        "content": ""
      },
      {
        "lineNumber": 7,
        "author": {
          "gitId": "-"
        },
        "content": "Prerequisites: JDK 11, update Intellij to the most recent version."
      },
      {
        "lineNumber": 8,
        "author": {
          "gitId": "-"
        },
        "content": ""
      },
      {
        "lineNumber": 9,
        "author": {
          "gitId": "-"
        },
        "content": "1. Open Intellij (if you are not in the welcome screen, click `File` \u003e `Close Project` to close the existing project dialog first)"
      },
      {
        "lineNumber": 10,
        "author": {
          "gitId": "-"
        },
        "content": "1. Set up the correct JDK version, as follows:"
      },
      {
        "lineNumber": 11,
        "author": {
          "gitId": "-"
        },
        "content": "   1. Click `Configure` \u003e `Structure for New Projects` and then `Project Settings` \u003e `Project` \u003e `Project SDK`"
      },
      {
        "lineNumber": 12,
        "author": {
          "gitId": "-"
        },
        "content": "   1. If JDK 11 is listed in the drop down, select it. If it is not, click `New...` and select the directory where you installed JDK 11"
      },
      {
        "lineNumber": 13,
        "author": {
          "gitId": "-"
        },
        "content": "   1. Click `OK`"
      },
      {
        "lineNumber": 14,
        "author": {
          "gitId": "-"
        },
        "content": "1. Import the project into Intellij as follows:"
      },
      {
        "lineNumber": 15,
        "author": {
          "gitId": "-"
        },
        "content": "   1. Click `Open or Import`."
      },
      {
        "lineNumber": 16,
        "author": {
          "gitId": "-"
        },
        "content": "   1. Select the project directory, and click `OK`"
      },
      {
        "lineNumber": 17,
        "author": {
          "gitId": "-"
        },
        "content": "   1. If there are any further prompts, accept the defaults."
      },
      {
        "lineNumber": 18,
        "author": {
          "gitId": "skyventus"
        },
        "content": "1. After the importing is complete, locate the `src/main/java/Duke.Duke.java` file, right-click it, and choose `Run Duke.Duke.main()`. If the setup is correct, you should see something like the below:"
      },
      {
        "lineNumber": 19,
        "author": {
          "gitId": "-"
        },
        "content": "   ```"
      },
      {
        "lineNumber": 20,
        "author": {
          "gitId": "-"
        },
        "content": "   Hello from"
      },
      {
        "lineNumber": 21,
        "author": {
          "gitId": "-"
        },
        "content": "    ____        _        "
      },
      {
        "lineNumber": 22,
        "author": {
          "gitId": "-"
        },
        "content": "   |  _ \\ _   _| | _____ "
      },
      {
        "lineNumber": 23,
        "author": {
          "gitId": "-"
        },
        "content": "   | | | | | | | |/ / _ \\"
      },
      {
        "lineNumber": 24,
        "author": {
          "gitId": "-"
        },
        "content": "   | |_| | |_| |   \u003c  __/"
      },
      {
        "lineNumber": 25,
        "author": {
          "gitId": "-"
        },
        "content": "   |____/ \\__,_|_|\\_\\___|"
      },
      {
        "lineNumber": 26,
        "author": {
          "gitId": "-"
        },
        "content": "   ```"
      }
    ],
    "authorContributionMap": {
      "skyventus": 2,
      "-": 24
    }
  },
  {
    "path": "src/main/java/Duke/Deadline.java",
    "fileType": "java",
    "lines": [
      {
        "lineNumber": 1,
        "author": {
          "gitId": "skyventus"
        },
        "content": "package Duke;"
      },
      {
        "lineNumber": 2,
        "author": {
          "gitId": "skyventus"
        },
        "content": ""
      },
      {
        "lineNumber": 3,
        "author": {
          "gitId": "skyventus"
        },
        "content": "public class Deadline extends Task{"
      },
      {
        "lineNumber": 4,
        "author": {
          "gitId": "skyventus"
        },
        "content": "    private String deadline;"
      },
      {
        "lineNumber": 5,
        "author": {
          "gitId": "skyventus"
        },
        "content": ""
      },
      {
        "lineNumber": 6,
        "author": {
          "gitId": "skyventus"
        },
        "content": "    public Deadline(String desc, String deadline) {"
      },
      {
        "lineNumber": 7,
        "author": {
          "gitId": "skyventus"
        },
        "content": "        super(desc);"
      },
      {
        "lineNumber": 8,
        "author": {
          "gitId": "skyventus"
        },
        "content": "        this.deadline \u003d deadline;"
      },
      {
        "lineNumber": 9,
        "author": {
          "gitId": "skyventus"
        },
        "content": "    }"
      },
      {
        "lineNumber": 10,
        "author": {
          "gitId": "skyventus"
        },
        "content": ""
      },
      {
        "lineNumber": 11,
        "author": {
          "gitId": "skyventus"
        },
        "content": "    @Override"
      },
      {
        "lineNumber": 12,
        "author": {
          "gitId": "skyventus"
        },
        "content": "    public String toString() {"
      },
      {
        "lineNumber": 13,
        "author": {
          "gitId": "skyventus"
        },
        "content": "        return super.toString() + \" (by: \" + deadline + \")\";"
      },
      {
        "lineNumber": 14,
        "author": {
          "gitId": "skyventus"
        },
        "content": "    }"
      },
      {
        "lineNumber": 15,
        "author": {
          "gitId": "skyventus"
        },
        "content": ""
      },
      {
        "lineNumber": 16,
        "author": {
          "gitId": "skyventus"
        },
        "content": "}"
      }
    ],
    "authorContributionMap": {
      "skyventus": 16
    }
  },
  {
    "path": "src/main/java/Duke/Duke.java",
    "fileType": "java",
    "lines": [
      {
        "lineNumber": 1,
        "author": {
          "gitId": "skyventus"
        },
        "content": "package Duke;"
      },
      {
        "lineNumber": 2,
        "author": {
          "gitId": "skyventus"
        },
        "content": ""
      },
      {
        "lineNumber": 3,
        "author": {
          "gitId": "skyventus"
        },
        "content": "import utils.Ui;"
      },
      {
        "lineNumber": 4,
        "author": {
          "gitId": "skyventus"
        },
        "content": "import utils.Parser;"
      },
      {
        "lineNumber": 5,
        "author": {
          "gitId": "skyventus"
        },
        "content": ""
      },
      {
        "lineNumber": 6,
        "author": {
          "gitId": "skyventus"
        },
        "content": "public class Duke {"
      },
      {
        "lineNumber": 7,
        "author": {
          "gitId": "skyventus"
        },
        "content": ""
      },
      {
        "lineNumber": 8,
        "author": {
          "gitId": "skyventus"
        },
        "content": "    private Ui ui;"
      },
      {
        "lineNumber": 9,
        "author": {
          "gitId": "skyventus"
        },
        "content": "    private TaskList task;"
      },
      {
        "lineNumber": 10,
        "author": {
          "gitId": "skyventus"
        },
        "content": ""
      },
      {
        "lineNumber": 11,
        "author": {
          "gitId": "skyventus"
        },
        "content": "    public void run(){"
      },
      {
        "lineNumber": 12,
        "author": {
          "gitId": "skyventus"
        },
        "content": "        ui \u003d new Ui();"
      },
      {
        "lineNumber": 13,
        "author": {
          "gitId": "skyventus"
        },
        "content": "        task \u003d new TaskList();"
      },
      {
        "lineNumber": 14,
        "author": {
          "gitId": "skyventus"
        },
        "content": "        ui.printWelcome();"
      },
      {
        "lineNumber": 15,
        "author": {
          "gitId": "skyventus"
        },
        "content": ""
      },
      {
        "lineNumber": 16,
        "author": {
          "gitId": "skyventus"
        },
        "content": "        String Description;"
      },
      {
        "lineNumber": 17,
        "author": {
          "gitId": "skyventus"
        },
        "content": "        int idx;"
      },
      {
        "lineNumber": 18,
        "author": {
          "gitId": "skyventus"
        },
        "content": "        String fullCommand \u003d ui.readUserCommand().toLowerCase();"
      },
      {
        "lineNumber": 19,
        "author": {
          "gitId": "skyventus"
        },
        "content": "        String commandWord \u003d Parser.getCommandWord(fullCommand);"
      },
      {
        "lineNumber": 20,
        "author": {
          "gitId": "skyventus"
        },
        "content": ""
      },
      {
        "lineNumber": 21,
        "author": {
          "gitId": "skyventus"
        },
        "content": "        while(!commandWord.equals(\"bye\")) {"
      },
      {
        "lineNumber": 22,
        "author": {
          "gitId": "skyventus"
        },
        "content": "            switch(commandWord){"
      },
      {
        "lineNumber": 23,
        "author": {
          "gitId": "skyventus"
        },
        "content": "                case(\"list\"):"
      },
      {
        "lineNumber": 24,
        "author": {
          "gitId": "skyventus"
        },
        "content": "                    task.printTasks();"
      },
      {
        "lineNumber": 25,
        "author": {
          "gitId": "skyventus"
        },
        "content": "                    break;"
      },
      {
        "lineNumber": 26,
        "author": {
          "gitId": "skyventus"
        },
        "content": "                case(\"done\"):"
      },
      {
        "lineNumber": 27,
        "author": {
          "gitId": "skyventus"
        },
        "content": "                    Ui.printDone();"
      },
      {
        "lineNumber": 28,
        "author": {
          "gitId": "skyventus"
        },
        "content": "                    task.setTaskDone(Parser.getTaskIndex(fullCommand));"
      },
      {
        "lineNumber": 29,
        "author": {
          "gitId": "skyventus"
        },
        "content": "                    break;"
      },
      {
        "lineNumber": 30,
        "author": {
          "gitId": "skyventus"
        },
        "content": "                case(\"todo\"):"
      },
      {
        "lineNumber": 31,
        "author": {
          "gitId": "skyventus"
        },
        "content": "                    task.addTask(Parser.createTask(Parser.getTodoDescription(fullCommand,commandWord)));"
      },
      {
        "lineNumber": 32,
        "author": {
          "gitId": "skyventus"
        },
        "content": "                    break;"
      },
      {
        "lineNumber": 33,
        "author": {
          "gitId": "skyventus"
        },
        "content": "                case(\"deadline\"):"
      },
      {
        "lineNumber": 34,
        "author": {
          "gitId": "skyventus"
        },
        "content": "                    task.addTask(Parser.createDeadline(Parser.getDescriptionOnly(fullCommand,commandWord, \"/by\")"
      },
      {
        "lineNumber": 35,
        "author": {
          "gitId": "skyventus"
        },
        "content": "                            ,Parser.getDeadline(fullCommand)));"
      },
      {
        "lineNumber": 36,
        "author": {
          "gitId": "skyventus"
        },
        "content": "                    break;"
      },
      {
        "lineNumber": 37,
        "author": {
          "gitId": "skyventus"
        },
        "content": "                case(\"event\"):"
      },
      {
        "lineNumber": 38,
        "author": {
          "gitId": "skyventus"
        },
        "content": "                    task.addTask(Parser.createEvent(Parser.getDescriptionOnly(fullCommand,commandWord, \"/at\")"
      },
      {
        "lineNumber": 39,
        "author": {
          "gitId": "skyventus"
        },
        "content": "                            ,Parser.getEventTiming(fullCommand)));"
      },
      {
        "lineNumber": 40,
        "author": {
          "gitId": "skyventus"
        },
        "content": "                    break;"
      },
      {
        "lineNumber": 41,
        "author": {
          "gitId": "skyventus"
        },
        "content": "                default:"
      },
      {
        "lineNumber": 42,
        "author": {
          "gitId": "skyventus"
        },
        "content": "                    Ui.showToUser(\"[WARNING] No such command exist.\");"
      },
      {
        "lineNumber": 43,
        "author": {
          "gitId": "skyventus"
        },
        "content": "                    break;"
      },
      {
        "lineNumber": 44,
        "author": {
          "gitId": "skyventus"
        },
        "content": "            }"
      },
      {
        "lineNumber": 45,
        "author": {
          "gitId": "skyventus"
        },
        "content": "            fullCommand \u003d ui.readUserCommand().toLowerCase();"
      },
      {
        "lineNumber": 46,
        "author": {
          "gitId": "skyventus"
        },
        "content": "            commandWord \u003d Parser.getCommandWord(fullCommand);"
      },
      {
        "lineNumber": 47,
        "author": {
          "gitId": "skyventus"
        },
        "content": "        }"
      },
      {
        "lineNumber": 48,
        "author": {
          "gitId": "skyventus"
        },
        "content": ""
      },
      {
        "lineNumber": 49,
        "author": {
          "gitId": "skyventus"
        },
        "content": "        ui.showByeMessage();"
      },
      {
        "lineNumber": 50,
        "author": {
          "gitId": "skyventus"
        },
        "content": ""
      },
      {
        "lineNumber": 51,
        "author": {
          "gitId": "skyventus"
        },
        "content": "    }"
      },
      {
        "lineNumber": 52,
        "author": {
          "gitId": "skyventus"
        },
        "content": "    public static void main(String[] args) {"
      },
      {
        "lineNumber": 53,
        "author": {
          "gitId": "skyventus"
        },
        "content": "        new Duke().run();"
      },
      {
        "lineNumber": 54,
        "author": {
          "gitId": "skyventus"
        },
        "content": "    }"
      },
      {
        "lineNumber": 55,
        "author": {
          "gitId": "skyventus"
        },
        "content": "}"
      }
    ],
    "authorContributionMap": {
      "skyventus": 55
    }
  },
  {
    "path": "src/main/java/Duke/Event.java",
    "fileType": "java",
    "lines": [
      {
        "lineNumber": 1,
        "author": {
          "gitId": "skyventus"
        },
        "content": "package Duke;"
      },
      {
        "lineNumber": 2,
        "author": {
          "gitId": "skyventus"
        },
        "content": ""
      },
      {
        "lineNumber": 3,
        "author": {
          "gitId": "skyventus"
        },
        "content": "public class Event extends Task {"
      },
      {
        "lineNumber": 4,
        "author": {
          "gitId": "skyventus"
        },
        "content": "    private String eventInformation;"
      },
      {
        "lineNumber": 5,
        "author": {
          "gitId": "skyventus"
        },
        "content": ""
      },
      {
        "lineNumber": 6,
        "author": {
          "gitId": "skyventus"
        },
        "content": "    public Event(String desc, String event){"
      },
      {
        "lineNumber": 7,
        "author": {
          "gitId": "skyventus"
        },
        "content": "        super(desc);"
      },
      {
        "lineNumber": 8,
        "author": {
          "gitId": "skyventus"
        },
        "content": "        this.eventInformation \u003d event;"
      },
      {
        "lineNumber": 9,
        "author": {
          "gitId": "skyventus"
        },
        "content": "    }"
      },
      {
        "lineNumber": 10,
        "author": {
          "gitId": "skyventus"
        },
        "content": ""
      },
      {
        "lineNumber": 11,
        "author": {
          "gitId": "skyventus"
        },
        "content": "    @Override"
      },
      {
        "lineNumber": 12,
        "author": {
          "gitId": "skyventus"
        },
        "content": "    public String toString() {"
      },
      {
        "lineNumber": 13,
        "author": {
          "gitId": "skyventus"
        },
        "content": "        return super.toString() + \" (at: \" + eventInformation + \")\";"
      },
      {
        "lineNumber": 14,
        "author": {
          "gitId": "skyventus"
        },
        "content": "    }"
      },
      {
        "lineNumber": 15,
        "author": {
          "gitId": "skyventus"
        },
        "content": ""
      },
      {
        "lineNumber": 16,
        "author": {
          "gitId": "skyventus"
        },
        "content": "}"
      }
    ],
    "authorContributionMap": {
      "skyventus": 16
    }
  },
  {
    "path": "src/main/java/Duke/Task.java",
    "fileType": "java",
    "lines": [
      {
        "lineNumber": 1,
        "author": {
          "gitId": "skyventus"
        },
        "content": "package Duke;"
      },
      {
        "lineNumber": 2,
        "author": {
          "gitId": "skyventus"
        },
        "content": ""
      },
      {
        "lineNumber": 3,
        "author": {
          "gitId": "skyventus"
        },
        "content": "public class Task {"
      },
      {
        "lineNumber": 4,
        "author": {
          "gitId": "skyventus"
        },
        "content": "    private String description;"
      },
      {
        "lineNumber": 5,
        "author": {
          "gitId": "skyventus"
        },
        "content": "    private boolean isDone;"
      },
      {
        "lineNumber": 6,
        "author": {
          "gitId": "skyventus"
        },
        "content": ""
      },
      {
        "lineNumber": 7,
        "author": {
          "gitId": "skyventus"
        },
        "content": "    public Task(String desc){"
      },
      {
        "lineNumber": 8,
        "author": {
          "gitId": "skyventus"
        },
        "content": "        this.description\u003ddesc;"
      },
      {
        "lineNumber": 9,
        "author": {
          "gitId": "skyventus"
        },
        "content": "    }"
      },
      {
        "lineNumber": 10,
        "author": {
          "gitId": "skyventus"
        },
        "content": ""
      },
      {
        "lineNumber": 11,
        "author": {
          "gitId": "skyventus"
        },
        "content": "    public String getDescription(){"
      },
      {
        "lineNumber": 12,
        "author": {
          "gitId": "skyventus"
        },
        "content": "        return this.description;"
      },
      {
        "lineNumber": 13,
        "author": {
          "gitId": "skyventus"
        },
        "content": "    }"
      },
      {
        "lineNumber": 14,
        "author": {
          "gitId": "skyventus"
        },
        "content": ""
      },
      {
        "lineNumber": 15,
        "author": {
          "gitId": "skyventus"
        },
        "content": "    @Override"
      },
      {
        "lineNumber": 16,
        "author": {
          "gitId": "skyventus"
        },
        "content": "    public String toString() {"
      },
      {
        "lineNumber": 17,
        "author": {
          "gitId": "skyventus"
        },
        "content": "        return  description;"
      },
      {
        "lineNumber": 18,
        "author": {
          "gitId": "skyventus"
        },
        "content": "    }"
      },
      {
        "lineNumber": 19,
        "author": {
          "gitId": "skyventus"
        },
        "content": ""
      },
      {
        "lineNumber": 20,
        "author": {
          "gitId": "skyventus"
        },
        "content": "    public boolean isDone(){return isDone;};"
      },
      {
        "lineNumber": 21,
        "author": {
          "gitId": "skyventus"
        },
        "content": ""
      },
      {
        "lineNumber": 22,
        "author": {
          "gitId": "skyventus"
        },
        "content": "    public void setDone(boolean done){"
      },
      {
        "lineNumber": 23,
        "author": {
          "gitId": "skyventus"
        },
        "content": "        this.isDone \u003d done;"
      },
      {
        "lineNumber": 24,
        "author": {
          "gitId": "skyventus"
        },
        "content": "    };"
      },
      {
        "lineNumber": 25,
        "author": {
          "gitId": "skyventus"
        },
        "content": ""
      },
      {
        "lineNumber": 26,
        "author": {
          "gitId": "skyventus"
        },
        "content": "}"
      }
    ],
    "authorContributionMap": {
      "skyventus": 26
    }
  },
  {
    "path": "src/main/java/Duke/TaskList.java",
    "fileType": "java",
    "lines": [
      {
        "lineNumber": 1,
        "author": {
          "gitId": "skyventus"
        },
        "content": "package Duke;"
      },
      {
        "lineNumber": 2,
        "author": {
          "gitId": "skyventus"
        },
        "content": ""
      },
      {
        "lineNumber": 3,
        "author": {
          "gitId": "skyventus"
        },
        "content": "import utils.Parser;"
      },
      {
        "lineNumber": 4,
        "author": {
          "gitId": "skyventus"
        },
        "content": "import utils.Ui;"
      },
      {
        "lineNumber": 5,
        "author": {
          "gitId": "skyventus"
        },
        "content": ""
      },
      {
        "lineNumber": 6,
        "author": {
          "gitId": "skyventus"
        },
        "content": "import java.util.ArrayList;"
      },
      {
        "lineNumber": 7,
        "author": {
          "gitId": "skyventus"
        },
        "content": "import java.util.List;"
      },
      {
        "lineNumber": 8,
        "author": {
          "gitId": "skyventus"
        },
        "content": ""
      },
      {
        "lineNumber": 9,
        "author": {
          "gitId": "skyventus"
        },
        "content": "public class TaskList {"
      },
      {
        "lineNumber": 10,
        "author": {
          "gitId": "skyventus"
        },
        "content": "    private List\u003cTask\u003e tasks;"
      },
      {
        "lineNumber": 11,
        "author": {
          "gitId": "skyventus"
        },
        "content": "    Ui ui \u003d new Ui();"
      },
      {
        "lineNumber": 12,
        "author": {
          "gitId": "skyventus"
        },
        "content": ""
      },
      {
        "lineNumber": 13,
        "author": {
          "gitId": "skyventus"
        },
        "content": "    public TaskList(){"
      },
      {
        "lineNumber": 14,
        "author": {
          "gitId": "skyventus"
        },
        "content": "        this.tasks \u003d new ArrayList\u003c\u003e();"
      },
      {
        "lineNumber": 15,
        "author": {
          "gitId": "skyventus"
        },
        "content": "    }"
      },
      {
        "lineNumber": 16,
        "author": {
          "gitId": "skyventus"
        },
        "content": ""
      },
      {
        "lineNumber": 17,
        "author": {
          "gitId": "skyventus"
        },
        "content": "    public void addTask(Task task){"
      },
      {
        "lineNumber": 18,
        "author": {
          "gitId": "skyventus"
        },
        "content": "        tasks.add(task);"
      },
      {
        "lineNumber": 19,
        "author": {
          "gitId": "skyventus"
        },
        "content": "        ui.printGotIt();"
      },
      {
        "lineNumber": 20,
        "author": {
          "gitId": "skyventus"
        },
        "content": "        ui.showAddedTask(Parser.getTaskType(task), task.getDescription());"
      },
      {
        "lineNumber": 21,
        "author": {
          "gitId": "skyventus"
        },
        "content": "        ui.showTotalNumberTaskAdded(tasks.size());"
      },
      {
        "lineNumber": 22,
        "author": {
          "gitId": "skyventus"
        },
        "content": "    }"
      },
      {
        "lineNumber": 23,
        "author": {
          "gitId": "skyventus"
        },
        "content": ""
      },
      {
        "lineNumber": 24,
        "author": {
          "gitId": "skyventus"
        },
        "content": "    public void printTasks() {"
      },
      {
        "lineNumber": 25,
        "author": {
          "gitId": "skyventus"
        },
        "content": ""
      },
      {
        "lineNumber": 26,
        "author": {
          "gitId": "skyventus"
        },
        "content": "        if(tasks.isEmpty())"
      },
      {
        "lineNumber": 27,
        "author": {
          "gitId": "skyventus"
        },
        "content": "            Ui.showToUser(\"No tasks has been added to the list yet.\");"
      },
      {
        "lineNumber": 28,
        "author": {
          "gitId": "skyventus"
        },
        "content": "        int rank\u003d1;"
      },
      {
        "lineNumber": 29,
        "author": {
          "gitId": "skyventus"
        },
        "content": "        for(Task task: tasks) {"
      },
      {
        "lineNumber": 30,
        "author": {
          "gitId": "skyventus"
        },
        "content": "            ui.showTaskWithOrder(Parser.getTaskType(task), task.toString(),rank, task.isDone());"
      },
      {
        "lineNumber": 31,
        "author": {
          "gitId": "skyventus"
        },
        "content": "            rank++;"
      },
      {
        "lineNumber": 32,
        "author": {
          "gitId": "skyventus"
        },
        "content": "        }"
      },
      {
        "lineNumber": 33,
        "author": {
          "gitId": "skyventus"
        },
        "content": "    }"
      },
      {
        "lineNumber": 34,
        "author": {
          "gitId": "skyventus"
        },
        "content": ""
      },
      {
        "lineNumber": 35,
        "author": {
          "gitId": "skyventus"
        },
        "content": "    public void setTaskDone(int idx){"
      },
      {
        "lineNumber": 36,
        "author": {
          "gitId": "skyventus"
        },
        "content": "        tasks.get(idx-1).setDone(true);"
      },
      {
        "lineNumber": 37,
        "author": {
          "gitId": "skyventus"
        },
        "content": "        ui.showDoneTask(Parser.getTaskType(tasks.get(idx-1)), tasks.get(idx-1).toString());"
      },
      {
        "lineNumber": 38,
        "author": {
          "gitId": "skyventus"
        },
        "content": "    }"
      },
      {
        "lineNumber": 39,
        "author": {
          "gitId": "skyventus"
        },
        "content": "}"
      }
    ],
    "authorContributionMap": {
      "skyventus": 39
    }
  },
  {
    "path": "src/main/java/utils/Parser.java",
    "fileType": "java",
    "lines": [
      {
        "lineNumber": 1,
        "author": {
          "gitId": "skyventus"
        },
        "content": "package utils;"
      },
      {
        "lineNumber": 2,
        "author": {
          "gitId": "skyventus"
        },
        "content": ""
      },
      {
        "lineNumber": 3,
        "author": {
          "gitId": "skyventus"
        },
        "content": "import Duke.Deadline;"
      },
      {
        "lineNumber": 4,
        "author": {
          "gitId": "skyventus"
        },
        "content": "import Duke.Event;"
      },
      {
        "lineNumber": 5,
        "author": {
          "gitId": "skyventus"
        },
        "content": "import Duke.Task;"
      },
      {
        "lineNumber": 6,
        "author": {
          "gitId": "skyventus"
        },
        "content": ""
      },
      {
        "lineNumber": 7,
        "author": {
          "gitId": "skyventus"
        },
        "content": "public class Parser {"
      },
      {
        "lineNumber": 8,
        "author": {
          "gitId": "skyventus"
        },
        "content": ""
      },
      {
        "lineNumber": 9,
        "author": {
          "gitId": "skyventus"
        },
        "content": "    public static String getCommandWord(String fullCommand){"
      },
      {
        "lineNumber": 10,
        "author": {
          "gitId": "skyventus"
        },
        "content": "        String[] task;"
      },
      {
        "lineNumber": 11,
        "author": {
          "gitId": "skyventus"
        },
        "content": ""
      },
      {
        "lineNumber": 12,
        "author": {
          "gitId": "skyventus"
        },
        "content": "        fullCommand\u003dfullCommand.toLowerCase().trim();"
      },
      {
        "lineNumber": 13,
        "author": {
          "gitId": "skyventus"
        },
        "content": ""
      },
      {
        "lineNumber": 14,
        "author": {
          "gitId": "skyventus"
        },
        "content": "        task \u003d fullCommand.split(\" \");"
      },
      {
        "lineNumber": 15,
        "author": {
          "gitId": "skyventus"
        },
        "content": "        try {"
      },
      {
        "lineNumber": 16,
        "author": {
          "gitId": "skyventus"
        },
        "content": "            if(task[0].equals(\"todo\"))"
      },
      {
        "lineNumber": 17,
        "author": {
          "gitId": "skyventus"
        },
        "content": "                return \"todo\";"
      },
      {
        "lineNumber": 18,
        "author": {
          "gitId": "skyventus"
        },
        "content": "        }catch(ArrayIndexOutOfBoundsException e){"
      },
      {
        "lineNumber": 19,
        "author": {
          "gitId": "skyventus"
        },
        "content": "            Ui.printError(e.getMessage());"
      },
      {
        "lineNumber": 20,
        "author": {
          "gitId": "skyventus"
        },
        "content": "        }"
      },
      {
        "lineNumber": 21,
        "author": {
          "gitId": "skyventus"
        },
        "content": "        return task[0];"
      },
      {
        "lineNumber": 22,
        "author": {
          "gitId": "skyventus"
        },
        "content": "    }"
      },
      {
        "lineNumber": 23,
        "author": {
          "gitId": "skyventus"
        },
        "content": ""
      },
      {
        "lineNumber": 24,
        "author": {
          "gitId": "skyventus"
        },
        "content": "    public static Task createTask(String fullCommand){"
      },
      {
        "lineNumber": 25,
        "author": {
          "gitId": "skyventus"
        },
        "content": "        Task task \u003d new Task(fullCommand.trim());"
      },
      {
        "lineNumber": 26,
        "author": {
          "gitId": "skyventus"
        },
        "content": ""
      },
      {
        "lineNumber": 27,
        "author": {
          "gitId": "skyventus"
        },
        "content": "        return task;"
      },
      {
        "lineNumber": 28,
        "author": {
          "gitId": "skyventus"
        },
        "content": "    }"
      },
      {
        "lineNumber": 29,
        "author": {
          "gitId": "skyventus"
        },
        "content": ""
      },
      {
        "lineNumber": 30,
        "author": {
          "gitId": "skyventus"
        },
        "content": "    public static Event createEvent(String fullCommand, String at){"
      },
      {
        "lineNumber": 31,
        "author": {
          "gitId": "skyventus"
        },
        "content": "        Event event \u003d new Event(fullCommand.trim(),at);"
      },
      {
        "lineNumber": 32,
        "author": {
          "gitId": "skyventus"
        },
        "content": ""
      },
      {
        "lineNumber": 33,
        "author": {
          "gitId": "skyventus"
        },
        "content": "        return event;"
      },
      {
        "lineNumber": 34,
        "author": {
          "gitId": "skyventus"
        },
        "content": "    }"
      },
      {
        "lineNumber": 35,
        "author": {
          "gitId": "skyventus"
        },
        "content": "    public static Deadline createDeadline(String fullCommand, String by){"
      },
      {
        "lineNumber": 36,
        "author": {
          "gitId": "skyventus"
        },
        "content": "        Deadline deadline \u003d new Deadline(fullCommand, by);"
      },
      {
        "lineNumber": 37,
        "author": {
          "gitId": "skyventus"
        },
        "content": ""
      },
      {
        "lineNumber": 38,
        "author": {
          "gitId": "skyventus"
        },
        "content": "        return deadline;"
      },
      {
        "lineNumber": 39,
        "author": {
          "gitId": "skyventus"
        },
        "content": "    }"
      },
      {
        "lineNumber": 40,
        "author": {
          "gitId": "skyventus"
        },
        "content": ""
      },
      {
        "lineNumber": 41,
        "author": {
          "gitId": "skyventus"
        },
        "content": "    public static String getDescriptionOnly(String fullCommand, String commandWord, String additionalInfo){"
      },
      {
        "lineNumber": 42,
        "author": {
          "gitId": "skyventus"
        },
        "content": "        String description\u003dfullCommand.substring(0, fullCommand.indexOf(additionalInfo))"
      },
      {
        "lineNumber": 43,
        "author": {
          "gitId": "skyventus"
        },
        "content": "                    .replace(commandWord, \"\").trim();"
      },
      {
        "lineNumber": 44,
        "author": {
          "gitId": "skyventus"
        },
        "content": ""
      },
      {
        "lineNumber": 45,
        "author": {
          "gitId": "skyventus"
        },
        "content": "        return description;"
      },
      {
        "lineNumber": 46,
        "author": {
          "gitId": "skyventus"
        },
        "content": "    }"
      },
      {
        "lineNumber": 47,
        "author": {
          "gitId": "skyventus"
        },
        "content": ""
      },
      {
        "lineNumber": 48,
        "author": {
          "gitId": "skyventus"
        },
        "content": "    public static String getTodoDescription(String fullCommand, String commandWord){"
      },
      {
        "lineNumber": 49,
        "author": {
          "gitId": "skyventus"
        },
        "content": ""
      },
      {
        "lineNumber": 50,
        "author": {
          "gitId": "skyventus"
        },
        "content": "        String description\u003dfullCommand.replace(commandWord, \"\");"
      },
      {
        "lineNumber": 51,
        "author": {
          "gitId": "skyventus"
        },
        "content": ""
      },
      {
        "lineNumber": 52,
        "author": {
          "gitId": "skyventus"
        },
        "content": "        return description;"
      },
      {
        "lineNumber": 53,
        "author": {
          "gitId": "skyventus"
        },
        "content": "    }"
      },
      {
        "lineNumber": 54,
        "author": {
          "gitId": "skyventus"
        },
        "content": ""
      },
      {
        "lineNumber": 55,
        "author": {
          "gitId": "skyventus"
        },
        "content": "    public static String getDeadline(String fullCommand){"
      },
      {
        "lineNumber": 56,
        "author": {
          "gitId": "skyventus"
        },
        "content": "        String deadline \u003d fullCommand.substring(fullCommand.indexOf(\"/by\"))"
      },
      {
        "lineNumber": 57,
        "author": {
          "gitId": "skyventus"
        },
        "content": "                .replace(\"/by\", \"\").trim();"
      },
      {
        "lineNumber": 58,
        "author": {
          "gitId": "skyventus"
        },
        "content": ""
      },
      {
        "lineNumber": 59,
        "author": {
          "gitId": "skyventus"
        },
        "content": "        return deadline;"
      },
      {
        "lineNumber": 60,
        "author": {
          "gitId": "skyventus"
        },
        "content": "    }"
      },
      {
        "lineNumber": 61,
        "author": {
          "gitId": "skyventus"
        },
        "content": ""
      },
      {
        "lineNumber": 62,
        "author": {
          "gitId": "skyventus"
        },
        "content": "    public static String getEventTiming(String fullCommand){"
      },
      {
        "lineNumber": 63,
        "author": {
          "gitId": "skyventus"
        },
        "content": "        String eventTiming \u003d fullCommand.substring(fullCommand.indexOf(\"/at\"))"
      },
      {
        "lineNumber": 64,
        "author": {
          "gitId": "skyventus"
        },
        "content": "                .replace(\"/at\", \"\").trim();"
      },
      {
        "lineNumber": 65,
        "author": {
          "gitId": "skyventus"
        },
        "content": ""
      },
      {
        "lineNumber": 66,
        "author": {
          "gitId": "skyventus"
        },
        "content": "        return eventTiming;"
      },
      {
        "lineNumber": 67,
        "author": {
          "gitId": "skyventus"
        },
        "content": "    }"
      },
      {
        "lineNumber": 68,
        "author": {
          "gitId": "skyventus"
        },
        "content": ""
      },
      {
        "lineNumber": 69,
        "author": {
          "gitId": "skyventus"
        },
        "content": "    public static int getTaskIndex(String fullCommand){"
      },
      {
        "lineNumber": 70,
        "author": {
          "gitId": "skyventus"
        },
        "content": "        int idx \u003d Integer.parseInt(fullCommand.replace(\"done\", \"\")"
      },
      {
        "lineNumber": 71,
        "author": {
          "gitId": "skyventus"
        },
        "content": "                .trim());"
      },
      {
        "lineNumber": 72,
        "author": {
          "gitId": "skyventus"
        },
        "content": ""
      },
      {
        "lineNumber": 73,
        "author": {
          "gitId": "skyventus"
        },
        "content": "        return idx;"
      },
      {
        "lineNumber": 74,
        "author": {
          "gitId": "skyventus"
        },
        "content": "    }"
      },
      {
        "lineNumber": 75,
        "author": {
          "gitId": "skyventus"
        },
        "content": "    public static String getTaskType(Task task){"
      },
      {
        "lineNumber": 76,
        "author": {
          "gitId": "skyventus"
        },
        "content": "        if(task instanceof Deadline)"
      },
      {
        "lineNumber": 77,
        "author": {
          "gitId": "skyventus"
        },
        "content": "            return \"D\";"
      },
      {
        "lineNumber": 78,
        "author": {
          "gitId": "skyventus"
        },
        "content": "        else if (task instanceof Event)"
      },
      {
        "lineNumber": 79,
        "author": {
          "gitId": "skyventus"
        },
        "content": "            return \"E\";"
      },
      {
        "lineNumber": 80,
        "author": {
          "gitId": "skyventus"
        },
        "content": "        else"
      },
      {
        "lineNumber": 81,
        "author": {
          "gitId": "skyventus"
        },
        "content": "            return \"T\";"
      },
      {
        "lineNumber": 82,
        "author": {
          "gitId": "skyventus"
        },
        "content": "    }"
      },
      {
        "lineNumber": 83,
        "author": {
          "gitId": "skyventus"
        },
        "content": ""
      },
      {
        "lineNumber": 84,
        "author": {
          "gitId": "skyventus"
        },
        "content": "}"
      }
    ],
    "authorContributionMap": {
      "skyventus": 84
    }
  },
  {
    "path": "src/main/java/utils/Ui.java",
    "fileType": "java",
    "lines": [
      {
        "lineNumber": 1,
        "author": {
          "gitId": "skyventus"
        },
        "content": "package utils;"
      },
      {
        "lineNumber": 2,
        "author": {
          "gitId": "skyventus"
        },
        "content": ""
      },
      {
        "lineNumber": 3,
        "author": {
          "gitId": "skyventus"
        },
        "content": "import Duke.Task;"
      },
      {
        "lineNumber": 4,
        "author": {
          "gitId": "skyventus"
        },
        "content": ""
      },
      {
        "lineNumber": 5,
        "author": {
          "gitId": "skyventus"
        },
        "content": "import java.util.Scanner;"
      },
      {
        "lineNumber": 6,
        "author": {
          "gitId": "skyventus"
        },
        "content": ""
      },
      {
        "lineNumber": 7,
        "author": {
          "gitId": "skyventus"
        },
        "content": ""
      },
      {
        "lineNumber": 8,
        "author": {
          "gitId": "skyventus"
        },
        "content": "public class Ui {"
      },
      {
        "lineNumber": 9,
        "author": {
          "gitId": "skyventus"
        },
        "content": ""
      },
      {
        "lineNumber": 10,
        "author": {
          "gitId": "skyventus"
        },
        "content": "    private Scanner in;"
      },
      {
        "lineNumber": 11,
        "author": {
          "gitId": "skyventus"
        },
        "content": "    static String indent \u003d \"    \";"
      },
      {
        "lineNumber": 12,
        "author": {
          "gitId": "skyventus"
        },
        "content": "    public Ui() {"
      },
      {
        "lineNumber": 13,
        "author": {
          "gitId": "skyventus"
        },
        "content": "        in \u003d new Scanner(System.in);"
      },
      {
        "lineNumber": 14,
        "author": {
          "gitId": "skyventus"
        },
        "content": "    }"
      },
      {
        "lineNumber": 15,
        "author": {
          "gitId": "skyventus"
        },
        "content": "    String checkedMark \u003d \"\\u2713\";"
      },
      {
        "lineNumber": 16,
        "author": {
          "gitId": "skyventus"
        },
        "content": "    String cross \u003d \"\\u2718\";"
      },
      {
        "lineNumber": 17,
        "author": {
          "gitId": "skyventus"
        },
        "content": ""
      },
      {
        "lineNumber": 18,
        "author": {
          "gitId": "skyventus"
        },
        "content": ""
      },
      {
        "lineNumber": 19,
        "author": {
          "gitId": "skyventus"
        },
        "content": "    public static void printWelcome(){"
      },
      {
        "lineNumber": 20,
        "author": {
          "gitId": "skyventus"
        },
        "content": "        System.out.println(indent+\"Hello! I\u0027m Duke.Duke\");"
      },
      {
        "lineNumber": 21,
        "author": {
          "gitId": "skyventus"
        },
        "content": "        System.out.println(indent+\"What can I do for you?\");"
      },
      {
        "lineNumber": 22,
        "author": {
          "gitId": "skyventus"
        },
        "content": "    }"
      },
      {
        "lineNumber": 23,
        "author": {
          "gitId": "skyventus"
        },
        "content": ""
      },
      {
        "lineNumber": 24,
        "author": {
          "gitId": "skyventus"
        },
        "content": "    public static void printError(String message) {"
      },
      {
        "lineNumber": 25,
        "author": {
          "gitId": "skyventus"
        },
        "content": "        System.out.println(message);"
      },
      {
        "lineNumber": 26,
        "author": {
          "gitId": "skyventus"
        },
        "content": "    }"
      },
      {
        "lineNumber": 27,
        "author": {
          "gitId": "skyventus"
        },
        "content": ""
      },
      {
        "lineNumber": 28,
        "author": {
          "gitId": "skyventus"
        },
        "content": "    public static void printDone() {"
      },
      {
        "lineNumber": 29,
        "author": {
          "gitId": "skyventus"
        },
        "content": "        System.out.println(indent + \" Nice! I\u0027ve marked this task as done: \");"
      },
      {
        "lineNumber": 30,
        "author": {
          "gitId": "skyventus"
        },
        "content": "    }"
      },
      {
        "lineNumber": 31,
        "author": {
          "gitId": "skyventus"
        },
        "content": ""
      },
      {
        "lineNumber": 32,
        "author": {
          "gitId": "skyventus"
        },
        "content": "    public static void showToUser(String s) {"
      },
      {
        "lineNumber": 33,
        "author": {
          "gitId": "skyventus"
        },
        "content": "        System.out.println(s);"
      },
      {
        "lineNumber": 34,
        "author": {
          "gitId": "skyventus"
        },
        "content": "    }"
      },
      {
        "lineNumber": 35,
        "author": {
          "gitId": "skyventus"
        },
        "content": ""
      },
      {
        "lineNumber": 36,
        "author": {
          "gitId": "skyventus"
        },
        "content": "    public static void printGotIt(){"
      },
      {
        "lineNumber": 37,
        "author": {
          "gitId": "skyventus"
        },
        "content": "        System.out.println(indent + \"Got it. I\u0027ve added this task:\");"
      },
      {
        "lineNumber": 38,
        "author": {
          "gitId": "skyventus"
        },
        "content": "    }"
      },
      {
        "lineNumber": 39,
        "author": {
          "gitId": "skyventus"
        },
        "content": ""
      },
      {
        "lineNumber": 40,
        "author": {
          "gitId": "skyventus"
        },
        "content": "    public String readUserCommand() {"
      },
      {
        "lineNumber": 41,
        "author": {
          "gitId": "skyventus"
        },
        "content": "        System.out.print(\"Your task? \\n\");"
      },
      {
        "lineNumber": 42,
        "author": {
          "gitId": "skyventus"
        },
        "content": "        return in.nextLine().trim();"
      },
      {
        "lineNumber": 43,
        "author": {
          "gitId": "skyventus"
        },
        "content": "    }"
      },
      {
        "lineNumber": 44,
        "author": {
          "gitId": "skyventus"
        },
        "content": ""
      },
      {
        "lineNumber": 45,
        "author": {
          "gitId": "skyventus"
        },
        "content": "    public void showAddedTask(String classType, String description){"
      },
      {
        "lineNumber": 46,
        "author": {
          "gitId": "skyventus"
        },
        "content": "        System.out.println(indent + \"  [\"+classType+\"][\" + cross  + \"] \" +  description);"
      },
      {
        "lineNumber": 47,
        "author": {
          "gitId": "skyventus"
        },
        "content": "    }"
      },
      {
        "lineNumber": 48,
        "author": {
          "gitId": "skyventus"
        },
        "content": ""
      },
      {
        "lineNumber": 49,
        "author": {
          "gitId": "skyventus"
        },
        "content": "    public void showDoneTask(String classType, String description){"
      },
      {
        "lineNumber": 50,
        "author": {
          "gitId": "skyventus"
        },
        "content": "        System.out.println(indent + \"  [\"+classType+\"][\" + checkedMark  + \"] \" +  description);"
      },
      {
        "lineNumber": 51,
        "author": {
          "gitId": "skyventus"
        },
        "content": "    }"
      },
      {
        "lineNumber": 52,
        "author": {
          "gitId": "skyventus"
        },
        "content": "    public void showTaskWithOrder(String classType, String description, int rank, boolean isDone){"
      },
      {
        "lineNumber": 53,
        "author": {
          "gitId": "skyventus"
        },
        "content": "        System.out.println(indent + rank + \".[\"+classType+\"][\" + (isDone ? checkedMark : cross)  + \"] \" +  description);"
      },
      {
        "lineNumber": 54,
        "author": {
          "gitId": "skyventus"
        },
        "content": "    }"
      },
      {
        "lineNumber": 55,
        "author": {
          "gitId": "skyventus"
        },
        "content": ""
      },
      {
        "lineNumber": 56,
        "author": {
          "gitId": "skyventus"
        },
        "content": "    public void showTotalNumberTaskAdded(int totalNumberOfTask){"
      },
      {
        "lineNumber": 57,
        "author": {
          "gitId": "skyventus"
        },
        "content": "        System.out.println(indent + \"Now you have \" + totalNumberOfTask + \" tasks in the list\");"
      },
      {
        "lineNumber": 58,
        "author": {
          "gitId": "skyventus"
        },
        "content": "    }"
      },
      {
        "lineNumber": 59,
        "author": {
          "gitId": "skyventus"
        },
        "content": ""
      },
      {
        "lineNumber": 60,
        "author": {
          "gitId": "skyventus"
        },
        "content": "    public void showByeMessage() {"
      },
      {
        "lineNumber": 61,
        "author": {
          "gitId": "skyventus"
        },
        "content": "        System.out.println(indent+ \"Bye. Hope to see you again\");"
      },
      {
        "lineNumber": 62,
        "author": {
          "gitId": "skyventus"
        },
        "content": "    }"
      },
      {
        "lineNumber": 63,
        "author": {
          "gitId": "skyventus"
        },
        "content": "}"
      }
    ],
    "authorContributionMap": {
      "skyventus": 63
    }
  },
  {
    "path": "text-ui-test/input.txt",
    "fileType": "txt",
    "lines": [
      {
        "lineNumber": 1,
        "author": {
          "gitId": "skyventus"
        },
        "content": "todo add book"
      },
      {
        "lineNumber": 2,
        "author": {
          "gitId": "skyventus"
        },
        "content": "deadline return book /by tuesday"
      },
      {
        "lineNumber": 3,
        "author": {
          "gitId": "skyventus"
        },
        "content": "event project meeting /at 2pm-5pm"
      },
      {
        "lineNumber": 4,
        "author": {
          "gitId": "skyventus"
        },
        "content": "todo clear task"
      },
      {
        "lineNumber": 5,
        "author": {
          "gitId": "skyventus"
        },
        "content": "list"
      },
      {
        "lineNumber": 6,
        "author": {
          "gitId": "skyventus"
        },
        "content": "bye"
      }
    ],
    "authorContributionMap": {
      "skyventus": 6
    }
  },
  {
    "path": "text-ui-test/runtest.bat",
    "fileType": "bat",
    "lines": [
      {
        "lineNumber": 1,
        "author": {
          "gitId": "-"
        },
        "content": "@ECHO OFF"
      },
      {
        "lineNumber": 2,
        "author": {
          "gitId": "-"
        },
        "content": ""
      },
      {
        "lineNumber": 3,
        "author": {
          "gitId": "-"
        },
        "content": "REM create bin directory if it doesn\u0027t exist"
      },
      {
        "lineNumber": 4,
        "author": {
          "gitId": "-"
        },
        "content": "if not exist ..\\bin mkdir ..\\bin"
      },
      {
        "lineNumber": 5,
        "author": {
          "gitId": "-"
        },
        "content": ""
      },
      {
        "lineNumber": 6,
        "author": {
          "gitId": "-"
        },
        "content": "REM delete output from previous run"
      },
      {
        "lineNumber": 7,
        "author": {
          "gitId": "-"
        },
        "content": "del ACTUAL.TXT"
      },
      {
        "lineNumber": 8,
        "author": {
          "gitId": "-"
        },
        "content": ""
      },
      {
        "lineNumber": 9,
        "author": {
          "gitId": "skyventus"
        },
        "content": "REM compile the code into the bin folder (Olivier)"
      },
      {
        "lineNumber": 10,
        "author": {
          "gitId": "skyventus"
        },
        "content": "javac  -cp ..\\src\\main\\* -Xlint:none -d ..\\bin ..\\src\\main\\java\\Duke\\Duke.java"
      },
      {
        "lineNumber": 11,
        "author": {
          "gitId": "-"
        },
        "content": "IF ERRORLEVEL 1 ("
      },
      {
        "lineNumber": 12,
        "author": {
          "gitId": "-"
        },
        "content": "    echo ********** BUILD FAILURE **********"
      },
      {
        "lineNumber": 13,
        "author": {
          "gitId": "skyventus"
        },
        "content": "\tPAUSE"
      },
      {
        "lineNumber": 14,
        "author": {
          "gitId": "-"
        },
        "content": "    exit /b 1"
      },
      {
        "lineNumber": 15,
        "author": {
          "gitId": "-"
        },
        "content": ")"
      },
      {
        "lineNumber": 16,
        "author": {
          "gitId": "-"
        },
        "content": "REM no error here, errorlevel \u003d\u003d 0"
      },
      {
        "lineNumber": 17,
        "author": {
          "gitId": "-"
        },
        "content": ""
      },
      {
        "lineNumber": 18,
        "author": {
          "gitId": "-"
        },
        "content": "REM run the program, feed commands from input.txt file and redirect the output to the ACTUAL.TXT"
      },
      {
        "lineNumber": 19,
        "author": {
          "gitId": "skyventus"
        },
        "content": "java -classpath ..\\bin Duke.Duke \u003c input.txt \u003e ACTUAL.TXT"
      },
      {
        "lineNumber": 20,
        "author": {
          "gitId": "-"
        },
        "content": ""
      },
      {
        "lineNumber": 21,
        "author": {
          "gitId": "-"
        },
        "content": "REM compare the output to the expected output"
      },
      {
        "lineNumber": 22,
        "author": {
          "gitId": "skyventus"
        },
        "content": "    echo ********** TESTING **********"
      },
      {
        "lineNumber": 23,
        "author": {
          "gitId": "-"
        },
        "content": "FC ACTUAL.TXT EXPECTED.TXT"
      },
      {
        "lineNumber": 24,
        "author": {
          "gitId": "skyventus"
        },
        "content": ""
      },
      {
        "lineNumber": 25,
        "author": {
          "gitId": "skyventus"
        },
        "content": "PAUSE"
      }
    ],
    "authorContributionMap": {
      "skyventus": 7,
      "-": 18
    }
  },
  {
    "path": "text-ui-test/runtest.sh",
    "fileType": "sh",
    "lines": [
      {
        "lineNumber": 1,
        "author": {
          "gitId": "-"
        },
        "content": "#!/usr/bin/env bash"
      },
      {
        "lineNumber": 2,
        "author": {
          "gitId": "-"
        },
        "content": ""
      },
      {
        "lineNumber": 3,
        "author": {
          "gitId": "-"
        },
        "content": "# create bin directory if it doesn\u0027t exist"
      },
      {
        "lineNumber": 4,
        "author": {
          "gitId": "-"
        },
        "content": "if [ ! -d \"../bin\" ]"
      },
      {
        "lineNumber": 5,
        "author": {
          "gitId": "-"
        },
        "content": "then"
      },
      {
        "lineNumber": 6,
        "author": {
          "gitId": "-"
        },
        "content": "    mkdir ../bin"
      },
      {
        "lineNumber": 7,
        "author": {
          "gitId": "-"
        },
        "content": "fi"
      },
      {
        "lineNumber": 8,
        "author": {
          "gitId": "-"
        },
        "content": ""
      },
      {
        "lineNumber": 9,
        "author": {
          "gitId": "-"
        },
        "content": "# delete output from previous run"
      },
      {
        "lineNumber": 10,
        "author": {
          "gitId": "skyventus"
        },
        "content": "if [ -e \"./ACTUAL-UNIX.TXT\" ]"
      },
      {
        "lineNumber": 11,
        "author": {
          "gitId": "-"
        },
        "content": "then"
      },
      {
        "lineNumber": 12,
        "author": {
          "gitId": "skyventus"
        },
        "content": "    rm ACTUAL-UNIX.TXT"
      },
      {
        "lineNumber": 13,
        "author": {
          "gitId": "-"
        },
        "content": "fi"
      },
      {
        "lineNumber": 14,
        "author": {
          "gitId": "-"
        },
        "content": ""
      },
      {
        "lineNumber": 15,
        "author": {
          "gitId": "skyventus"
        },
        "content": "# compile the code into the bin folder, terminates if error occurred (olivier)"
      },
      {
        "lineNumber": 16,
        "author": {
          "gitId": "skyventus"
        },
        "content": "if ! javac -cp ../src/main/* -Xlint:none -d ../bin ../src/main/java/Duke/Duke.java"
      },
      {
        "lineNumber": 17,
        "author": {
          "gitId": "-"
        },
        "content": "then"
      },
      {
        "lineNumber": 18,
        "author": {
          "gitId": "-"
        },
        "content": "    echo \"********** BUILD FAILURE **********\""
      },
      {
        "lineNumber": 19,
        "author": {
          "gitId": "-"
        },
        "content": "    exit 1"
      },
      {
        "lineNumber": 20,
        "author": {
          "gitId": "-"
        },
        "content": "fi"
      },
      {
        "lineNumber": 21,
        "author": {
          "gitId": "-"
        },
        "content": ""
      },
      {
        "lineNumber": 22,
        "author": {
          "gitId": "-"
        },
        "content": "# run the program, feed commands from input.txt file and redirect the output to the ACTUAL.TXT"
      },
      {
        "lineNumber": 23,
        "author": {
          "gitId": "skyventus"
        },
        "content": "java -classpath ../bin Duke.Duke \u003c input.txt \u003e ACTUAL-UNIX.TXT"
      },
      {
        "lineNumber": 24,
        "author": {
          "gitId": "-"
        },
        "content": ""
      },
      {
        "lineNumber": 25,
        "author": {
          "gitId": "-"
        },
        "content": "# convert to UNIX format"
      },
      {
        "lineNumber": 26,
        "author": {
          "gitId": "-"
        },
        "content": "cp EXPECTED.TXT EXPECTED-UNIX.TXT"
      },
      {
        "lineNumber": 27,
        "author": {
          "gitId": "skyventus"
        },
        "content": "dos2unix ACTUAL-UNIX.TXT"
      },
      {
        "lineNumber": 28,
        "author": {
          "gitId": "skyventus"
        },
        "content": "dos2unix EXPECTED-UNIX.TXT"
      },
      {
        "lineNumber": 29,
        "author": {
          "gitId": "-"
        },
        "content": ""
      },
      {
        "lineNumber": 30,
        "author": {
          "gitId": "-"
        },
        "content": "# compare the output to the expected output"
      },
      {
        "lineNumber": 31,
        "author": {
          "gitId": "skyventus"
        },
        "content": "diff ACTUAL-UNIX.TXT EXPECTED-UNIX.TXT"
      },
      {
        "lineNumber": 32,
        "author": {
          "gitId": "-"
        },
        "content": "if [ $? -eq 0 ]"
      },
      {
        "lineNumber": 33,
        "author": {
          "gitId": "-"
        },
        "content": "then"
      },
      {
        "lineNumber": 34,
        "author": {
          "gitId": "-"
        },
        "content": "    echo \"Test result: PASSED\""
      },
      {
        "lineNumber": 35,
        "author": {
          "gitId": "-"
        },
        "content": "    exit 0"
      },
      {
        "lineNumber": 36,
        "author": {
          "gitId": "-"
        },
        "content": "else"
      },
      {
        "lineNumber": 37,
        "author": {
          "gitId": "-"
        },
        "content": "    echo \"Test result: FAILED\""
      },
      {
        "lineNumber": 38,
        "author": {
          "gitId": "-"
        },
        "content": "    exit 1"
      },
      {
        "lineNumber": 39,
        "author": {
          "gitId": "-"
        },
        "content": "fi"
      }
    ],
    "authorContributionMap": {
      "skyventus": 8,
      "-": 31
    }
  }
]
