{
  "authorDailyContributionsMap": {
    "skyventus": [
      {
        "insertions": 220,
        "deletions": 64,
        "date": "2020-08-21",
        "commitResults": [
          {
            "hash": "368285721df92579ecd4208a027c812979e78763",
            "messageTitle": "level 0 commit",
            "messageBody": "",
            "tags": [
              "Level-0"
            ],
            "insertions": 29,
            "deletions": 6
          },
          {
            "hash": "b6d49e6eb68cbe70a2b246f9b8ace92bfb762566",
            "messageTitle": "level 1 commit",
            "messageBody": "",
            "tags": [
              "Level-1"
            ],
            "insertions": 21,
            "deletions": 13
          },
          {
            "hash": "0c89ddb764972c7d063bd776c78b6f8a0f6acb45",
            "messageTitle": "level 2 commit",
            "messageBody": "",
            "tags": [
              "Level-2"
            ],
            "insertions": 12,
            "deletions": 3
          },
          {
            "hash": "7b17c2bfeb7461daa43f3c5b37c70f98d4110aa5",
            "messageTitle": "Create classes to support the requirement.",
            "messageBody": "",
            "tags": [
              "Level-3"
            ],
            "insertions": 158,
            "deletions": 42
          }
        ]
      },
      {
        "insertions": 254,
        "deletions": 152,
        "date": "2020-08-25",
        "commitResults": [
          {
            "hash": "6a20d47d4cbb87197149dd27a0db9b9f754cb040",
            "messageTitle": "Seperate the classes into packages and create ultis class to help with the requirement.",
            "messageBody": "Level04 requirement.\n",
            "tags": [
              "Level-4"
            ],
            "insertions": 254,
            "deletions": 152
          }
        ]
      }
    ]
  },
  "authorFinalContributionMap": {
    "skyventus": 270
  },
  "authorFileTypeContributionMap": {
    "skyventus": {
      "md": 2,
      "java": 268
    }
  },
  "authorContributionVariance": {
    "skyventus": 7654.067
  },
  "authorDisplayNameMap": {
    "skyventus": "OLIV..N DA"
  }
}
