{
  "authorDailyContributionsMap": {
    "skyventus": [
      {
        "date": "2020-08-21",
        "commitResults": [
          {
            "hash": "368285721df92579ecd4208a027c812979e78763",
            "messageTitle": "level 0 commit",
            "messageBody": "",
            "tags": [
              "Level-0"
            ],
            "fileTypesAndContributionMap": {
              "java": {
                "insertions": 29,
                "deletions": 6
              }
            }
          },
          {
            "hash": "b6d49e6eb68cbe70a2b246f9b8ace92bfb762566",
            "messageTitle": "level 1 commit",
            "messageBody": "",
            "tags": [
              "Level-1"
            ],
            "fileTypesAndContributionMap": {
              "java": {
                "insertions": 21,
                "deletions": 13
              }
            }
          },
          {
            "hash": "0c89ddb764972c7d063bd776c78b6f8a0f6acb45",
            "messageTitle": "level 2 commit",
            "messageBody": "",
            "tags": [
              "Level-2"
            ],
            "fileTypesAndContributionMap": {
              "java": {
                "insertions": 12,
                "deletions": 3
              }
            }
          },
          {
            "hash": "7b17c2bfeb7461daa43f3c5b37c70f98d4110aa5",
            "messageTitle": "Create classes to support the requirement.",
            "messageBody": "",
            "tags": [
              "Level-3"
            ],
            "fileTypesAndContributionMap": {
              "java": {
                "insertions": 158,
                "deletions": 42
              }
            }
          }
        ]
      },
      {
        "date": "2020-08-25",
        "commitResults": [
          {
            "hash": "6a20d47d4cbb87197149dd27a0db9b9f754cb040",
            "messageTitle": "Seperate the classes into packages and create ultis class to help with the requirement.",
            "messageBody": "Level04 requirement.\n",
            "tags": [
              "Level-4"
            ],
            "fileTypesAndContributionMap": {
              "java": {
                "insertions": 252,
                "deletions": 150
              },
              "md": {
                "insertions": 2,
                "deletions": 2
              }
            }
          },
          {
            "hash": "6e9687ae9280aeeae7b892716c70225e966200bf",
            "messageTitle": "Seperate the classes into packages and create ultis class to help with the requirement.",
            "messageBody": "Level04 requirement.\n",
            "fileTypesAndContributionMap": {
              "txt": {
                "insertions": 6,
                "deletions": 0
              },
              "bat": {
                "insertions": 6,
                "deletions": 2
              },
              "sh": {
                "insertions": 7,
                "deletions": 6
              }
            }
          },
          {
            "hash": "04f7f9c80c41d6599856c77472d73fb7a17a7f55",
            "messageTitle": "Seperate the classes into packages and create ultis class to help with the requirement.",
            "messageBody": "Level04 requirement.\n",
            "tags": [
              "A-TextUiTesting"
            ],
            "fileTypesAndContributionMap": {
              "java": {
                "insertions": 1,
                "deletions": 1
              }
            }
          },
          {
            "hash": "69600e0641bce5f8be0d5c319fe4897e86ad4bca",
            "messageTitle": "Seperate the classes into packages and create ultis class to help with the requirement.",
            "messageBody": "Level04 requirement.\n",
            "tags": [
              "A-CodingStandard"
            ],
            "fileTypesAndContributionMap": {
              "java": {
                "insertions": 59,
                "deletions": 28
              }
            }
          }
        ]
      },
      {
        "date": "2020-08-28",
        "commitResults": [
          {
            "hash": "6b95ab7e3421a2d9c8d516b83752bd2fc76a8a00",
            "messageTitle": "Push the latest bat and run test up",
            "messageBody": "",
            "fileTypesAndContributionMap": {
              "txt": {
                "insertions": 1,
                "deletions": 1
              },
              "bat": {
                "insertions": 1,
                "deletions": 1
              },
              "sh": {
                "insertions": 1,
                "deletions": 1
              }
            }
          }
        ]
      },
      {
        "date": "2020-09-02",
        "commitResults": [
          {
            "hash": "1e74bac3639cabd095cb1cb419551570648c19c1",
            "messageTitle": "Added DukeException class to catch exception and refactor code to throw proper Duke Exception.",
            "messageBody": "",
            "fileTypesAndContributionMap": {
              "java": {
                "insertions": 51,
                "deletions": 119
              }
            }
          },
          {
            "hash": "02a2c5984ce40624caae5a7a18f2fe9a234b4232",
            "messageTitle": "Added Parser to the commit of this branch",
            "messageBody": "",
            "tags": [
              "Level-5"
            ],
            "fileTypesAndContributionMap": {
              "java": {
                "insertions": 104,
                "deletions": 0
              }
            }
          },
          {
            "hash": "afb5b44e1acc08c7b16732d79c5c26f75cbba47c",
            "messageTitle": "Deleting unwanted spaces and closing tag. Renaming variable for better readability",
            "messageBody": "",
            "fileTypesAndContributionMap": {
              "java": {
                "insertions": 35,
                "deletions": 28
              }
            }
          },
          {
            "hash": "433c7d185fd946380b16a5692dc41f6391b94f76",
            "messageTitle": "make task into abstract classes",
            "messageBody": "",
            "fileTypesAndContributionMap": {
              "java": {
                "insertions": 4,
                "deletions": 1
              }
            }
          },
          {
            "hash": "9a1fc7fa1ce53a1ac966970e314778e4ea79e361",
            "messageTitle": "Added todo to be extend on Task. Deadline/Event will extends Todo instead.",
            "messageBody": "",
            "fileTypesAndContributionMap": {
              "java": {
                "insertions": 34,
                "deletions": 24
              },
              "bat": {
                "insertions": 2,
                "deletions": 2
              },
              "sh": {
                "insertions": 2,
                "deletions": 2
              },
              "md": {
                "insertions": 2,
                "deletions": 2
              }
            }
          },
          {
            "hash": "543242af687200569e15a4d137af4eac6162024d",
            "messageTitle": "Abstract Task",
            "messageBody": "",
            "fileTypesAndContributionMap": {
              "java": {
                "insertions": 0,
                "deletions": 3
              }
            }
          },
          {
            "hash": "ba9a6e02c472cb54b94c157e47fb4e5676c3844b",
            "messageTitle": "Change the createTask function to createTodo",
            "messageBody": "",
            "fileTypesAndContributionMap": {
              "java": {
                "insertions": 7,
                "deletions": 3
              }
            }
          }
        ]
      },
      {
        "date": "2020-09-04",
        "commitResults": [
          {
            "hash": "1e0f08e5bbc8969177e9df6accf7f05c30e7ac43",
            "messageTitle": "Change the createTask function to createTodo",
            "messageBody": "",
            "fileTypesAndContributionMap": {
              "java": {
                "insertions": 1,
                "deletions": 1
              },
              "sh": {
                "insertions": 1,
                "deletions": 1
              }
            }
          }
        ]
      },
      {
        "date": "2020-09-07",
        "commitResults": [
          {
            "hash": "dcd2c3ab17e86a42ab9b162b60a2f00819913f55",
            "messageTitle": "Changing Package commit",
            "messageBody": "",
            "fileTypesAndContributionMap": {
              "java": {
                "insertions": 2,
                "deletions": 1
              }
            }
          }
        ]
      }
    ]
  },
  "authorFileTypeContributionMap": {
    "skyventus": {
      "java": 357,
      "md": 2,
      "fxml": 0,
      "sh": 8,
      "bat": 7,
      "gradle": 0,
      "txt": 6
    }
  },
  "authorContributionVariance": {
    "skyventus": 18876.984
  },
  "authorDisplayNameMap": {
    "skyventus": "OLIV..N DA"
  }
}
