[
  {
    "path": "src/main/java/Duke.java",
    "fileType": "java",
    "lines": [
      {
        "lineNumber": 1,
        "author": {
          "gitId": "-"
        },
        "content": "public class Duke {"
      },
      {
        "lineNumber": 2,
        "author": {
          "gitId": "-"
        },
        "content": "    public static void main(String[] args) {"
      },
      {
        "lineNumber": 3,
        "author": {
          "gitId": "dgc5213"
        },
        "content": ""
      },
      {
        "lineNumber": 4,
        "author": {
          "gitId": "dgc5213"
        },
        "content": "        Ui ui \u003d new Ui();"
      },
      {
        "lineNumber": 5,
        "author": {
          "gitId": "dgc5213"
        },
        "content": "        ProgramExit programExit \u003d new ProgramExit();"
      },
      {
        "lineNumber": 6,
        "author": {
          "gitId": "dgc5213"
        },
        "content": "        Parser parser \u003d new Parser();"
      },
      {
        "lineNumber": 7,
        "author": {
          "gitId": "dgc5213"
        },
        "content": "        TodoList todoList \u003d new TodoList();"
      },
      {
        "lineNumber": 8,
        "author": {
          "gitId": "dgc5213"
        },
        "content": ""
      },
      {
        "lineNumber": 9,
        "author": {
          "gitId": "dgc5213"
        },
        "content": "        Ui.sayWelcome();"
      },
      {
        "lineNumber": 10,
        "author": {
          "gitId": "dgc5213"
        },
        "content": "        while (!programExit.getIsExit()) {"
      },
      {
        "lineNumber": 11,
        "author": {
          "gitId": "dgc5213"
        },
        "content": "            parser.getCommand(Ui.readUserCommand(), ui, programExit, todoList);"
      },
      {
        "lineNumber": 12,
        "author": {
          "gitId": "dgc5213"
        },
        "content": "        }"
      },
      {
        "lineNumber": 13,
        "author": {
          "gitId": "dgc5213"
        },
        "content": ""
      },
      {
        "lineNumber": 14,
        "author": {
          "gitId": "dgc5213"
        },
        "content": ""
      },
      {
        "lineNumber": 15,
        "author": {
          "gitId": "-"
        },
        "content": "    }"
      },
      {
        "lineNumber": 16,
        "author": {
          "gitId": "-"
        },
        "content": "}"
      },
      {
        "lineNumber": 17,
        "author": {
          "gitId": "dgc5213"
        },
        "content": ""
      },
      {
        "lineNumber": 18,
        "author": {
          "gitId": "dgc5213"
        },
        "content": ""
      },
      {
        "lineNumber": 19,
        "author": {
          "gitId": "dgc5213"
        },
        "content": ""
      },
      {
        "lineNumber": 20,
        "author": {
          "gitId": "dgc5213"
        },
        "content": ""
      },
      {
        "lineNumber": 21,
        "author": {
          "gitId": "dgc5213"
        },
        "content": ""
      }
    ],
    "authorContributionMap": {
      "dgc5213": 17,
      "-": 4
    }
  },
  {
    "path": "src/main/java/DukeException.java",
    "fileType": "java",
    "lines": [
      {
        "lineNumber": 1,
        "author": {
          "gitId": "dgc5213"
        },
        "content": "public class DukeException extends Exception{"
      },
      {
        "lineNumber": 2,
        "author": {
          "gitId": "dgc5213"
        },
        "content": "    public DukeException(String message) {"
      },
      {
        "lineNumber": 3,
        "author": {
          "gitId": "dgc5213"
        },
        "content": "        super(message);"
      },
      {
        "lineNumber": 4,
        "author": {
          "gitId": "dgc5213"
        },
        "content": "    }"
      },
      {
        "lineNumber": 5,
        "author": {
          "gitId": "dgc5213"
        },
        "content": "}"
      }
    ],
    "authorContributionMap": {
      "dgc5213": 5
    }
  },
  {
    "path": "src/main/java/Parser.java",
    "fileType": "java",
    "lines": [
      {
        "lineNumber": 1,
        "author": {
          "gitId": "dgc5213"
        },
        "content": "public class Parser {"
      },
      {
        "lineNumber": 2,
        "author": {
          "gitId": "dgc5213"
        },
        "content": "    /**"
      },
      {
        "lineNumber": 3,
        "author": {
          "gitId": "dgc5213"
        },
        "content": "     * A method to parser a String."
      },
      {
        "lineNumber": 4,
        "author": {
          "gitId": "dgc5213"
        },
        "content": "     * Assume that the Task Details start from the second words. This method can filter out the first words."
      },
      {
        "lineNumber": 5,
        "author": {
          "gitId": "dgc5213"
        },
        "content": "     *"
      },
      {
        "lineNumber": 6,
        "author": {
          "gitId": "dgc5213"
        },
        "content": "     * @param line A String that holds the user input."
      },
      {
        "lineNumber": 7,
        "author": {
          "gitId": "dgc5213"
        },
        "content": "     * @throws DukeException If Task Detail is Empty/Null: Returning to Main MenuShow the message to user and notify the user."
      },
      {
        "lineNumber": 8,
        "author": {
          "gitId": "dgc5213"
        },
        "content": "     */"
      },
      {
        "lineNumber": 9,
        "author": {
          "gitId": "dgc5213"
        },
        "content": "    public static String filterTaskDetails(String line) throws DukeException {"
      },
      {
        "lineNumber": 10,
        "author": {
          "gitId": "dgc5213"
        },
        "content": "        String task_detail;"
      },
      {
        "lineNumber": 11,
        "author": {
          "gitId": "dgc5213"
        },
        "content": "        int len \u003d line.split(\" \").length; // to check who many words"
      },
      {
        "lineNumber": 12,
        "author": {
          "gitId": "dgc5213"
        },
        "content": "        String[] line_arr \u003d line.split(\" \", 2);"
      },
      {
        "lineNumber": 13,
        "author": {
          "gitId": "dgc5213"
        },
        "content": "        String commandFirstWord \u003d line.split(\" \")[0].toLowerCase();"
      },
      {
        "lineNumber": 14,
        "author": {
          "gitId": "dgc5213"
        },
        "content": ""
      },
      {
        "lineNumber": 15,
        "author": {
          "gitId": "dgc5213"
        },
        "content": "        if (len \u003e 1) {"
      },
      {
        "lineNumber": 16,
        "author": {
          "gitId": "dgc5213"
        },
        "content": "            task_detail \u003d line_arr[1];  // filter out the first words"
      },
      {
        "lineNumber": 17,
        "author": {
          "gitId": "dgc5213"
        },
        "content": "        } else {"
      },
      {
        "lineNumber": 18,
        "author": {
          "gitId": "dgc5213"
        },
        "content": "            throw new DukeException(\"\\u2639 OOPS!!! The description of a \" + commandFirstWord + \" cannot be empty.\");"
      },
      {
        "lineNumber": 19,
        "author": {
          "gitId": "dgc5213"
        },
        "content": "        }"
      },
      {
        "lineNumber": 20,
        "author": {
          "gitId": "dgc5213"
        },
        "content": "        return task_detail;"
      },
      {
        "lineNumber": 21,
        "author": {
          "gitId": "dgc5213"
        },
        "content": "    }"
      },
      {
        "lineNumber": 22,
        "author": {
          "gitId": "dgc5213"
        },
        "content": ""
      },
      {
        "lineNumber": 23,
        "author": {
          "gitId": "dgc5213"
        },
        "content": "    /**"
      },
      {
        "lineNumber": 24,
        "author": {
          "gitId": "dgc5213"
        },
        "content": "     * A method to parser a String and get the second word from the string."
      },
      {
        "lineNumber": 25,
        "author": {
          "gitId": "dgc5213"
        },
        "content": "     *"
      },
      {
        "lineNumber": 26,
        "author": {
          "gitId": "dgc5213"
        },
        "content": "     * @param input A String that holds the user input."
      },
      {
        "lineNumber": 27,
        "author": {
          "gitId": "dgc5213"
        },
        "content": "     */"
      },
      {
        "lineNumber": 28,
        "author": {
          "gitId": "dgc5213"
        },
        "content": ""
      },
      {
        "lineNumber": 29,
        "author": {
          "gitId": "dgc5213"
        },
        "content": ""
      },
      {
        "lineNumber": 30,
        "author": {
          "gitId": "dgc5213"
        },
        "content": "    public String getSecondWord(String input) {"
      },
      {
        "lineNumber": 31,
        "author": {
          "gitId": "dgc5213"
        },
        "content": "        String commandSecondWord \u003d input.split(\" \")[1];"
      },
      {
        "lineNumber": 32,
        "author": {
          "gitId": "dgc5213"
        },
        "content": "        return commandSecondWord;"
      },
      {
        "lineNumber": 33,
        "author": {
          "gitId": "dgc5213"
        },
        "content": "    }"
      },
      {
        "lineNumber": 34,
        "author": {
          "gitId": "dgc5213"
        },
        "content": ""
      },
      {
        "lineNumber": 35,
        "author": {
          "gitId": "dgc5213"
        },
        "content": ""
      },
      {
        "lineNumber": 36,
        "author": {
          "gitId": "dgc5213"
        },
        "content": "    /**"
      },
      {
        "lineNumber": 37,
        "author": {
          "gitId": "dgc5213"
        },
        "content": "     * A method to parser a String and process necessary steps and tasks based on the user inputs."
      },
      {
        "lineNumber": 38,
        "author": {
          "gitId": "dgc5213"
        },
        "content": "     * Assume that the Task Details start from the second words. This method can filter out the first words."
      },
      {
        "lineNumber": 39,
        "author": {
          "gitId": "dgc5213"
        },
        "content": "     *"
      },
      {
        "lineNumber": 40,
        "author": {
          "gitId": "dgc5213"
        },
        "content": "     * @param input       A String that holds the user input."
      },
      {
        "lineNumber": 41,
        "author": {
          "gitId": "dgc5213"
        },
        "content": "     * @param ui          A Ui that show message to user."
      },
      {
        "lineNumber": 42,
        "author": {
          "gitId": "dgc5213"
        },
        "content": "     * @param programExit A ProgramExit  to check if it is needed to exit the program."
      },
      {
        "lineNumber": 43,
        "author": {
          "gitId": "dgc5213"
        },
        "content": "     * @param todoList    A TodoList contains the ArrayList of Task objects"
      },
      {
        "lineNumber": 44,
        "author": {
          "gitId": "dgc5213"
        },
        "content": "     */"
      },
      {
        "lineNumber": 45,
        "author": {
          "gitId": "dgc5213"
        },
        "content": ""
      },
      {
        "lineNumber": 46,
        "author": {
          "gitId": "dgc5213"
        },
        "content": "    public void getCommand(String input, Ui ui, ProgramExit programExit, TodoList todoList) {"
      },
      {
        "lineNumber": 47,
        "author": {
          "gitId": "dgc5213"
        },
        "content": ""
      },
      {
        "lineNumber": 48,
        "author": {
          "gitId": "dgc5213"
        },
        "content": "        String commandFirstWord \u003d input.split(\" \")[0].toLowerCase();//extract the first word of the user input, and lowercase it."
      },
      {
        "lineNumber": 49,
        "author": {
          "gitId": "dgc5213"
        },
        "content": ""
      },
      {
        "lineNumber": 50,
        "author": {
          "gitId": "dgc5213"
        },
        "content": ""
      },
      {
        "lineNumber": 51,
        "author": {
          "gitId": "dgc5213"
        },
        "content": "        try {"
      },
      {
        "lineNumber": 52,
        "author": {
          "gitId": "dgc5213"
        },
        "content": ""
      },
      {
        "lineNumber": 53,
        "author": {
          "gitId": "dgc5213"
        },
        "content": "            switch (commandFirstWord) {"
      },
      {
        "lineNumber": 54,
        "author": {
          "gitId": "dgc5213"
        },
        "content": ""
      },
      {
        "lineNumber": 55,
        "author": {
          "gitId": "dgc5213"
        },
        "content": ""
      },
      {
        "lineNumber": 56,
        "author": {
          "gitId": "dgc5213"
        },
        "content": "                case \"bye\":"
      },
      {
        "lineNumber": 57,
        "author": {
          "gitId": "dgc5213"
        },
        "content": "                    ui.sayBye();"
      },
      {
        "lineNumber": 58,
        "author": {
          "gitId": "dgc5213"
        },
        "content": "                    programExit.toExit();"
      },
      {
        "lineNumber": 59,
        "author": {
          "gitId": "dgc5213"
        },
        "content": "                    break;"
      },
      {
        "lineNumber": 60,
        "author": {
          "gitId": "dgc5213"
        },
        "content": "                case \"list\":"
      },
      {
        "lineNumber": 61,
        "author": {
          "gitId": "dgc5213"
        },
        "content": "                    Ui.printLine();"
      },
      {
        "lineNumber": 62,
        "author": {
          "gitId": "dgc5213"
        },
        "content": "                    todoList.listAllTasks();"
      },
      {
        "lineNumber": 63,
        "author": {
          "gitId": "dgc5213"
        },
        "content": "                    Ui.printLine();"
      },
      {
        "lineNumber": 64,
        "author": {
          "gitId": "dgc5213"
        },
        "content": "                    break;"
      },
      {
        "lineNumber": 65,
        "author": {
          "gitId": "dgc5213"
        },
        "content": "                case \"done\":"
      },
      {
        "lineNumber": 66,
        "author": {
          "gitId": "dgc5213"
        },
        "content": "                    Ui.printLine();"
      },
      {
        "lineNumber": 67,
        "author": {
          "gitId": "dgc5213"
        },
        "content": "                    todoList.markSelectedTaskDone(getSecondWord(input));"
      },
      {
        "lineNumber": 68,
        "author": {
          "gitId": "dgc5213"
        },
        "content": "                    Ui.printLine();"
      },
      {
        "lineNumber": 69,
        "author": {
          "gitId": "dgc5213"
        },
        "content": "                    break;"
      },
      {
        "lineNumber": 70,
        "author": {
          "gitId": "dgc5213"
        },
        "content": "                case \"todo\":"
      },
      {
        "lineNumber": 71,
        "author": {
          "gitId": "dgc5213"
        },
        "content": "                    Ui.printLine();"
      },
      {
        "lineNumber": 72,
        "author": {
          "gitId": "dgc5213"
        },
        "content": "                    todoList.addToDoType(filterTaskDetails(input));"
      },
      {
        "lineNumber": 73,
        "author": {
          "gitId": "dgc5213"
        },
        "content": "                    todoList.readTaskFromUser(filterTaskDetails(input));"
      },
      {
        "lineNumber": 74,
        "author": {
          "gitId": "dgc5213"
        },
        "content": "                    Ui.printLine();"
      },
      {
        "lineNumber": 75,
        "author": {
          "gitId": "dgc5213"
        },
        "content": "                    break;"
      },
      {
        "lineNumber": 76,
        "author": {
          "gitId": "dgc5213"
        },
        "content": "                case \"deadline\":"
      },
      {
        "lineNumber": 77,
        "author": {
          "gitId": "dgc5213"
        },
        "content": "                    Ui.printLine();"
      },
      {
        "lineNumber": 78,
        "author": {
          "gitId": "dgc5213"
        },
        "content": "                    todoList.addDeadlineType(filterTaskDetails(input));"
      },
      {
        "lineNumber": 79,
        "author": {
          "gitId": "dgc5213"
        },
        "content": "                    todoList.readTaskFromUser(filterTaskDetails(input));"
      },
      {
        "lineNumber": 80,
        "author": {
          "gitId": "dgc5213"
        },
        "content": "                    Ui.printLine();"
      },
      {
        "lineNumber": 81,
        "author": {
          "gitId": "dgc5213"
        },
        "content": "                    break;"
      },
      {
        "lineNumber": 82,
        "author": {
          "gitId": "dgc5213"
        },
        "content": "                case \"event\":"
      },
      {
        "lineNumber": 83,
        "author": {
          "gitId": "dgc5213"
        },
        "content": "                    Ui.printLine();"
      },
      {
        "lineNumber": 84,
        "author": {
          "gitId": "dgc5213"
        },
        "content": "                    todoList.addEventType(filterTaskDetails(input));"
      },
      {
        "lineNumber": 85,
        "author": {
          "gitId": "dgc5213"
        },
        "content": "                    todoList.readTaskFromUser(filterTaskDetails(input));"
      },
      {
        "lineNumber": 86,
        "author": {
          "gitId": "dgc5213"
        },
        "content": "                    Ui.printLine();"
      },
      {
        "lineNumber": 87,
        "author": {
          "gitId": "dgc5213"
        },
        "content": "                    break;"
      },
      {
        "lineNumber": 88,
        "author": {
          "gitId": "dgc5213"
        },
        "content": "                default:"
      },
      {
        "lineNumber": 89,
        "author": {
          "gitId": "dgc5213"
        },
        "content": "                    Ui.printLine();"
      },
      {
        "lineNumber": 90,
        "author": {
          "gitId": "dgc5213"
        },
        "content": "                    Ui.showMessage(\"\\u2639 OOPS!!! I\u0027m sorry, but I don\u0027t know what that means :-(\");"
      },
      {
        "lineNumber": 91,
        "author": {
          "gitId": "dgc5213"
        },
        "content": "                    Ui.printLine();"
      },
      {
        "lineNumber": 92,
        "author": {
          "gitId": "dgc5213"
        },
        "content": ""
      },
      {
        "lineNumber": 93,
        "author": {
          "gitId": "dgc5213"
        },
        "content": "            }"
      },
      {
        "lineNumber": 94,
        "author": {
          "gitId": "dgc5213"
        },
        "content": ""
      },
      {
        "lineNumber": 95,
        "author": {
          "gitId": "dgc5213"
        },
        "content": "        } catch (Exception e) {"
      },
      {
        "lineNumber": 96,
        "author": {
          "gitId": "dgc5213"
        },
        "content": "            Ui.showMessage(e.getMessage());"
      },
      {
        "lineNumber": 97,
        "author": {
          "gitId": "dgc5213"
        },
        "content": "        }"
      },
      {
        "lineNumber": 98,
        "author": {
          "gitId": "dgc5213"
        },
        "content": ""
      },
      {
        "lineNumber": 99,
        "author": {
          "gitId": "dgc5213"
        },
        "content": ""
      },
      {
        "lineNumber": 100,
        "author": {
          "gitId": "dgc5213"
        },
        "content": "    }"
      },
      {
        "lineNumber": 101,
        "author": {
          "gitId": "dgc5213"
        },
        "content": ""
      },
      {
        "lineNumber": 102,
        "author": {
          "gitId": "dgc5213"
        },
        "content": ""
      },
      {
        "lineNumber": 103,
        "author": {
          "gitId": "dgc5213"
        },
        "content": "}"
      },
      {
        "lineNumber": 104,
        "author": {
          "gitId": "dgc5213"
        },
        "content": ""
      },
      {
        "lineNumber": 105,
        "author": {
          "gitId": "dgc5213"
        },
        "content": ""
      },
      {
        "lineNumber": 106,
        "author": {
          "gitId": "dgc5213"
        },
        "content": ""
      },
      {
        "lineNumber": 107,
        "author": {
          "gitId": "dgc5213"
        },
        "content": ""
      },
      {
        "lineNumber": 108,
        "author": {
          "gitId": "dgc5213"
        },
        "content": ""
      },
      {
        "lineNumber": 109,
        "author": {
          "gitId": "dgc5213"
        },
        "content": ""
      },
      {
        "lineNumber": 110,
        "author": {
          "gitId": "dgc5213"
        },
        "content": ""
      },
      {
        "lineNumber": 111,
        "author": {
          "gitId": "dgc5213"
        },
        "content": ""
      },
      {
        "lineNumber": 112,
        "author": {
          "gitId": "dgc5213"
        },
        "content": ""
      },
      {
        "lineNumber": 113,
        "author": {
          "gitId": "dgc5213"
        },
        "content": ""
      },
      {
        "lineNumber": 114,
        "author": {
          "gitId": "dgc5213"
        },
        "content": ""
      },
      {
        "lineNumber": 115,
        "author": {
          "gitId": "dgc5213"
        },
        "content": ""
      },
      {
        "lineNumber": 116,
        "author": {
          "gitId": "dgc5213"
        },
        "content": ""
      },
      {
        "lineNumber": 117,
        "author": {
          "gitId": "dgc5213"
        },
        "content": ""
      },
      {
        "lineNumber": 118,
        "author": {
          "gitId": "dgc5213"
        },
        "content": ""
      },
      {
        "lineNumber": 119,
        "author": {
          "gitId": "dgc5213"
        },
        "content": ""
      }
    ],
    "authorContributionMap": {
      "dgc5213": 119
    }
  },
  {
    "path": "src/main/java/ProgramExit.java",
    "fileType": "java",
    "lines": [
      {
        "lineNumber": 1,
        "author": {
          "gitId": "dgc5213"
        },
        "content": "public class ProgramExit {"
      },
      {
        "lineNumber": 2,
        "author": {
          "gitId": "dgc5213"
        },
        "content": "    // A boolean value, if true: Exit the program, otherwise false."
      },
      {
        "lineNumber": 3,
        "author": {
          "gitId": "dgc5213"
        },
        "content": "    private boolean isExit;"
      },
      {
        "lineNumber": 4,
        "author": {
          "gitId": "dgc5213"
        },
        "content": "    //yt test branch"
      },
      {
        "lineNumber": 5,
        "author": {
          "gitId": "dgc5213"
        },
        "content": ""
      },
      {
        "lineNumber": 6,
        "author": {
          "gitId": "dgc5213"
        },
        "content": "    /**"
      },
      {
        "lineNumber": 7,
        "author": {
          "gitId": "dgc5213"
        },
        "content": "     * Creating an object of ProgramExit class"
      },
      {
        "lineNumber": 8,
        "author": {
          "gitId": "dgc5213"
        },
        "content": "     * set the default Exit as false"
      },
      {
        "lineNumber": 9,
        "author": {
          "gitId": "dgc5213"
        },
        "content": "     */"
      },
      {
        "lineNumber": 10,
        "author": {
          "gitId": "dgc5213"
        },
        "content": "    ProgramExit() {"
      },
      {
        "lineNumber": 11,
        "author": {
          "gitId": "dgc5213"
        },
        "content": "        isExit \u003d false;"
      },
      {
        "lineNumber": 12,
        "author": {
          "gitId": "dgc5213"
        },
        "content": "    }"
      },
      {
        "lineNumber": 13,
        "author": {
          "gitId": "dgc5213"
        },
        "content": ""
      },
      {
        "lineNumber": 14,
        "author": {
          "gitId": "dgc5213"
        },
        "content": "    /**"
      },
      {
        "lineNumber": 15,
        "author": {
          "gitId": "dgc5213"
        },
        "content": "     * A method to set the Exit as true"
      },
      {
        "lineNumber": 16,
        "author": {
          "gitId": "dgc5213"
        },
        "content": "     */"
      },
      {
        "lineNumber": 17,
        "author": {
          "gitId": "dgc5213"
        },
        "content": "    public void toExit() {"
      },
      {
        "lineNumber": 18,
        "author": {
          "gitId": "dgc5213"
        },
        "content": "        isExit \u003d true;"
      },
      {
        "lineNumber": 19,
        "author": {
          "gitId": "dgc5213"
        },
        "content": "    }"
      },
      {
        "lineNumber": 20,
        "author": {
          "gitId": "dgc5213"
        },
        "content": ""
      },
      {
        "lineNumber": 21,
        "author": {
          "gitId": "dgc5213"
        },
        "content": "    /**"
      },
      {
        "lineNumber": 22,
        "author": {
          "gitId": "dgc5213"
        },
        "content": "     * A method to return the Exit status"
      },
      {
        "lineNumber": 23,
        "author": {
          "gitId": "dgc5213"
        },
        "content": "     */"
      },
      {
        "lineNumber": 24,
        "author": {
          "gitId": "dgc5213"
        },
        "content": "    public boolean getIsExit() {"
      },
      {
        "lineNumber": 25,
        "author": {
          "gitId": "dgc5213"
        },
        "content": "        return isExit;"
      },
      {
        "lineNumber": 26,
        "author": {
          "gitId": "dgc5213"
        },
        "content": "    }"
      },
      {
        "lineNumber": 27,
        "author": {
          "gitId": "dgc5213"
        },
        "content": ""
      },
      {
        "lineNumber": 28,
        "author": {
          "gitId": "dgc5213"
        },
        "content": ""
      },
      {
        "lineNumber": 29,
        "author": {
          "gitId": "dgc5213"
        },
        "content": "}"
      }
    ],
    "authorContributionMap": {
      "dgc5213": 29
    }
  },
  {
    "path": "src/main/java/Tasks/Deadline.java",
    "fileType": "java",
    "lines": [
      {
        "lineNumber": 1,
        "author": {
          "gitId": "dgc5213"
        },
        "content": "package Tasks;"
      },
      {
        "lineNumber": 2,
        "author": {
          "gitId": "dgc5213"
        },
        "content": ""
      },
      {
        "lineNumber": 3,
        "author": {
          "gitId": "dgc5213"
        },
        "content": "public class Deadline extends Task {"
      },
      {
        "lineNumber": 4,
        "author": {
          "gitId": "dgc5213"
        },
        "content": "    // A String that holds the deadline date"
      },
      {
        "lineNumber": 5,
        "author": {
          "gitId": "dgc5213"
        },
        "content": "    protected String by;"
      },
      {
        "lineNumber": 6,
        "author": {
          "gitId": "dgc5213"
        },
        "content": ""
      },
      {
        "lineNumber": 7,
        "author": {
          "gitId": "dgc5213"
        },
        "content": "    /**"
      },
      {
        "lineNumber": 8,
        "author": {
          "gitId": "dgc5213"
        },
        "content": "     * Creating an object of Event class"
      },
      {
        "lineNumber": 9,
        "author": {
          "gitId": "dgc5213"
        },
        "content": "     *"
      },
      {
        "lineNumber": 10,
        "author": {
          "gitId": "dgc5213"
        },
        "content": "     * @param description A String that holds the description of a task"
      },
      {
        "lineNumber": 11,
        "author": {
          "gitId": "dgc5213"
        },
        "content": "     * @param by          A String that holds the deadline date"
      },
      {
        "lineNumber": 12,
        "author": {
          "gitId": "dgc5213"
        },
        "content": "     */"
      },
      {
        "lineNumber": 13,
        "author": {
          "gitId": "dgc5213"
        },
        "content": "    public Deadline(String description, String by) {"
      },
      {
        "lineNumber": 14,
        "author": {
          "gitId": "dgc5213"
        },
        "content": "        super(description);"
      },
      {
        "lineNumber": 15,
        "author": {
          "gitId": "dgc5213"
        },
        "content": "        this.by \u003d by;"
      },
      {
        "lineNumber": 16,
        "author": {
          "gitId": "dgc5213"
        },
        "content": "    }"
      },
      {
        "lineNumber": 17,
        "author": {
          "gitId": "dgc5213"
        },
        "content": "    "
      },
      {
        "lineNumber": 18,
        "author": {
          "gitId": "dgc5213"
        },
        "content": ""
      },
      {
        "lineNumber": 19,
        "author": {
          "gitId": "dgc5213"
        },
        "content": "    /**"
      },
      {
        "lineNumber": 20,
        "author": {
          "gitId": "dgc5213"
        },
        "content": "     * A method to get the Task data as formatted string to display task type [D], task status and task description"
      },
      {
        "lineNumber": 21,
        "author": {
          "gitId": "dgc5213"
        },
        "content": "     *"
      },
      {
        "lineNumber": 22,
        "author": {
          "gitId": "dgc5213"
        },
        "content": "     * @return a formatted String of task type [D], task status and task description"
      },
      {
        "lineNumber": 23,
        "author": {
          "gitId": "dgc5213"
        },
        "content": "     */"
      },
      {
        "lineNumber": 24,
        "author": {
          "gitId": "dgc5213"
        },
        "content": "    @Override"
      },
      {
        "lineNumber": 25,
        "author": {
          "gitId": "dgc5213"
        },
        "content": "    public String toString() {"
      },
      {
        "lineNumber": 26,
        "author": {
          "gitId": "dgc5213"
        },
        "content": "        return \"[D]\" + super.toString() + \" (by: \" + by + \")\";"
      },
      {
        "lineNumber": 27,
        "author": {
          "gitId": "dgc5213"
        },
        "content": "    }"
      },
      {
        "lineNumber": 28,
        "author": {
          "gitId": "dgc5213"
        },
        "content": ""
      },
      {
        "lineNumber": 29,
        "author": {
          "gitId": "dgc5213"
        },
        "content": ""
      },
      {
        "lineNumber": 30,
        "author": {
          "gitId": "dgc5213"
        },
        "content": "}"
      }
    ],
    "authorContributionMap": {
      "dgc5213": 30
    }
  },
  {
    "path": "src/main/java/Tasks/Event.java",
    "fileType": "java",
    "lines": [
      {
        "lineNumber": 1,
        "author": {
          "gitId": "dgc5213"
        },
        "content": "package Tasks;"
      },
      {
        "lineNumber": 2,
        "author": {
          "gitId": "dgc5213"
        },
        "content": ""
      },
      {
        "lineNumber": 3,
        "author": {
          "gitId": "dgc5213"
        },
        "content": "public class Event extends Task {"
      },
      {
        "lineNumber": 4,
        "author": {
          "gitId": "dgc5213"
        },
        "content": "    // A String that holds the event date or time"
      },
      {
        "lineNumber": 5,
        "author": {
          "gitId": "dgc5213"
        },
        "content": "    protected String at;"
      },
      {
        "lineNumber": 6,
        "author": {
          "gitId": "dgc5213"
        },
        "content": ""
      },
      {
        "lineNumber": 7,
        "author": {
          "gitId": "dgc5213"
        },
        "content": "    /**"
      },
      {
        "lineNumber": 8,
        "author": {
          "gitId": "dgc5213"
        },
        "content": "     * Creating an object of Event class"
      },
      {
        "lineNumber": 9,
        "author": {
          "gitId": "dgc5213"
        },
        "content": "     *"
      },
      {
        "lineNumber": 10,
        "author": {
          "gitId": "dgc5213"
        },
        "content": "     * @param description A String that holds the description of a task"
      },
      {
        "lineNumber": 11,
        "author": {
          "gitId": "dgc5213"
        },
        "content": "     * @param at          A String that holds the event date or time"
      },
      {
        "lineNumber": 12,
        "author": {
          "gitId": "dgc5213"
        },
        "content": "     */"
      },
      {
        "lineNumber": 13,
        "author": {
          "gitId": "dgc5213"
        },
        "content": "    public Event(String description, String at) {"
      },
      {
        "lineNumber": 14,
        "author": {
          "gitId": "dgc5213"
        },
        "content": "        super(description);"
      },
      {
        "lineNumber": 15,
        "author": {
          "gitId": "dgc5213"
        },
        "content": "        this.at \u003d at;"
      },
      {
        "lineNumber": 16,
        "author": {
          "gitId": "dgc5213"
        },
        "content": "    }"
      },
      {
        "lineNumber": 17,
        "author": {
          "gitId": "dgc5213"
        },
        "content": ""
      },
      {
        "lineNumber": 18,
        "author": {
          "gitId": "dgc5213"
        },
        "content": ""
      },
      {
        "lineNumber": 19,
        "author": {
          "gitId": "dgc5213"
        },
        "content": "    /**"
      },
      {
        "lineNumber": 20,
        "author": {
          "gitId": "dgc5213"
        },
        "content": "     * A method to get the Task data as formatted string to display task type [E], task status and task description"
      },
      {
        "lineNumber": 21,
        "author": {
          "gitId": "dgc5213"
        },
        "content": "     *"
      },
      {
        "lineNumber": 22,
        "author": {
          "gitId": "dgc5213"
        },
        "content": "     * @return a formatted String of task type [E], task status and task description"
      },
      {
        "lineNumber": 23,
        "author": {
          "gitId": "dgc5213"
        },
        "content": "     */"
      },
      {
        "lineNumber": 24,
        "author": {
          "gitId": "dgc5213"
        },
        "content": ""
      },
      {
        "lineNumber": 25,
        "author": {
          "gitId": "dgc5213"
        },
        "content": "    @Override"
      },
      {
        "lineNumber": 26,
        "author": {
          "gitId": "dgc5213"
        },
        "content": "    public String toString() {"
      },
      {
        "lineNumber": 27,
        "author": {
          "gitId": "dgc5213"
        },
        "content": "        return \"[E]\" + super.toString() + \" (at: \" + at + \")\";"
      },
      {
        "lineNumber": 28,
        "author": {
          "gitId": "dgc5213"
        },
        "content": "    }"
      },
      {
        "lineNumber": 29,
        "author": {
          "gitId": "dgc5213"
        },
        "content": ""
      },
      {
        "lineNumber": 30,
        "author": {
          "gitId": "dgc5213"
        },
        "content": ""
      },
      {
        "lineNumber": 31,
        "author": {
          "gitId": "dgc5213"
        },
        "content": "}"
      }
    ],
    "authorContributionMap": {
      "dgc5213": 31
    }
  },
  {
    "path": "src/main/java/Tasks/Task.java",
    "fileType": "java",
    "lines": [
      {
        "lineNumber": 1,
        "author": {
          "gitId": "dgc5213"
        },
        "content": "package Tasks;"
      },
      {
        "lineNumber": 2,
        "author": {
          "gitId": "dgc5213"
        },
        "content": "//A-Packages: Organize into Packages named Tasks"
      },
      {
        "lineNumber": 3,
        "author": {
          "gitId": "dgc5213"
        },
        "content": "//A-AbstractClasses:abstract class Task declares some methods that it implements here, and some that are implemented by the subclasses."
      },
      {
        "lineNumber": 4,
        "author": {
          "gitId": "dgc5213"
        },
        "content": "public abstract class Task {"
      },
      {
        "lineNumber": 5,
        "author": {
          "gitId": "dgc5213"
        },
        "content": "    // A String that holds the description of a task"
      },
      {
        "lineNumber": 6,
        "author": {
          "gitId": "dgc5213"
        },
        "content": "    protected String description;"
      },
      {
        "lineNumber": 7,
        "author": {
          "gitId": "dgc5213"
        },
        "content": "    // A boolean value, if true: the task is completed, otherwise false."
      },
      {
        "lineNumber": 8,
        "author": {
          "gitId": "dgc5213"
        },
        "content": "    protected boolean isDone;"
      },
      {
        "lineNumber": 9,
        "author": {
          "gitId": "dgc5213"
        },
        "content": ""
      },
      {
        "lineNumber": 10,
        "author": {
          "gitId": "dgc5213"
        },
        "content": "    /**"
      },
      {
        "lineNumber": 11,
        "author": {
          "gitId": "dgc5213"
        },
        "content": "     * Creating an object of Task class"
      },
      {
        "lineNumber": 12,
        "author": {
          "gitId": "dgc5213"
        },
        "content": "     *"
      },
      {
        "lineNumber": 13,
        "author": {
          "gitId": "dgc5213"
        },
        "content": "     * @param description A String that holds the description of a task"
      },
      {
        "lineNumber": 14,
        "author": {
          "gitId": "dgc5213"
        },
        "content": "     */"
      },
      {
        "lineNumber": 15,
        "author": {
          "gitId": "dgc5213"
        },
        "content": "    public Task(String description) {"
      },
      {
        "lineNumber": 16,
        "author": {
          "gitId": "dgc5213"
        },
        "content": "        this.description \u003d description;"
      },
      {
        "lineNumber": 17,
        "author": {
          "gitId": "dgc5213"
        },
        "content": "        isDone \u003d false;"
      },
      {
        "lineNumber": 18,
        "author": {
          "gitId": "dgc5213"
        },
        "content": "    }"
      },
      {
        "lineNumber": 19,
        "author": {
          "gitId": "dgc5213"
        },
        "content": ""
      },
      {
        "lineNumber": 20,
        "author": {
          "gitId": "dgc5213"
        },
        "content": "    /**"
      },
      {
        "lineNumber": 21,
        "author": {
          "gitId": "dgc5213"
        },
        "content": "     * A method to get the Task Status Icon"
      },
      {
        "lineNumber": 22,
        "author": {
          "gitId": "dgc5213"
        },
        "content": "     *"
      },
      {
        "lineNumber": 23,
        "author": {
          "gitId": "dgc5213"
        },
        "content": "     * @return a String containing the icon: tick or X symbols"
      },
      {
        "lineNumber": 24,
        "author": {
          "gitId": "dgc5213"
        },
        "content": "     */"
      },
      {
        "lineNumber": 25,
        "author": {
          "gitId": "dgc5213"
        },
        "content": "    public String getStatusIcon() {"
      },
      {
        "lineNumber": 26,
        "author": {
          "gitId": "dgc5213"
        },
        "content": "        return (isDone ? \"\\u2713\" : \"\\u2718\"); //return tick or X symbols"
      },
      {
        "lineNumber": 27,
        "author": {
          "gitId": "dgc5213"
        },
        "content": "    }"
      },
      {
        "lineNumber": 28,
        "author": {
          "gitId": "dgc5213"
        },
        "content": ""
      },
      {
        "lineNumber": 29,
        "author": {
          "gitId": "dgc5213"
        },
        "content": "    /**"
      },
      {
        "lineNumber": 30,
        "author": {
          "gitId": "dgc5213"
        },
        "content": "     * A method to get the Task description"
      },
      {
        "lineNumber": 31,
        "author": {
          "gitId": "dgc5213"
        },
        "content": "     *"
      },
      {
        "lineNumber": 32,
        "author": {
          "gitId": "dgc5213"
        },
        "content": "     * @return a String containing the description of task"
      },
      {
        "lineNumber": 33,
        "author": {
          "gitId": "dgc5213"
        },
        "content": "     */"
      },
      {
        "lineNumber": 34,
        "author": {
          "gitId": "dgc5213"
        },
        "content": "    public String getDescription() {"
      },
      {
        "lineNumber": 35,
        "author": {
          "gitId": "dgc5213"
        },
        "content": "        return description;"
      },
      {
        "lineNumber": 36,
        "author": {
          "gitId": "dgc5213"
        },
        "content": "    }"
      },
      {
        "lineNumber": 37,
        "author": {
          "gitId": "dgc5213"
        },
        "content": ""
      },
      {
        "lineNumber": 38,
        "author": {
          "gitId": "dgc5213"
        },
        "content": "    /**"
      },
      {
        "lineNumber": 39,
        "author": {
          "gitId": "dgc5213"
        },
        "content": "     * A method to set the Task as done/completed"
      },
      {
        "lineNumber": 40,
        "author": {
          "gitId": "dgc5213"
        },
        "content": "     */"
      },
      {
        "lineNumber": 41,
        "author": {
          "gitId": "dgc5213"
        },
        "content": "    public void setDone() {"
      },
      {
        "lineNumber": 42,
        "author": {
          "gitId": "dgc5213"
        },
        "content": "        isDone \u003d true;"
      },
      {
        "lineNumber": 43,
        "author": {
          "gitId": "dgc5213"
        },
        "content": "    }"
      },
      {
        "lineNumber": 44,
        "author": {
          "gitId": "dgc5213"
        },
        "content": ""
      },
      {
        "lineNumber": 45,
        "author": {
          "gitId": "dgc5213"
        },
        "content": "    /**"
      },
      {
        "lineNumber": 46,
        "author": {
          "gitId": "dgc5213"
        },
        "content": "     * A method to get the Task data as formatted string to display both task status and task description"
      },
      {
        "lineNumber": 47,
        "author": {
          "gitId": "dgc5213"
        },
        "content": "     *"
      },
      {
        "lineNumber": 48,
        "author": {
          "gitId": "dgc5213"
        },
        "content": "     * @return a formatted String of task status and task description"
      },
      {
        "lineNumber": 49,
        "author": {
          "gitId": "dgc5213"
        },
        "content": "     */"
      },
      {
        "lineNumber": 50,
        "author": {
          "gitId": "dgc5213"
        },
        "content": ""
      },
      {
        "lineNumber": 51,
        "author": {
          "gitId": "dgc5213"
        },
        "content": "    @Override"
      },
      {
        "lineNumber": 52,
        "author": {
          "gitId": "dgc5213"
        },
        "content": "    public String toString() {"
      },
      {
        "lineNumber": 53,
        "author": {
          "gitId": "dgc5213"
        },
        "content": "        return \"[\" + getStatusIcon() + \"]\" + \" \" + getDescription();"
      },
      {
        "lineNumber": 54,
        "author": {
          "gitId": "dgc5213"
        },
        "content": "    }"
      },
      {
        "lineNumber": 55,
        "author": {
          "gitId": "dgc5213"
        },
        "content": ""
      },
      {
        "lineNumber": 56,
        "author": {
          "gitId": "dgc5213"
        },
        "content": ""
      },
      {
        "lineNumber": 57,
        "author": {
          "gitId": "dgc5213"
        },
        "content": "}"
      }
    ],
    "authorContributionMap": {
      "dgc5213": 57
    }
  },
  {
    "path": "src/main/java/Tasks/Todo.java",
    "fileType": "java",
    "lines": [
      {
        "lineNumber": 1,
        "author": {
          "gitId": "dgc5213"
        },
        "content": "package Tasks;"
      },
      {
        "lineNumber": 2,
        "author": {
          "gitId": "dgc5213"
        },
        "content": ""
      },
      {
        "lineNumber": 3,
        "author": {
          "gitId": "dgc5213"
        },
        "content": "public class Todo extends Task {"
      },
      {
        "lineNumber": 4,
        "author": {
          "gitId": "dgc5213"
        },
        "content": "    /**"
      },
      {
        "lineNumber": 5,
        "author": {
          "gitId": "dgc5213"
        },
        "content": "     * Creating an object of Todo class"
      },
      {
        "lineNumber": 6,
        "author": {
          "gitId": "dgc5213"
        },
        "content": "     *"
      },
      {
        "lineNumber": 7,
        "author": {
          "gitId": "dgc5213"
        },
        "content": "     * @param description A String that holds the description of a task"
      },
      {
        "lineNumber": 8,
        "author": {
          "gitId": "dgc5213"
        },
        "content": "     */"
      },
      {
        "lineNumber": 9,
        "author": {
          "gitId": "dgc5213"
        },
        "content": "    public Todo(String description) {"
      },
      {
        "lineNumber": 10,
        "author": {
          "gitId": "dgc5213"
        },
        "content": "        super(description);"
      },
      {
        "lineNumber": 11,
        "author": {
          "gitId": "dgc5213"
        },
        "content": "    }"
      },
      {
        "lineNumber": 12,
        "author": {
          "gitId": "dgc5213"
        },
        "content": ""
      },
      {
        "lineNumber": 13,
        "author": {
          "gitId": "dgc5213"
        },
        "content": ""
      },
      {
        "lineNumber": 14,
        "author": {
          "gitId": "dgc5213"
        },
        "content": "    /**"
      },
      {
        "lineNumber": 15,
        "author": {
          "gitId": "dgc5213"
        },
        "content": "     * A method to get the Task data as formatted string to display task type [T], task status and task description"
      },
      {
        "lineNumber": 16,
        "author": {
          "gitId": "dgc5213"
        },
        "content": "     *"
      },
      {
        "lineNumber": 17,
        "author": {
          "gitId": "dgc5213"
        },
        "content": "     * @return a formatted String of task type [T], task status and task description"
      },
      {
        "lineNumber": 18,
        "author": {
          "gitId": "dgc5213"
        },
        "content": "     */"
      },
      {
        "lineNumber": 19,
        "author": {
          "gitId": "dgc5213"
        },
        "content": "    @Override"
      },
      {
        "lineNumber": 20,
        "author": {
          "gitId": "dgc5213"
        },
        "content": "    public String toString() {"
      },
      {
        "lineNumber": 21,
        "author": {
          "gitId": "dgc5213"
        },
        "content": "        return \"[T]\" + super.toString();"
      },
      {
        "lineNumber": 22,
        "author": {
          "gitId": "dgc5213"
        },
        "content": "    }"
      },
      {
        "lineNumber": 23,
        "author": {
          "gitId": "dgc5213"
        },
        "content": ""
      },
      {
        "lineNumber": 24,
        "author": {
          "gitId": "dgc5213"
        },
        "content": ""
      },
      {
        "lineNumber": 25,
        "author": {
          "gitId": "dgc5213"
        },
        "content": "}"
      }
    ],
    "authorContributionMap": {
      "dgc5213": 25
    }
  },
  {
    "path": "src/main/java/TodoList.java",
    "fileType": "java",
    "lines": [
      {
        "lineNumber": 1,
        "author": {
          "gitId": "dgc5213"
        },
        "content": "import java.util.ArrayList;"
      },
      {
        "lineNumber": 2,
        "author": {
          "gitId": "dgc5213"
        },
        "content": ""
      },
      {
        "lineNumber": 3,
        "author": {
          "gitId": "dgc5213"
        },
        "content": "import Tasks.Deadline;"
      },
      {
        "lineNumber": 4,
        "author": {
          "gitId": "dgc5213"
        },
        "content": "import Tasks.Event;"
      },
      {
        "lineNumber": 5,
        "author": {
          "gitId": "dgc5213"
        },
        "content": "import Tasks.Task;"
      },
      {
        "lineNumber": 6,
        "author": {
          "gitId": "dgc5213"
        },
        "content": "import Tasks.Todo;"
      },
      {
        "lineNumber": 7,
        "author": {
          "gitId": "dgc5213"
        },
        "content": "//// test branch"
      },
      {
        "lineNumber": 8,
        "author": {
          "gitId": "dgc5213"
        },
        "content": "public class TodoList {"
      },
      {
        "lineNumber": 9,
        "author": {
          "gitId": "dgc5213"
        },
        "content": ""
      },
      {
        "lineNumber": 10,
        "author": {
          "gitId": "dgc5213"
        },
        "content": "    // An array list of task objects"
      },
      {
        "lineNumber": 11,
        "author": {
          "gitId": "dgc5213"
        },
        "content": "    private ArrayList\u003cTask\u003e taskList;"
      },
      {
        "lineNumber": 12,
        "author": {
          "gitId": "dgc5213"
        },
        "content": ""
      },
      {
        "lineNumber": 13,
        "author": {
          "gitId": "dgc5213"
        },
        "content": "    /**"
      },
      {
        "lineNumber": 14,
        "author": {
          "gitId": "dgc5213"
        },
        "content": "     * creating an TodoList object"
      },
      {
        "lineNumber": 15,
        "author": {
          "gitId": "dgc5213"
        },
        "content": "     */"
      },
      {
        "lineNumber": 16,
        "author": {
          "gitId": "dgc5213"
        },
        "content": "    public TodoList() {"
      },
      {
        "lineNumber": 17,
        "author": {
          "gitId": "dgc5213"
        },
        "content": "        taskList \u003d new ArrayList\u003c\u003e();"
      },
      {
        "lineNumber": 18,
        "author": {
          "gitId": "dgc5213"
        },
        "content": "    }"
      },
      {
        "lineNumber": 19,
        "author": {
          "gitId": "dgc5213"
        },
        "content": ""
      },
      {
        "lineNumber": 20,
        "author": {
          "gitId": "dgc5213"
        },
        "content": ""
      },
      {
        "lineNumber": 21,
        "author": {
          "gitId": "dgc5213"
        },
        "content": "    /**"
      },
      {
        "lineNumber": 22,
        "author": {
          "gitId": "dgc5213"
        },
        "content": "     * A method to list done all the tasks from the list and show the list to user."
      },
      {
        "lineNumber": 23,
        "author": {
          "gitId": "dgc5213"
        },
        "content": "     * Show the message to user and notify the user that \"Here are the tasks in your list\""
      },
      {
        "lineNumber": 24,
        "author": {
          "gitId": "dgc5213"
        },
        "content": "     */"
      },
      {
        "lineNumber": 25,
        "author": {
          "gitId": "dgc5213"
        },
        "content": "    public void listAllTasks() {"
      },
      {
        "lineNumber": 26,
        "author": {
          "gitId": "dgc5213"
        },
        "content": "        Ui.showMessage(\"Here are the tasks in your list:\");"
      },
      {
        "lineNumber": 27,
        "author": {
          "gitId": "dgc5213"
        },
        "content": "        for (int i \u003d 0; i \u003c taskList.size(); i++) {"
      },
      {
        "lineNumber": 28,
        "author": {
          "gitId": "dgc5213"
        },
        "content": "            Ui.showMessage((i + 1) + \".\" + taskList.get(i).toString());"
      },
      {
        "lineNumber": 29,
        "author": {
          "gitId": "dgc5213"
        },
        "content": "        }"
      },
      {
        "lineNumber": 30,
        "author": {
          "gitId": "dgc5213"
        },
        "content": "    }"
      },
      {
        "lineNumber": 31,
        "author": {
          "gitId": "dgc5213"
        },
        "content": ""
      },
      {
        "lineNumber": 32,
        "author": {
          "gitId": "dgc5213"
        },
        "content": "    /**"
      },
      {
        "lineNumber": 33,
        "author": {
          "gitId": "dgc5213"
        },
        "content": "     * Adding a Task object in ArrayList"
      },
      {
        "lineNumber": 34,
        "author": {
          "gitId": "dgc5213"
        },
        "content": "     * The Task is in \"Todo\""
      },
      {
        "lineNumber": 35,
        "author": {
          "gitId": "dgc5213"
        },
        "content": "     *"
      },
      {
        "lineNumber": 36,
        "author": {
          "gitId": "dgc5213"
        },
        "content": "     * @param toAddTaskDetails A String that holds the details of a task and it cannot be empty or null."
      },
      {
        "lineNumber": 37,
        "author": {
          "gitId": "dgc5213"
        },
        "content": "     */"
      },
      {
        "lineNumber": 38,
        "author": {
          "gitId": "dgc5213"
        },
        "content": "    public void addToDoType(String toAddTaskDetails) {"
      },
      {
        "lineNumber": 39,
        "author": {
          "gitId": "dgc5213"
        },
        "content": "        taskList.add(new Todo(toAddTaskDetails));"
      },
      {
        "lineNumber": 40,
        "author": {
          "gitId": "dgc5213"
        },
        "content": "    }"
      },
      {
        "lineNumber": 41,
        "author": {
          "gitId": "dgc5213"
        },
        "content": ""
      },
      {
        "lineNumber": 42,
        "author": {
          "gitId": "dgc5213"
        },
        "content": "    /**"
      },
      {
        "lineNumber": 43,
        "author": {
          "gitId": "dgc5213"
        },
        "content": "     * Adding a Task object in ArrayList"
      },
      {
        "lineNumber": 44,
        "author": {
          "gitId": "dgc5213"
        },
        "content": "     * The Task is in \"Deadline\""
      },
      {
        "lineNumber": 45,
        "author": {
          "gitId": "dgc5213"
        },
        "content": "     *"
      },
      {
        "lineNumber": 46,
        "author": {
          "gitId": "dgc5213"
        },
        "content": "     * @param toAddTaskDetails A String that holds the details of a task and it cannot be empty or null."
      },
      {
        "lineNumber": 47,
        "author": {
          "gitId": "dgc5213"
        },
        "content": "     */"
      },
      {
        "lineNumber": 48,
        "author": {
          "gitId": "dgc5213"
        },
        "content": "    public void addDeadlineType(String toAddTaskDetails) {"
      },
      {
        "lineNumber": 49,
        "author": {
          "gitId": "dgc5213"
        },
        "content": "        String taskDescription \u003d (toAddTaskDetails.split(\"(?i)/by\")[0]).trim();// splits case insensitive"
      },
      {
        "lineNumber": 50,
        "author": {
          "gitId": "dgc5213"
        },
        "content": "        String taskDeadline \u003d (toAddTaskDetails.split(\"(?i)/by\")[1]).trim();// splits case insensitive"
      },
      {
        "lineNumber": 51,
        "author": {
          "gitId": "dgc5213"
        },
        "content": "        taskList.add(new Deadline(taskDescription, taskDeadline));"
      },
      {
        "lineNumber": 52,
        "author": {
          "gitId": "dgc5213"
        },
        "content": "    }"
      },
      {
        "lineNumber": 53,
        "author": {
          "gitId": "dgc5213"
        },
        "content": ""
      },
      {
        "lineNumber": 54,
        "author": {
          "gitId": "dgc5213"
        },
        "content": "    /**"
      },
      {
        "lineNumber": 55,
        "author": {
          "gitId": "dgc5213"
        },
        "content": "     * Adding a Task object in ArrayList"
      },
      {
        "lineNumber": 56,
        "author": {
          "gitId": "dgc5213"
        },
        "content": "     * The Task is in \"Event\""
      },
      {
        "lineNumber": 57,
        "author": {
          "gitId": "dgc5213"
        },
        "content": "     *"
      },
      {
        "lineNumber": 58,
        "author": {
          "gitId": "dgc5213"
        },
        "content": "     * @param toAddTaskDetails A String that holds the details of a task and it cannot be empty or null."
      },
      {
        "lineNumber": 59,
        "author": {
          "gitId": "dgc5213"
        },
        "content": "     */"
      },
      {
        "lineNumber": 60,
        "author": {
          "gitId": "dgc5213"
        },
        "content": "    public void addEventType(String toAddTaskDetails) {"
      },
      {
        "lineNumber": 61,
        "author": {
          "gitId": "dgc5213"
        },
        "content": "        String taskDescription \u003d (toAddTaskDetails.split(\"(?i)/at\")[0]).trim();// splits case insensitive"
      },
      {
        "lineNumber": 62,
        "author": {
          "gitId": "dgc5213"
        },
        "content": "        String taskEventDate \u003d (toAddTaskDetails.split(\"(?i)/at\")[1]).trim();// splits case insensitive"
      },
      {
        "lineNumber": 63,
        "author": {
          "gitId": "dgc5213"
        },
        "content": "        taskList.add(new Event(taskDescription, taskEventDate));"
      },
      {
        "lineNumber": 64,
        "author": {
          "gitId": "dgc5213"
        },
        "content": "    }"
      },
      {
        "lineNumber": 65,
        "author": {
          "gitId": "dgc5213"
        },
        "content": ""
      },
      {
        "lineNumber": 66,
        "author": {
          "gitId": "dgc5213"
        },
        "content": "    /**"
      },
      {
        "lineNumber": 67,
        "author": {
          "gitId": "dgc5213"
        },
        "content": "     * A method to read the value from user."
      },
      {
        "lineNumber": 68,
        "author": {
          "gitId": "dgc5213"
        },
        "content": "     * Show the message to user and notify the user that a current task is added in the list"
      },
      {
        "lineNumber": 69,
        "author": {
          "gitId": "dgc5213"
        },
        "content": "     *"
      },
      {
        "lineNumber": 70,
        "author": {
          "gitId": "dgc5213"
        },
        "content": "     * @param input A String that holds the user input from the terminal"
      },
      {
        "lineNumber": 71,
        "author": {
          "gitId": "dgc5213"
        },
        "content": "     */"
      },
      {
        "lineNumber": 72,
        "author": {
          "gitId": "dgc5213"
        },
        "content": "    public void readTaskFromUser(String input) {"
      },
      {
        "lineNumber": 73,
        "author": {
          "gitId": "dgc5213"
        },
        "content": "        Ui.showMessage(\"Got it. I\u0027ve added this task:\");"
      },
      {
        "lineNumber": 74,
        "author": {
          "gitId": "dgc5213"
        },
        "content": "        int currentNewAddedTaskIndex \u003d (taskList.size() - 1);"
      },
      {
        "lineNumber": 75,
        "author": {
          "gitId": "dgc5213"
        },
        "content": "        Ui.showMessage(\"  \" + taskList.get(currentNewAddedTaskIndex).toString());"
      },
      {
        "lineNumber": 76,
        "author": {
          "gitId": "dgc5213"
        },
        "content": "        Ui.showMessage(\"Now you have \" + taskList.size() + \" tasks in the list.\");"
      },
      {
        "lineNumber": 77,
        "author": {
          "gitId": "dgc5213"
        },
        "content": "    }"
      },
      {
        "lineNumber": 78,
        "author": {
          "gitId": "dgc5213"
        },
        "content": ""
      },
      {
        "lineNumber": 79,
        "author": {
          "gitId": "dgc5213"
        },
        "content": ""
      },
      {
        "lineNumber": 80,
        "author": {
          "gitId": "dgc5213"
        },
        "content": "    /**"
      },
      {
        "lineNumber": 81,
        "author": {
          "gitId": "dgc5213"
        },
        "content": "     * A method to mark the selected task as completed"
      },
      {
        "lineNumber": 82,
        "author": {
          "gitId": "dgc5213"
        },
        "content": "     * update value of the task field:isDone \u003d true"
      },
      {
        "lineNumber": 83,
        "author": {
          "gitId": "dgc5213"
        },
        "content": "     *"
      },
      {
        "lineNumber": 84,
        "author": {
          "gitId": "dgc5213"
        },
        "content": "     * @param selectedTask A String that holds the ID (number) of a task"
      },
      {
        "lineNumber": 85,
        "author": {
          "gitId": "dgc5213"
        },
        "content": "     * @throws NullPointerException           If TASK NUM is Empty/Null: Returning to Main Menu"
      },
      {
        "lineNumber": 86,
        "author": {
          "gitId": "dgc5213"
        },
        "content": "     * @throws ArrayIndexOutOfBoundsException If TASK NUM is invalid, TASK NUM cannot be found in the task list: Returning to Main Menu"
      },
      {
        "lineNumber": 87,
        "author": {
          "gitId": "dgc5213"
        },
        "content": "     */"
      },
      {
        "lineNumber": 88,
        "author": {
          "gitId": "dgc5213"
        },
        "content": "    public void markSelectedTaskDone(String selectedTask) {"
      },
      {
        "lineNumber": 89,
        "author": {
          "gitId": "dgc5213"
        },
        "content": ""
      },
      {
        "lineNumber": 90,
        "author": {
          "gitId": "dgc5213"
        },
        "content": "        try {"
      },
      {
        "lineNumber": 91,
        "author": {
          "gitId": "dgc5213"
        },
        "content": "            // checking if the task number is given and empty string or null"
      },
      {
        "lineNumber": 92,
        "author": {
          "gitId": "dgc5213"
        },
        "content": "            if (selectedTask.trim().equals(\"\")) {"
      },
      {
        "lineNumber": 93,
        "author": {
          "gitId": "dgc5213"
        },
        "content": "                throw new NullPointerException(\"TASK NUM is Empty/Null: Returning to Main Menu\");"
      },
      {
        "lineNumber": 94,
        "author": {
          "gitId": "dgc5213"
        },
        "content": "            }"
      },
      {
        "lineNumber": 95,
        "author": {
          "gitId": "dgc5213"
        },
        "content": ""
      },
      {
        "lineNumber": 96,
        "author": {
          "gitId": "dgc5213"
        },
        "content": "            int taskIndex \u003d Integer.parseInt(selectedTask) - 1;"
      },
      {
        "lineNumber": 97,
        "author": {
          "gitId": "dgc5213"
        },
        "content": "            if (taskIndex \u003c 0 || taskIndex \u003e taskList.size()) {"
      },
      {
        "lineNumber": 98,
        "author": {
          "gitId": "dgc5213"
        },
        "content": "                throw new ArrayIndexOutOfBoundsException(\"TASK NUM cannot be found in the task list: Returning to Main Menu\");"
      },
      {
        "lineNumber": 99,
        "author": {
          "gitId": "dgc5213"
        },
        "content": "            }"
      },
      {
        "lineNumber": 100,
        "author": {
          "gitId": "dgc5213"
        },
        "content": ""
      },
      {
        "lineNumber": 101,
        "author": {
          "gitId": "dgc5213"
        },
        "content": ""
      },
      {
        "lineNumber": 102,
        "author": {
          "gitId": "dgc5213"
        },
        "content": "            for (int i \u003d 0; i \u003c taskList.size(); i++) {"
      },
      {
        "lineNumber": 103,
        "author": {
          "gitId": "dgc5213"
        },
        "content": "                if (i \u003d\u003d taskIndex) {"
      },
      {
        "lineNumber": 104,
        "author": {
          "gitId": "dgc5213"
        },
        "content": ""
      },
      {
        "lineNumber": 105,
        "author": {
          "gitId": "dgc5213"
        },
        "content": "                    Ui.showMessage(\"Nice! I\u0027ve marked this task as done: \");"
      },
      {
        "lineNumber": 106,
        "author": {
          "gitId": "dgc5213"
        },
        "content": "                    taskList.get(i).setDone();"
      },
      {
        "lineNumber": 107,
        "author": {
          "gitId": "dgc5213"
        },
        "content": ""
      },
      {
        "lineNumber": 108,
        "author": {
          "gitId": "dgc5213"
        },
        "content": "                    Ui.showMessage(\"[\" + taskList.get(i).getStatusIcon() + \"] \" + taskList.get(i).getDescription());"
      },
      {
        "lineNumber": 109,
        "author": {
          "gitId": "dgc5213"
        },
        "content": "                }"
      },
      {
        "lineNumber": 110,
        "author": {
          "gitId": "dgc5213"
        },
        "content": ""
      },
      {
        "lineNumber": 111,
        "author": {
          "gitId": "dgc5213"
        },
        "content": "            }"
      },
      {
        "lineNumber": 112,
        "author": {
          "gitId": "dgc5213"
        },
        "content": ""
      },
      {
        "lineNumber": 113,
        "author": {
          "gitId": "dgc5213"
        },
        "content": ""
      },
      {
        "lineNumber": 114,
        "author": {
          "gitId": "dgc5213"
        },
        "content": "        } catch (Exception e) {"
      },
      {
        "lineNumber": 115,
        "author": {
          "gitId": "dgc5213"
        },
        "content": "            Ui.showMessage(e.getMessage());"
      },
      {
        "lineNumber": 116,
        "author": {
          "gitId": "dgc5213"
        },
        "content": "        }"
      },
      {
        "lineNumber": 117,
        "author": {
          "gitId": "dgc5213"
        },
        "content": "    }"
      },
      {
        "lineNumber": 118,
        "author": {
          "gitId": "dgc5213"
        },
        "content": "}"
      }
    ],
    "authorContributionMap": {
      "dgc5213": 118
    }
  },
  {
    "path": "src/main/java/Ui.java",
    "fileType": "java",
    "lines": [
      {
        "lineNumber": 1,
        "author": {
          "gitId": "dgc5213"
        },
        "content": "import java.util.Scanner;"
      },
      {
        "lineNumber": 2,
        "author": {
          "gitId": "dgc5213"
        },
        "content": ""
      },
      {
        "lineNumber": 3,
        "author": {
          "gitId": "dgc5213"
        },
        "content": "public class Ui {"
      },
      {
        "lineNumber": 4,
        "author": {
          "gitId": "dgc5213"
        },
        "content": "    /**"
      },
      {
        "lineNumber": 5,
        "author": {
          "gitId": "dgc5213"
        },
        "content": "     * This method will scan the user input"
      },
      {
        "lineNumber": 6,
        "author": {
          "gitId": "dgc5213"
        },
        "content": "     */"
      },
      {
        "lineNumber": 7,
        "author": {
          "gitId": "dgc5213"
        },
        "content": "    public static String readUserCommand() {"
      },
      {
        "lineNumber": 8,
        "author": {
          "gitId": "dgc5213"
        },
        "content": "        Scanner in \u003d new Scanner(System.in);"
      },
      {
        "lineNumber": 9,
        "author": {
          "gitId": "dgc5213"
        },
        "content": "        return in.nextLine().trim();"
      },
      {
        "lineNumber": 10,
        "author": {
          "gitId": "dgc5213"
        },
        "content": "    }"
      },
      {
        "lineNumber": 11,
        "author": {
          "gitId": "dgc5213"
        },
        "content": ""
      },
      {
        "lineNumber": 12,
        "author": {
          "gitId": "dgc5213"
        },
        "content": "    /**"
      },
      {
        "lineNumber": 13,
        "author": {
          "gitId": "dgc5213"
        },
        "content": "     * This method will display line on standard output (terminal)"
      },
      {
        "lineNumber": 14,
        "author": {
          "gitId": "dgc5213"
        },
        "content": "     */"
      },
      {
        "lineNumber": 15,
        "author": {
          "gitId": "dgc5213"
        },
        "content": "    public static void printLine() {"
      },
      {
        "lineNumber": 16,
        "author": {
          "gitId": "dgc5213"
        },
        "content": "        System.out.println(\"_________________________________________\");"
      },
      {
        "lineNumber": 17,
        "author": {
          "gitId": "dgc5213"
        },
        "content": ""
      },
      {
        "lineNumber": 18,
        "author": {
          "gitId": "dgc5213"
        },
        "content": "    }"
      },
      {
        "lineNumber": 19,
        "author": {
          "gitId": "dgc5213"
        },
        "content": ""
      },
      {
        "lineNumber": 20,
        "author": {
          "gitId": "dgc5213"
        },
        "content": "    /**"
      },
      {
        "lineNumber": 21,
        "author": {
          "gitId": "dgc5213"
        },
        "content": "     * This method will display welcome message to user on standard output (terminal)"
      },
      {
        "lineNumber": 22,
        "author": {
          "gitId": "dgc5213"
        },
        "content": "     */"
      },
      {
        "lineNumber": 23,
        "author": {
          "gitId": "dgc5213"
        },
        "content": "    public static void sayWelcome() {"
      },
      {
        "lineNumber": 24,
        "author": {
          "gitId": "dgc5213"
        },
        "content": "        printLine();"
      },
      {
        "lineNumber": 25,
        "author": {
          "gitId": "dgc5213"
        },
        "content": "        System.out.println(\"Hello! I\u0027m Duke\");"
      },
      {
        "lineNumber": 26,
        "author": {
          "gitId": "dgc5213"
        },
        "content": "        System.out.println(\"What can I do for you?\");"
      },
      {
        "lineNumber": 27,
        "author": {
          "gitId": "dgc5213"
        },
        "content": "        printLine();"
      },
      {
        "lineNumber": 28,
        "author": {
          "gitId": "dgc5213"
        },
        "content": "    }"
      },
      {
        "lineNumber": 29,
        "author": {
          "gitId": "dgc5213"
        },
        "content": ""
      },
      {
        "lineNumber": 30,
        "author": {
          "gitId": "dgc5213"
        },
        "content": "    /**"
      },
      {
        "lineNumber": 31,
        "author": {
          "gitId": "dgc5213"
        },
        "content": "     * This method will display any message to user on standard output (terminal)"
      },
      {
        "lineNumber": 32,
        "author": {
          "gitId": "dgc5213"
        },
        "content": "     *"
      },
      {
        "lineNumber": 33,
        "author": {
          "gitId": "dgc5213"
        },
        "content": "     * @param message A String which contains the message we will show to user"
      },
      {
        "lineNumber": 34,
        "author": {
          "gitId": "dgc5213"
        },
        "content": "     */"
      },
      {
        "lineNumber": 35,
        "author": {
          "gitId": "dgc5213"
        },
        "content": "    public static void showMessage(String message) {"
      },
      {
        "lineNumber": 36,
        "author": {
          "gitId": "dgc5213"
        },
        "content": "        System.out.println(message);"
      },
      {
        "lineNumber": 37,
        "author": {
          "gitId": "dgc5213"
        },
        "content": "    }"
      },
      {
        "lineNumber": 38,
        "author": {
          "gitId": "dgc5213"
        },
        "content": ""
      },
      {
        "lineNumber": 39,
        "author": {
          "gitId": "dgc5213"
        },
        "content": "    /**"
      },
      {
        "lineNumber": 40,
        "author": {
          "gitId": "dgc5213"
        },
        "content": "     * This method will say goodbye to user on standard output (terminal)"
      },
      {
        "lineNumber": 41,
        "author": {
          "gitId": "dgc5213"
        },
        "content": "     */"
      },
      {
        "lineNumber": 42,
        "author": {
          "gitId": "dgc5213"
        },
        "content": "    public void sayBye() {"
      },
      {
        "lineNumber": 43,
        "author": {
          "gitId": "dgc5213"
        },
        "content": "        printLine();"
      },
      {
        "lineNumber": 44,
        "author": {
          "gitId": "dgc5213"
        },
        "content": "        System.out.println(\"Bye. Hope to see you again soon!\");"
      },
      {
        "lineNumber": 45,
        "author": {
          "gitId": "dgc5213"
        },
        "content": "        printLine();"
      },
      {
        "lineNumber": 46,
        "author": {
          "gitId": "dgc5213"
        },
        "content": "    }"
      },
      {
        "lineNumber": 47,
        "author": {
          "gitId": "dgc5213"
        },
        "content": ""
      },
      {
        "lineNumber": 48,
        "author": {
          "gitId": "dgc5213"
        },
        "content": ""
      },
      {
        "lineNumber": 49,
        "author": {
          "gitId": "dgc5213"
        },
        "content": "}"
      }
    ],
    "authorContributionMap": {
      "dgc5213": 49
    }
  },
  {
    "path": "text-ui-test/input.txt",
    "fileType": "txt",
    "lines": [
      {
        "lineNumber": 1,
        "author": {
          "gitId": "dgc5213"
        },
        "content": "todo read book"
      }
    ],
    "authorContributionMap": {
      "dgc5213": 1
    }
  },
  {
    "path": "text-ui-test/runtest.bat",
    "fileType": "bat",
    "lines": [
      {
        "lineNumber": 1,
        "author": {
          "gitId": "-"
        },
        "content": "@ECHO OFF"
      },
      {
        "lineNumber": 2,
        "author": {
          "gitId": "-"
        },
        "content": ""
      },
      {
        "lineNumber": 3,
        "author": {
          "gitId": "-"
        },
        "content": "REM create bin directory if it doesn\u0027t exist"
      },
      {
        "lineNumber": 4,
        "author": {
          "gitId": "-"
        },
        "content": "if not exist ..\\bin mkdir ..\\bin"
      },
      {
        "lineNumber": 5,
        "author": {
          "gitId": "-"
        },
        "content": ""
      },
      {
        "lineNumber": 6,
        "author": {
          "gitId": "-"
        },
        "content": "REM delete output from previous run"
      },
      {
        "lineNumber": 7,
        "author": {
          "gitId": "-"
        },
        "content": "del ACTUAL.TXT"
      },
      {
        "lineNumber": 8,
        "author": {
          "gitId": "-"
        },
        "content": ""
      },
      {
        "lineNumber": 9,
        "author": {
          "gitId": "-"
        },
        "content": "REM compile the code into the bin folder"
      },
      {
        "lineNumber": 10,
        "author": {
          "gitId": "dgc5213"
        },
        "content": "javac  -cp ..\\src\\main\\java -Xlint:none -d ..\\bin ..\\src\\main\\java\\Duke.java"
      },
      {
        "lineNumber": 11,
        "author": {
          "gitId": "dgc5213"
        },
        "content": ""
      },
      {
        "lineNumber": 12,
        "author": {
          "gitId": "-"
        },
        "content": "IF ERRORLEVEL 1 ("
      },
      {
        "lineNumber": 13,
        "author": {
          "gitId": "-"
        },
        "content": "    echo ********** BUILD FAILURE **********"
      },
      {
        "lineNumber": 14,
        "author": {
          "gitId": "-"
        },
        "content": "    exit /b 1"
      },
      {
        "lineNumber": 15,
        "author": {
          "gitId": "-"
        },
        "content": ")"
      },
      {
        "lineNumber": 16,
        "author": {
          "gitId": "-"
        },
        "content": "REM no error here, errorlevel \u003d\u003d 0"
      },
      {
        "lineNumber": 17,
        "author": {
          "gitId": "-"
        },
        "content": ""
      },
      {
        "lineNumber": 18,
        "author": {
          "gitId": "-"
        },
        "content": "REM run the program, feed commands from input.txt file and redirect the output to the ACTUAL.TXT"
      },
      {
        "lineNumber": 19,
        "author": {
          "gitId": "-"
        },
        "content": "java -classpath ..\\bin Duke \u003c input.txt \u003e ACTUAL.TXT"
      },
      {
        "lineNumber": 20,
        "author": {
          "gitId": "-"
        },
        "content": ""
      },
      {
        "lineNumber": 21,
        "author": {
          "gitId": "-"
        },
        "content": "REM compare the output to the expected output"
      },
      {
        "lineNumber": 22,
        "author": {
          "gitId": "-"
        },
        "content": "FC ACTUAL.TXT EXPECTED.TXT"
      }
    ],
    "authorContributionMap": {
      "dgc5213": 2,
      "-": 20
    }
  },
  {
    "path": "text-ui-test/runtest.sh",
    "fileType": "sh",
    "lines": [
      {
        "lineNumber": 1,
        "author": {
          "gitId": "-"
        },
        "content": "#!/usr/bin/env bash"
      },
      {
        "lineNumber": 2,
        "author": {
          "gitId": "-"
        },
        "content": ""
      },
      {
        "lineNumber": 3,
        "author": {
          "gitId": "-"
        },
        "content": "# create bin directory if it doesn\u0027t exist"
      },
      {
        "lineNumber": 4,
        "author": {
          "gitId": "-"
        },
        "content": "if [ ! -d \"../bin\" ]"
      },
      {
        "lineNumber": 5,
        "author": {
          "gitId": "-"
        },
        "content": "then"
      },
      {
        "lineNumber": 6,
        "author": {
          "gitId": "-"
        },
        "content": "    mkdir ../bin"
      },
      {
        "lineNumber": 7,
        "author": {
          "gitId": "-"
        },
        "content": "fi"
      },
      {
        "lineNumber": 8,
        "author": {
          "gitId": "-"
        },
        "content": ""
      },
      {
        "lineNumber": 9,
        "author": {
          "gitId": "-"
        },
        "content": "# delete output from previous run"
      },
      {
        "lineNumber": 10,
        "author": {
          "gitId": "-"
        },
        "content": "if [ -e \"./ACTUAL.TXT\" ]"
      },
      {
        "lineNumber": 11,
        "author": {
          "gitId": "-"
        },
        "content": "then"
      },
      {
        "lineNumber": 12,
        "author": {
          "gitId": "-"
        },
        "content": "    rm ACTUAL.TXT"
      },
      {
        "lineNumber": 13,
        "author": {
          "gitId": "-"
        },
        "content": "fi"
      },
      {
        "lineNumber": 14,
        "author": {
          "gitId": "-"
        },
        "content": ""
      },
      {
        "lineNumber": 15,
        "author": {
          "gitId": "-"
        },
        "content": "# compile the code into the bin folder, terminates if error occurred"
      },
      {
        "lineNumber": 16,
        "author": {
          "gitId": "dgc5213"
        },
        "content": "if ! javac -cp ../src/main/java -Xlint:none -d ../bin ../src/main/java/Duke.java"
      },
      {
        "lineNumber": 17,
        "author": {
          "gitId": "-"
        },
        "content": "then"
      },
      {
        "lineNumber": 18,
        "author": {
          "gitId": "-"
        },
        "content": "    echo \"********** BUILD FAILURE **********\""
      },
      {
        "lineNumber": 19,
        "author": {
          "gitId": "-"
        },
        "content": "    exit 1"
      },
      {
        "lineNumber": 20,
        "author": {
          "gitId": "-"
        },
        "content": "fi"
      },
      {
        "lineNumber": 21,
        "author": {
          "gitId": "-"
        },
        "content": ""
      },
      {
        "lineNumber": 22,
        "author": {
          "gitId": "-"
        },
        "content": "# run the program, feed commands from input.txt file and redirect the output to the ACTUAL.TXT"
      },
      {
        "lineNumber": 23,
        "author": {
          "gitId": "-"
        },
        "content": "java -classpath ../bin Duke \u003c input.txt \u003e ACTUAL.TXT"
      },
      {
        "lineNumber": 24,
        "author": {
          "gitId": "-"
        },
        "content": ""
      },
      {
        "lineNumber": 25,
        "author": {
          "gitId": "-"
        },
        "content": "# convert to UNIX format"
      },
      {
        "lineNumber": 26,
        "author": {
          "gitId": "-"
        },
        "content": "cp EXPECTED.TXT EXPECTED-UNIX.TXT"
      },
      {
        "lineNumber": 27,
        "author": {
          "gitId": "-"
        },
        "content": "dos2unix ACTUAL.TXT EXPECTED-UNIX.TXT"
      },
      {
        "lineNumber": 28,
        "author": {
          "gitId": "-"
        },
        "content": ""
      },
      {
        "lineNumber": 29,
        "author": {
          "gitId": "-"
        },
        "content": "# compare the output to the expected output"
      },
      {
        "lineNumber": 30,
        "author": {
          "gitId": "-"
        },
        "content": "diff ACTUAL.TXT EXPECTED-UNIX.TXT"
      },
      {
        "lineNumber": 31,
        "author": {
          "gitId": "-"
        },
        "content": "if [ $? -eq 0 ]"
      },
      {
        "lineNumber": 32,
        "author": {
          "gitId": "-"
        },
        "content": "then"
      },
      {
        "lineNumber": 33,
        "author": {
          "gitId": "-"
        },
        "content": "    echo \"Test result: PASSED\""
      },
      {
        "lineNumber": 34,
        "author": {
          "gitId": "-"
        },
        "content": "    exit 0"
      },
      {
        "lineNumber": 35,
        "author": {
          "gitId": "-"
        },
        "content": "else"
      },
      {
        "lineNumber": 36,
        "author": {
          "gitId": "-"
        },
        "content": "    echo \"Test result: FAILED\""
      },
      {
        "lineNumber": 37,
        "author": {
          "gitId": "-"
        },
        "content": "    exit 1"
      },
      {
        "lineNumber": 38,
        "author": {
          "gitId": "-"
        },
        "content": "fi"
      }
    ],
    "authorContributionMap": {
      "dgc5213": 1,
      "-": 37
    }
  }
]
