[
  {
    "path": "src/main/java/Deadline.java",
    "fileType": "java",
    "lines": [
      {
        "lineNumber": 1,
        "author": {
          "gitId": "dgc5213"
        },
        "content": "public class Deadline extends Task{"
      },
      {
        "lineNumber": 2,
        "author": {
          "gitId": "dgc5213"
        },
        "content": "    protected String by;"
      },
      {
        "lineNumber": 3,
        "author": {
          "gitId": "dgc5213"
        },
        "content": ""
      },
      {
        "lineNumber": 4,
        "author": {
          "gitId": "dgc5213"
        },
        "content": "    public Deadline(String description,String by) {"
      },
      {
        "lineNumber": 5,
        "author": {
          "gitId": "dgc5213"
        },
        "content": "        super(description);"
      },
      {
        "lineNumber": 6,
        "author": {
          "gitId": "dgc5213"
        },
        "content": "        this.by \u003d by;"
      },
      {
        "lineNumber": 7,
        "author": {
          "gitId": "dgc5213"
        },
        "content": "    }"
      },
      {
        "lineNumber": 8,
        "author": {
          "gitId": "dgc5213"
        },
        "content": ""
      },
      {
        "lineNumber": 9,
        "author": {
          "gitId": "dgc5213"
        },
        "content": "    @Override"
      },
      {
        "lineNumber": 10,
        "author": {
          "gitId": "dgc5213"
        },
        "content": "    public String toString() {"
      },
      {
        "lineNumber": 11,
        "author": {
          "gitId": "dgc5213"
        },
        "content": "        return \"[D]\" + super.toString() + \" (by: \" + by + \")\";"
      },
      {
        "lineNumber": 12,
        "author": {
          "gitId": "dgc5213"
        },
        "content": "    }"
      },
      {
        "lineNumber": 13,
        "author": {
          "gitId": "dgc5213"
        },
        "content": ""
      },
      {
        "lineNumber": 14,
        "author": {
          "gitId": "dgc5213"
        },
        "content": ""
      },
      {
        "lineNumber": 15,
        "author": {
          "gitId": "dgc5213"
        },
        "content": "}"
      }
    ],
    "authorContributionMap": {
      "dgc5213": 15
    }
  },
  {
    "path": "src/main/java/Duke.java",
    "fileType": "java",
    "lines": [
      {
        "lineNumber": 1,
        "author": {
          "gitId": "-"
        },
        "content": "public class Duke {"
      },
      {
        "lineNumber": 2,
        "author": {
          "gitId": "-"
        },
        "content": "    public static void main(String[] args) {"
      },
      {
        "lineNumber": 3,
        "author": {
          "gitId": "dgc5213"
        },
        "content": ""
      },
      {
        "lineNumber": 4,
        "author": {
          "gitId": "dgc5213"
        },
        "content": "        Ui ui \u003d new Ui();"
      },
      {
        "lineNumber": 5,
        "author": {
          "gitId": "dgc5213"
        },
        "content": "        ProgramExit programExit \u003d new ProgramExit();"
      },
      {
        "lineNumber": 6,
        "author": {
          "gitId": "dgc5213"
        },
        "content": "        Parser parser \u003d new Parser();"
      },
      {
        "lineNumber": 7,
        "author": {
          "gitId": "dgc5213"
        },
        "content": "        TodoList todoList \u003d new TodoList();"
      },
      {
        "lineNumber": 8,
        "author": {
          "gitId": "dgc5213"
        },
        "content": ""
      },
      {
        "lineNumber": 9,
        "author": {
          "gitId": "dgc5213"
        },
        "content": "        Ui.sayWelcome();"
      },
      {
        "lineNumber": 10,
        "author": {
          "gitId": "dgc5213"
        },
        "content": "        while (!programExit.getIsExit()) {"
      },
      {
        "lineNumber": 11,
        "author": {
          "gitId": "dgc5213"
        },
        "content": "            parser.getCommand(Ui.readUserCommand(), ui, programExit, todoList);"
      },
      {
        "lineNumber": 12,
        "author": {
          "gitId": "dgc5213"
        },
        "content": "        }"
      },
      {
        "lineNumber": 13,
        "author": {
          "gitId": "dgc5213"
        },
        "content": ""
      },
      {
        "lineNumber": 14,
        "author": {
          "gitId": "dgc5213"
        },
        "content": ""
      },
      {
        "lineNumber": 15,
        "author": {
          "gitId": "-"
        },
        "content": "    }"
      },
      {
        "lineNumber": 16,
        "author": {
          "gitId": "-"
        },
        "content": "}"
      }
    ],
    "authorContributionMap": {
      "dgc5213": 12,
      "-": 4
    }
  },
  {
    "path": "src/main/java/Event.java",
    "fileType": "java",
    "lines": [
      {
        "lineNumber": 1,
        "author": {
          "gitId": "dgc5213"
        },
        "content": "public class Event extends Task {"
      },
      {
        "lineNumber": 2,
        "author": {
          "gitId": "dgc5213"
        },
        "content": "    protected String at;"
      },
      {
        "lineNumber": 3,
        "author": {
          "gitId": "dgc5213"
        },
        "content": "    public Event(String description ,String at) {"
      },
      {
        "lineNumber": 4,
        "author": {
          "gitId": "dgc5213"
        },
        "content": "        super(description);"
      },
      {
        "lineNumber": 5,
        "author": {
          "gitId": "dgc5213"
        },
        "content": "        this.at \u003d at;"
      },
      {
        "lineNumber": 6,
        "author": {
          "gitId": "dgc5213"
        },
        "content": "    }"
      },
      {
        "lineNumber": 7,
        "author": {
          "gitId": "dgc5213"
        },
        "content": ""
      },
      {
        "lineNumber": 8,
        "author": {
          "gitId": "dgc5213"
        },
        "content": ""
      },
      {
        "lineNumber": 9,
        "author": {
          "gitId": "dgc5213"
        },
        "content": ""
      },
      {
        "lineNumber": 10,
        "author": {
          "gitId": "dgc5213"
        },
        "content": ""
      },
      {
        "lineNumber": 11,
        "author": {
          "gitId": "dgc5213"
        },
        "content": "    @Override"
      },
      {
        "lineNumber": 12,
        "author": {
          "gitId": "dgc5213"
        },
        "content": "    public String toString() {"
      },
      {
        "lineNumber": 13,
        "author": {
          "gitId": "dgc5213"
        },
        "content": "        return \"[E]\" + super.toString() + \" (at: \" + at + \")\";"
      },
      {
        "lineNumber": 14,
        "author": {
          "gitId": "dgc5213"
        },
        "content": "    }"
      },
      {
        "lineNumber": 15,
        "author": {
          "gitId": "dgc5213"
        },
        "content": ""
      },
      {
        "lineNumber": 16,
        "author": {
          "gitId": "dgc5213"
        },
        "content": ""
      },
      {
        "lineNumber": 17,
        "author": {
          "gitId": "dgc5213"
        },
        "content": "}"
      }
    ],
    "authorContributionMap": {
      "dgc5213": 17
    }
  },
  {
    "path": "src/main/java/Parser.java",
    "fileType": "java",
    "lines": [
      {
        "lineNumber": 1,
        "author": {
          "gitId": "dgc5213"
        },
        "content": "import static javafx.application.Platform.exit;"
      },
      {
        "lineNumber": 2,
        "author": {
          "gitId": "dgc5213"
        },
        "content": ""
      },
      {
        "lineNumber": 3,
        "author": {
          "gitId": "dgc5213"
        },
        "content": "public class Parser {"
      },
      {
        "lineNumber": 4,
        "author": {
          "gitId": "dgc5213"
        },
        "content": ""
      },
      {
        "lineNumber": 5,
        "author": {
          "gitId": "dgc5213"
        },
        "content": "    public static String filterTaskDetails(String line) {"
      },
      {
        "lineNumber": 6,
        "author": {
          "gitId": "dgc5213"
        },
        "content": "        String task_detail \u003d \"\";"
      },
      {
        "lineNumber": 7,
        "author": {
          "gitId": "dgc5213"
        },
        "content": "        int len \u003d line.split(\" \").length; //// to check who many words"
      },
      {
        "lineNumber": 8,
        "author": {
          "gitId": "dgc5213"
        },
        "content": "        String[] line_arr \u003d line.split(\" \", 2);"
      },
      {
        "lineNumber": 9,
        "author": {
          "gitId": "dgc5213"
        },
        "content": "        if (len \u003e 1) {"
      },
      {
        "lineNumber": 10,
        "author": {
          "gitId": "dgc5213"
        },
        "content": "            task_detail \u003d line_arr[1];  // filter out the first words"
      },
      {
        "lineNumber": 11,
        "author": {
          "gitId": "dgc5213"
        },
        "content": "        } else {"
      },
      {
        "lineNumber": 12,
        "author": {
          "gitId": "dgc5213"
        },
        "content": "            throw new NullPointerException(\"TASK is Empty/Null: Returning to Main Menu\");"
      },
      {
        "lineNumber": 13,
        "author": {
          "gitId": "dgc5213"
        },
        "content": "        }"
      },
      {
        "lineNumber": 14,
        "author": {
          "gitId": "dgc5213"
        },
        "content": "        return task_detail;"
      },
      {
        "lineNumber": 15,
        "author": {
          "gitId": "dgc5213"
        },
        "content": "    }"
      },
      {
        "lineNumber": 16,
        "author": {
          "gitId": "dgc5213"
        },
        "content": ""
      },
      {
        "lineNumber": 17,
        "author": {
          "gitId": "dgc5213"
        },
        "content": "    public String getSecondWord(String input) {"
      },
      {
        "lineNumber": 18,
        "author": {
          "gitId": "dgc5213"
        },
        "content": "        String commandSecondWord \u003d input.split(\" \")[1];"
      },
      {
        "lineNumber": 19,
        "author": {
          "gitId": "dgc5213"
        },
        "content": "        return commandSecondWord;"
      },
      {
        "lineNumber": 20,
        "author": {
          "gitId": "dgc5213"
        },
        "content": "    }"
      },
      {
        "lineNumber": 21,
        "author": {
          "gitId": "dgc5213"
        },
        "content": ""
      },
      {
        "lineNumber": 22,
        "author": {
          "gitId": "dgc5213"
        },
        "content": "    public void getCommand(String input, Ui ui, ProgramExit programExit, TodoList todoList) {"
      },
      {
        "lineNumber": 23,
        "author": {
          "gitId": "dgc5213"
        },
        "content": ""
      },
      {
        "lineNumber": 24,
        "author": {
          "gitId": "dgc5213"
        },
        "content": "        String commandFirstWord \u003d input.split(\" \")[0];//extract the first word of the user input"
      },
      {
        "lineNumber": 25,
        "author": {
          "gitId": "dgc5213"
        },
        "content": ""
      },
      {
        "lineNumber": 26,
        "author": {
          "gitId": "dgc5213"
        },
        "content": ""
      },
      {
        "lineNumber": 27,
        "author": {
          "gitId": "dgc5213"
        },
        "content": "        try {"
      },
      {
        "lineNumber": 28,
        "author": {
          "gitId": "dgc5213"
        },
        "content": ""
      },
      {
        "lineNumber": 29,
        "author": {
          "gitId": "dgc5213"
        },
        "content": "            switch (commandFirstWord) {"
      },
      {
        "lineNumber": 30,
        "author": {
          "gitId": "dgc5213"
        },
        "content": ""
      },
      {
        "lineNumber": 31,
        "author": {
          "gitId": "dgc5213"
        },
        "content": ""
      },
      {
        "lineNumber": 32,
        "author": {
          "gitId": "dgc5213"
        },
        "content": "                case \"bye\":"
      },
      {
        "lineNumber": 33,
        "author": {
          "gitId": "dgc5213"
        },
        "content": "                    ui.sayBye();"
      },
      {
        "lineNumber": 34,
        "author": {
          "gitId": "dgc5213"
        },
        "content": "                    programExit.toExit();"
      },
      {
        "lineNumber": 35,
        "author": {
          "gitId": "dgc5213"
        },
        "content": "                    break;"
      },
      {
        "lineNumber": 36,
        "author": {
          "gitId": "dgc5213"
        },
        "content": "                case \"list\":"
      },
      {
        "lineNumber": 37,
        "author": {
          "gitId": "dgc5213"
        },
        "content": "                    Ui.printLine();"
      },
      {
        "lineNumber": 38,
        "author": {
          "gitId": "dgc5213"
        },
        "content": "                    todoList.listAllTasks();"
      },
      {
        "lineNumber": 39,
        "author": {
          "gitId": "dgc5213"
        },
        "content": "                    Ui.printLine();"
      },
      {
        "lineNumber": 40,
        "author": {
          "gitId": "dgc5213"
        },
        "content": "                    break;"
      },
      {
        "lineNumber": 41,
        "author": {
          "gitId": "dgc5213"
        },
        "content": "                case \"done\":"
      },
      {
        "lineNumber": 42,
        "author": {
          "gitId": "dgc5213"
        },
        "content": "                    Ui.printLine();"
      },
      {
        "lineNumber": 43,
        "author": {
          "gitId": "dgc5213"
        },
        "content": "                    todoList.markSelectedTaskDone(getSecondWord(input));"
      },
      {
        "lineNumber": 44,
        "author": {
          "gitId": "dgc5213"
        },
        "content": "                    Ui.printLine();"
      },
      {
        "lineNumber": 45,
        "author": {
          "gitId": "dgc5213"
        },
        "content": "                    break;"
      },
      {
        "lineNumber": 46,
        "author": {
          "gitId": "dgc5213"
        },
        "content": "                case \"todo\":"
      },
      {
        "lineNumber": 47,
        "author": {
          "gitId": "dgc5213"
        },
        "content": "                    Ui.printLine();"
      },
      {
        "lineNumber": 48,
        "author": {
          "gitId": "dgc5213"
        },
        "content": "                    todoList.addToDoType(filterTaskDetails(input));"
      },
      {
        "lineNumber": 49,
        "author": {
          "gitId": "dgc5213"
        },
        "content": "                    todoList.readTaskFromUser(filterTaskDetails(input));"
      },
      {
        "lineNumber": 50,
        "author": {
          "gitId": "dgc5213"
        },
        "content": "                    Ui.printLine();"
      },
      {
        "lineNumber": 51,
        "author": {
          "gitId": "dgc5213"
        },
        "content": "                    break;"
      },
      {
        "lineNumber": 52,
        "author": {
          "gitId": "dgc5213"
        },
        "content": "                case \"deadline\":"
      },
      {
        "lineNumber": 53,
        "author": {
          "gitId": "dgc5213"
        },
        "content": "                    Ui.printLine();"
      },
      {
        "lineNumber": 54,
        "author": {
          "gitId": "dgc5213"
        },
        "content": "                    todoList.addDeadlineType(filterTaskDetails(input));"
      },
      {
        "lineNumber": 55,
        "author": {
          "gitId": "dgc5213"
        },
        "content": "                    todoList.readTaskFromUser(filterTaskDetails(input));"
      },
      {
        "lineNumber": 56,
        "author": {
          "gitId": "dgc5213"
        },
        "content": "                    Ui.printLine();"
      },
      {
        "lineNumber": 57,
        "author": {
          "gitId": "dgc5213"
        },
        "content": "                    break;"
      },
      {
        "lineNumber": 58,
        "author": {
          "gitId": "dgc5213"
        },
        "content": "                case \"event\":"
      },
      {
        "lineNumber": 59,
        "author": {
          "gitId": "dgc5213"
        },
        "content": "                    Ui.printLine();"
      },
      {
        "lineNumber": 60,
        "author": {
          "gitId": "dgc5213"
        },
        "content": "                    todoList.addEventType(filterTaskDetails(input));"
      },
      {
        "lineNumber": 61,
        "author": {
          "gitId": "dgc5213"
        },
        "content": "                    todoList.readTaskFromUser(filterTaskDetails(input));"
      },
      {
        "lineNumber": 62,
        "author": {
          "gitId": "dgc5213"
        },
        "content": "                    Ui.printLine();"
      },
      {
        "lineNumber": 63,
        "author": {
          "gitId": "dgc5213"
        },
        "content": "                    break;"
      },
      {
        "lineNumber": 64,
        "author": {
          "gitId": "dgc5213"
        },
        "content": "                default:"
      },
      {
        "lineNumber": 65,
        "author": {
          "gitId": "dgc5213"
        },
        "content": "                    Ui.printLine();"
      },
      {
        "lineNumber": 66,
        "author": {
          "gitId": "dgc5213"
        },
        "content": "                    Ui.showMessage(\"☹ OOPS!!! I\u0027m sorry, but I don\u0027t know what that means :-(\");"
      },
      {
        "lineNumber": 67,
        "author": {
          "gitId": "dgc5213"
        },
        "content": "                    Ui.printLine();"
      },
      {
        "lineNumber": 68,
        "author": {
          "gitId": "dgc5213"
        },
        "content": ""
      },
      {
        "lineNumber": 69,
        "author": {
          "gitId": "dgc5213"
        },
        "content": "            }"
      },
      {
        "lineNumber": 70,
        "author": {
          "gitId": "dgc5213"
        },
        "content": ""
      },
      {
        "lineNumber": 71,
        "author": {
          "gitId": "dgc5213"
        },
        "content": "        } catch (Exception e) {"
      },
      {
        "lineNumber": 72,
        "author": {
          "gitId": "dgc5213"
        },
        "content": "            Ui.showMessage(e.getMessage());"
      },
      {
        "lineNumber": 73,
        "author": {
          "gitId": "dgc5213"
        },
        "content": "        }"
      },
      {
        "lineNumber": 74,
        "author": {
          "gitId": "dgc5213"
        },
        "content": ""
      },
      {
        "lineNumber": 75,
        "author": {
          "gitId": "dgc5213"
        },
        "content": ""
      },
      {
        "lineNumber": 76,
        "author": {
          "gitId": "dgc5213"
        },
        "content": "    }"
      },
      {
        "lineNumber": 77,
        "author": {
          "gitId": "dgc5213"
        },
        "content": ""
      },
      {
        "lineNumber": 78,
        "author": {
          "gitId": "dgc5213"
        },
        "content": ""
      },
      {
        "lineNumber": 79,
        "author": {
          "gitId": "dgc5213"
        },
        "content": "}"
      },
      {
        "lineNumber": 80,
        "author": {
          "gitId": "dgc5213"
        },
        "content": ""
      },
      {
        "lineNumber": 81,
        "author": {
          "gitId": "dgc5213"
        },
        "content": ""
      },
      {
        "lineNumber": 82,
        "author": {
          "gitId": "dgc5213"
        },
        "content": ""
      },
      {
        "lineNumber": 83,
        "author": {
          "gitId": "dgc5213"
        },
        "content": ""
      },
      {
        "lineNumber": 84,
        "author": {
          "gitId": "dgc5213"
        },
        "content": ""
      },
      {
        "lineNumber": 85,
        "author": {
          "gitId": "dgc5213"
        },
        "content": ""
      },
      {
        "lineNumber": 86,
        "author": {
          "gitId": "dgc5213"
        },
        "content": ""
      },
      {
        "lineNumber": 87,
        "author": {
          "gitId": "dgc5213"
        },
        "content": ""
      },
      {
        "lineNumber": 88,
        "author": {
          "gitId": "dgc5213"
        },
        "content": ""
      },
      {
        "lineNumber": 89,
        "author": {
          "gitId": "dgc5213"
        },
        "content": ""
      },
      {
        "lineNumber": 90,
        "author": {
          "gitId": "dgc5213"
        },
        "content": ""
      },
      {
        "lineNumber": 91,
        "author": {
          "gitId": "dgc5213"
        },
        "content": ""
      },
      {
        "lineNumber": 92,
        "author": {
          "gitId": "dgc5213"
        },
        "content": ""
      },
      {
        "lineNumber": 93,
        "author": {
          "gitId": "dgc5213"
        },
        "content": ""
      },
      {
        "lineNumber": 94,
        "author": {
          "gitId": "dgc5213"
        },
        "content": ""
      },
      {
        "lineNumber": 95,
        "author": {
          "gitId": "dgc5213"
        },
        "content": ""
      }
    ],
    "authorContributionMap": {
      "dgc5213": 95
    }
  },
  {
    "path": "src/main/java/ProgramExit.java",
    "fileType": "java",
    "lines": [
      {
        "lineNumber": 1,
        "author": {
          "gitId": "dgc5213"
        },
        "content": "public class ProgramExit {"
      },
      {
        "lineNumber": 2,
        "author": {
          "gitId": "dgc5213"
        },
        "content": "    private boolean isExit;"
      },
      {
        "lineNumber": 3,
        "author": {
          "gitId": "dgc5213"
        },
        "content": ""
      },
      {
        "lineNumber": 4,
        "author": {
          "gitId": "dgc5213"
        },
        "content": "    ProgramExit() {"
      },
      {
        "lineNumber": 5,
        "author": {
          "gitId": "dgc5213"
        },
        "content": "        isExit \u003d false;"
      },
      {
        "lineNumber": 6,
        "author": {
          "gitId": "dgc5213"
        },
        "content": ""
      },
      {
        "lineNumber": 7,
        "author": {
          "gitId": "dgc5213"
        },
        "content": "    }"
      },
      {
        "lineNumber": 8,
        "author": {
          "gitId": "dgc5213"
        },
        "content": ""
      },
      {
        "lineNumber": 9,
        "author": {
          "gitId": "dgc5213"
        },
        "content": "    public void toExit() {"
      },
      {
        "lineNumber": 10,
        "author": {
          "gitId": "dgc5213"
        },
        "content": "        isExit \u003d true;"
      },
      {
        "lineNumber": 11,
        "author": {
          "gitId": "dgc5213"
        },
        "content": "    }"
      },
      {
        "lineNumber": 12,
        "author": {
          "gitId": "dgc5213"
        },
        "content": ""
      },
      {
        "lineNumber": 13,
        "author": {
          "gitId": "dgc5213"
        },
        "content": "    public boolean getIsExit() {"
      },
      {
        "lineNumber": 14,
        "author": {
          "gitId": "dgc5213"
        },
        "content": "        return isExit;"
      },
      {
        "lineNumber": 15,
        "author": {
          "gitId": "dgc5213"
        },
        "content": "    }"
      },
      {
        "lineNumber": 16,
        "author": {
          "gitId": "dgc5213"
        },
        "content": ""
      },
      {
        "lineNumber": 17,
        "author": {
          "gitId": "dgc5213"
        },
        "content": ""
      },
      {
        "lineNumber": 18,
        "author": {
          "gitId": "dgc5213"
        },
        "content": "}"
      }
    ],
    "authorContributionMap": {
      "dgc5213": 18
    }
  },
  {
    "path": "src/main/java/Task.java",
    "fileType": "java",
    "lines": [
      {
        "lineNumber": 1,
        "author": {
          "gitId": "dgc5213"
        },
        "content": "public class Task {"
      },
      {
        "lineNumber": 2,
        "author": {
          "gitId": "dgc5213"
        },
        "content": "    protected String description;"
      },
      {
        "lineNumber": 3,
        "author": {
          "gitId": "dgc5213"
        },
        "content": "    protected boolean isDone;"
      },
      {
        "lineNumber": 4,
        "author": {
          "gitId": "dgc5213"
        },
        "content": ""
      },
      {
        "lineNumber": 5,
        "author": {
          "gitId": "dgc5213"
        },
        "content": "    public Task(String description) {"
      },
      {
        "lineNumber": 6,
        "author": {
          "gitId": "dgc5213"
        },
        "content": "        this.description \u003d description;"
      },
      {
        "lineNumber": 7,
        "author": {
          "gitId": "dgc5213"
        },
        "content": "        isDone \u003d false;"
      },
      {
        "lineNumber": 8,
        "author": {
          "gitId": "dgc5213"
        },
        "content": "    }"
      },
      {
        "lineNumber": 9,
        "author": {
          "gitId": "dgc5213"
        },
        "content": ""
      },
      {
        "lineNumber": 10,
        "author": {
          "gitId": "dgc5213"
        },
        "content": "    public String getStatusIcon() {"
      },
      {
        "lineNumber": 11,
        "author": {
          "gitId": "dgc5213"
        },
        "content": "        return (isDone ? \"\\u2713\" : \"\\u2718\"); //return tick or X symbols"
      },
      {
        "lineNumber": 12,
        "author": {
          "gitId": "dgc5213"
        },
        "content": "    }"
      },
      {
        "lineNumber": 13,
        "author": {
          "gitId": "dgc5213"
        },
        "content": ""
      },
      {
        "lineNumber": 14,
        "author": {
          "gitId": "dgc5213"
        },
        "content": ""
      },
      {
        "lineNumber": 15,
        "author": {
          "gitId": "dgc5213"
        },
        "content": "    public String getDescription() {"
      },
      {
        "lineNumber": 16,
        "author": {
          "gitId": "dgc5213"
        },
        "content": "        return description;"
      },
      {
        "lineNumber": 17,
        "author": {
          "gitId": "dgc5213"
        },
        "content": "    }"
      },
      {
        "lineNumber": 18,
        "author": {
          "gitId": "dgc5213"
        },
        "content": ""
      },
      {
        "lineNumber": 19,
        "author": {
          "gitId": "dgc5213"
        },
        "content": ""
      },
      {
        "lineNumber": 20,
        "author": {
          "gitId": "dgc5213"
        },
        "content": "    public void setDone() {"
      },
      {
        "lineNumber": 21,
        "author": {
          "gitId": "dgc5213"
        },
        "content": "        isDone \u003d true;"
      },
      {
        "lineNumber": 22,
        "author": {
          "gitId": "dgc5213"
        },
        "content": "    }"
      },
      {
        "lineNumber": 23,
        "author": {
          "gitId": "dgc5213"
        },
        "content": ""
      },
      {
        "lineNumber": 24,
        "author": {
          "gitId": "dgc5213"
        },
        "content": ""
      },
      {
        "lineNumber": 25,
        "author": {
          "gitId": "dgc5213"
        },
        "content": "    @Override"
      },
      {
        "lineNumber": 26,
        "author": {
          "gitId": "dgc5213"
        },
        "content": "    public String toString() {"
      },
      {
        "lineNumber": 27,
        "author": {
          "gitId": "dgc5213"
        },
        "content": ""
      },
      {
        "lineNumber": 28,
        "author": {
          "gitId": "dgc5213"
        },
        "content": ""
      },
      {
        "lineNumber": 29,
        "author": {
          "gitId": "dgc5213"
        },
        "content": "        return \"[\"+getStatusIcon()+\"]\"+\" \"+getDescription();"
      },
      {
        "lineNumber": 30,
        "author": {
          "gitId": "dgc5213"
        },
        "content": "    }"
      },
      {
        "lineNumber": 31,
        "author": {
          "gitId": "dgc5213"
        },
        "content": ""
      },
      {
        "lineNumber": 32,
        "author": {
          "gitId": "dgc5213"
        },
        "content": ""
      },
      {
        "lineNumber": 33,
        "author": {
          "gitId": "dgc5213"
        },
        "content": "}"
      }
    ],
    "authorContributionMap": {
      "dgc5213": 33
    }
  },
  {
    "path": "src/main/java/Todo.java",
    "fileType": "java",
    "lines": [
      {
        "lineNumber": 1,
        "author": {
          "gitId": "dgc5213"
        },
        "content": "public class Todo extends Task{"
      },
      {
        "lineNumber": 2,
        "author": {
          "gitId": "dgc5213"
        },
        "content": "    public Todo(String description) {"
      },
      {
        "lineNumber": 3,
        "author": {
          "gitId": "dgc5213"
        },
        "content": "        super(description);"
      },
      {
        "lineNumber": 4,
        "author": {
          "gitId": "dgc5213"
        },
        "content": "    }"
      },
      {
        "lineNumber": 5,
        "author": {
          "gitId": "dgc5213"
        },
        "content": "    @Override"
      },
      {
        "lineNumber": 6,
        "author": {
          "gitId": "dgc5213"
        },
        "content": "    public String toString(){"
      },
      {
        "lineNumber": 7,
        "author": {
          "gitId": "dgc5213"
        },
        "content": "        return \"[T]\" + super.toString();"
      },
      {
        "lineNumber": 8,
        "author": {
          "gitId": "dgc5213"
        },
        "content": "    }"
      },
      {
        "lineNumber": 9,
        "author": {
          "gitId": "dgc5213"
        },
        "content": ""
      },
      {
        "lineNumber": 10,
        "author": {
          "gitId": "dgc5213"
        },
        "content": "}"
      }
    ],
    "authorContributionMap": {
      "dgc5213": 10
    }
  },
  {
    "path": "src/main/java/TodoList.java",
    "fileType": "java",
    "lines": [
      {
        "lineNumber": 1,
        "author": {
          "gitId": "dgc5213"
        },
        "content": "import java.util.ArrayList;"
      },
      {
        "lineNumber": 2,
        "author": {
          "gitId": "dgc5213"
        },
        "content": ""
      },
      {
        "lineNumber": 3,
        "author": {
          "gitId": "dgc5213"
        },
        "content": "public class TodoList {"
      },
      {
        "lineNumber": 4,
        "author": {
          "gitId": "dgc5213"
        },
        "content": "    private ArrayList\u003cTask\u003e taskList;"
      },
      {
        "lineNumber": 5,
        "author": {
          "gitId": "dgc5213"
        },
        "content": ""
      },
      {
        "lineNumber": 6,
        "author": {
          "gitId": "dgc5213"
        },
        "content": "    public TodoList() {"
      },
      {
        "lineNumber": 7,
        "author": {
          "gitId": "dgc5213"
        },
        "content": "        taskList \u003d new ArrayList\u003c\u003e();"
      },
      {
        "lineNumber": 8,
        "author": {
          "gitId": "dgc5213"
        },
        "content": "    }"
      },
      {
        "lineNumber": 9,
        "author": {
          "gitId": "dgc5213"
        },
        "content": ""
      },
      {
        "lineNumber": 10,
        "author": {
          "gitId": "dgc5213"
        },
        "content": "    public void listAllTasks() {"
      },
      {
        "lineNumber": 11,
        "author": {
          "gitId": "dgc5213"
        },
        "content": "        Ui.showMessage(\"Here are the tasks in your list:\");"
      },
      {
        "lineNumber": 12,
        "author": {
          "gitId": "dgc5213"
        },
        "content": "        for (int i \u003d 0; i \u003c taskList.size(); i++) {"
      },
      {
        "lineNumber": 13,
        "author": {
          "gitId": "dgc5213"
        },
        "content": "//            Ui.showMessage((i + 1) + \".\" + \"[\" + taskList.get(i).getStatusIcon() + \"] \" + taskList.get(i).getDescription());"
      },
      {
        "lineNumber": 14,
        "author": {
          "gitId": "dgc5213"
        },
        "content": "            Ui.showMessage((i + 1) + \".\" +taskList.get(i).toString());"
      },
      {
        "lineNumber": 15,
        "author": {
          "gitId": "dgc5213"
        },
        "content": "        }"
      },
      {
        "lineNumber": 16,
        "author": {
          "gitId": "dgc5213"
        },
        "content": "    }"
      },
      {
        "lineNumber": 17,
        "author": {
          "gitId": "dgc5213"
        },
        "content": ""
      },
      {
        "lineNumber": 18,
        "author": {
          "gitId": "dgc5213"
        },
        "content": ""
      },
      {
        "lineNumber": 19,
        "author": {
          "gitId": "dgc5213"
        },
        "content": "    public void addToDoType(String toAddTaskDetails){"
      },
      {
        "lineNumber": 20,
        "author": {
          "gitId": "dgc5213"
        },
        "content": "        taskList.add(new Todo(toAddTaskDetails));"
      },
      {
        "lineNumber": 21,
        "author": {
          "gitId": "dgc5213"
        },
        "content": "    }"
      },
      {
        "lineNumber": 22,
        "author": {
          "gitId": "dgc5213"
        },
        "content": ""
      },
      {
        "lineNumber": 23,
        "author": {
          "gitId": "dgc5213"
        },
        "content": ""
      },
      {
        "lineNumber": 24,
        "author": {
          "gitId": "dgc5213"
        },
        "content": "    public void addDeadlineType(String toAddTaskDetails){"
      },
      {
        "lineNumber": 25,
        "author": {
          "gitId": "dgc5213"
        },
        "content": "        String task_description \u003d (toAddTaskDetails.split(\"/by\")[0]).trim();"
      },
      {
        "lineNumber": 26,
        "author": {
          "gitId": "dgc5213"
        },
        "content": "        String task_deadline\u003d(toAddTaskDetails.split(\"/by\")[1]).trim();"
      },
      {
        "lineNumber": 27,
        "author": {
          "gitId": "dgc5213"
        },
        "content": "        taskList.add(new Deadline(task_description,task_deadline));"
      },
      {
        "lineNumber": 28,
        "author": {
          "gitId": "dgc5213"
        },
        "content": "    }"
      },
      {
        "lineNumber": 29,
        "author": {
          "gitId": "dgc5213"
        },
        "content": ""
      },
      {
        "lineNumber": 30,
        "author": {
          "gitId": "dgc5213"
        },
        "content": "    public void addEventType(String toAddTaskDetails){"
      },
      {
        "lineNumber": 31,
        "author": {
          "gitId": "dgc5213"
        },
        "content": "        String task_description \u003d (toAddTaskDetails.split(\"/at\")[0]).trim();"
      },
      {
        "lineNumber": 32,
        "author": {
          "gitId": "dgc5213"
        },
        "content": "        String task_eventDate\u003d(toAddTaskDetails.split(\"/at\")[1]).trim();"
      },
      {
        "lineNumber": 33,
        "author": {
          "gitId": "dgc5213"
        },
        "content": "        taskList.add(new Event(task_description,task_eventDate));"
      },
      {
        "lineNumber": 34,
        "author": {
          "gitId": "dgc5213"
        },
        "content": "    }"
      },
      {
        "lineNumber": 35,
        "author": {
          "gitId": "dgc5213"
        },
        "content": ""
      },
      {
        "lineNumber": 36,
        "author": {
          "gitId": "dgc5213"
        },
        "content": ""
      },
      {
        "lineNumber": 37,
        "author": {
          "gitId": "dgc5213"
        },
        "content": ""
      },
      {
        "lineNumber": 38,
        "author": {
          "gitId": "dgc5213"
        },
        "content": "    public void readTaskFromUser(String input) {"
      },
      {
        "lineNumber": 39,
        "author": {
          "gitId": "dgc5213"
        },
        "content": "        Ui.showMessage(\"Got it. I\u0027ve added this task:\");"
      },
      {
        "lineNumber": 40,
        "author": {
          "gitId": "dgc5213"
        },
        "content": "        int currentNewAddedTaskIndex\u003d(taskList.size()-1);"
      },
      {
        "lineNumber": 41,
        "author": {
          "gitId": "dgc5213"
        },
        "content": "        Ui.showMessage(\"  \"+taskList.get(currentNewAddedTaskIndex).toString());"
      },
      {
        "lineNumber": 42,
        "author": {
          "gitId": "dgc5213"
        },
        "content": "        Ui.showMessage(\"Now you have \"+taskList.size()+\" tasks in the list.\");"
      },
      {
        "lineNumber": 43,
        "author": {
          "gitId": "dgc5213"
        },
        "content": "    }"
      },
      {
        "lineNumber": 44,
        "author": {
          "gitId": "dgc5213"
        },
        "content": ""
      },
      {
        "lineNumber": 45,
        "author": {
          "gitId": "dgc5213"
        },
        "content": ""
      },
      {
        "lineNumber": 46,
        "author": {
          "gitId": "dgc5213"
        },
        "content": "    public void markSelectedTaskDone(String selectedTask) {"
      },
      {
        "lineNumber": 47,
        "author": {
          "gitId": "dgc5213"
        },
        "content": ""
      },
      {
        "lineNumber": 48,
        "author": {
          "gitId": "dgc5213"
        },
        "content": "        try {"
      },
      {
        "lineNumber": 49,
        "author": {
          "gitId": "dgc5213"
        },
        "content": "            // checking if the task number is given and empty string or null"
      },
      {
        "lineNumber": 50,
        "author": {
          "gitId": "dgc5213"
        },
        "content": "            if (selectedTask.trim().equals(\"\") || selectedTask \u003d\u003d null) {"
      },
      {
        "lineNumber": 51,
        "author": {
          "gitId": "dgc5213"
        },
        "content": "                throw new NullPointerException(\"TASK NUM is Empty/Null: Returning to Main Menu\");"
      },
      {
        "lineNumber": 52,
        "author": {
          "gitId": "dgc5213"
        },
        "content": "            }"
      },
      {
        "lineNumber": 53,
        "author": {
          "gitId": "dgc5213"
        },
        "content": ""
      },
      {
        "lineNumber": 54,
        "author": {
          "gitId": "dgc5213"
        },
        "content": "            int taskIndex \u003d Integer.parseInt(selectedTask) - 1;"
      },
      {
        "lineNumber": 55,
        "author": {
          "gitId": "dgc5213"
        },
        "content": "            if (taskIndex \u003c 0 || taskIndex \u003e taskList.size()) {"
      },
      {
        "lineNumber": 56,
        "author": {
          "gitId": "dgc5213"
        },
        "content": "                throw new ArrayIndexOutOfBoundsException(\"TASK NUM cannot be found in the task list: Returning to Main Menu\");"
      },
      {
        "lineNumber": 57,
        "author": {
          "gitId": "dgc5213"
        },
        "content": "            }"
      },
      {
        "lineNumber": 58,
        "author": {
          "gitId": "dgc5213"
        },
        "content": ""
      },
      {
        "lineNumber": 59,
        "author": {
          "gitId": "dgc5213"
        },
        "content": ""
      },
      {
        "lineNumber": 60,
        "author": {
          "gitId": "dgc5213"
        },
        "content": "            for (int i \u003d 0; i \u003c taskList.size(); i++) {"
      },
      {
        "lineNumber": 61,
        "author": {
          "gitId": "dgc5213"
        },
        "content": "                if (i \u003d\u003d taskIndex) {"
      },
      {
        "lineNumber": 62,
        "author": {
          "gitId": "dgc5213"
        },
        "content": ""
      },
      {
        "lineNumber": 63,
        "author": {
          "gitId": "dgc5213"
        },
        "content": "                    Ui.showMessage(\"Nice! I\u0027ve marked this task as done: \");"
      },
      {
        "lineNumber": 64,
        "author": {
          "gitId": "dgc5213"
        },
        "content": "                    taskList.get(i).setDone();"
      },
      {
        "lineNumber": 65,
        "author": {
          "gitId": "dgc5213"
        },
        "content": ""
      },
      {
        "lineNumber": 66,
        "author": {
          "gitId": "dgc5213"
        },
        "content": "                    Ui.showMessage(\"[\" + taskList.get(i).getStatusIcon() + \"] \" + taskList.get(i).getDescription());"
      },
      {
        "lineNumber": 67,
        "author": {
          "gitId": "dgc5213"
        },
        "content": "                }"
      },
      {
        "lineNumber": 68,
        "author": {
          "gitId": "dgc5213"
        },
        "content": ""
      },
      {
        "lineNumber": 69,
        "author": {
          "gitId": "dgc5213"
        },
        "content": "            }"
      },
      {
        "lineNumber": 70,
        "author": {
          "gitId": "dgc5213"
        },
        "content": ""
      },
      {
        "lineNumber": 71,
        "author": {
          "gitId": "dgc5213"
        },
        "content": ""
      },
      {
        "lineNumber": 72,
        "author": {
          "gitId": "dgc5213"
        },
        "content": "        } catch (Exception e) {"
      },
      {
        "lineNumber": 73,
        "author": {
          "gitId": "dgc5213"
        },
        "content": "            Ui.showMessage(e.getMessage());"
      },
      {
        "lineNumber": 74,
        "author": {
          "gitId": "dgc5213"
        },
        "content": "        }"
      },
      {
        "lineNumber": 75,
        "author": {
          "gitId": "dgc5213"
        },
        "content": "    }"
      },
      {
        "lineNumber": 76,
        "author": {
          "gitId": "dgc5213"
        },
        "content": "}"
      }
    ],
    "authorContributionMap": {
      "dgc5213": 76
    }
  },
  {
    "path": "src/main/java/Ui.java",
    "fileType": "java",
    "lines": [
      {
        "lineNumber": 1,
        "author": {
          "gitId": "dgc5213"
        },
        "content": "import java.util.Scanner;"
      },
      {
        "lineNumber": 2,
        "author": {
          "gitId": "dgc5213"
        },
        "content": ""
      },
      {
        "lineNumber": 3,
        "author": {
          "gitId": "dgc5213"
        },
        "content": "public class Ui {"
      },
      {
        "lineNumber": 4,
        "author": {
          "gitId": "dgc5213"
        },
        "content": "    public static String readUserCommand() {"
      },
      {
        "lineNumber": 5,
        "author": {
          "gitId": "dgc5213"
        },
        "content": "        Scanner in \u003d new Scanner(System.in);"
      },
      {
        "lineNumber": 6,
        "author": {
          "gitId": "dgc5213"
        },
        "content": "        return in.nextLine().trim();"
      },
      {
        "lineNumber": 7,
        "author": {
          "gitId": "dgc5213"
        },
        "content": "    }"
      },
      {
        "lineNumber": 8,
        "author": {
          "gitId": "dgc5213"
        },
        "content": ""
      },
      {
        "lineNumber": 9,
        "author": {
          "gitId": "dgc5213"
        },
        "content": "    public static void printLine() {"
      },
      {
        "lineNumber": 10,
        "author": {
          "gitId": "dgc5213"
        },
        "content": "        System.out.println(\"_________________________________________\");"
      },
      {
        "lineNumber": 11,
        "author": {
          "gitId": "dgc5213"
        },
        "content": ""
      },
      {
        "lineNumber": 12,
        "author": {
          "gitId": "dgc5213"
        },
        "content": "    }"
      },
      {
        "lineNumber": 13,
        "author": {
          "gitId": "dgc5213"
        },
        "content": ""
      },
      {
        "lineNumber": 14,
        "author": {
          "gitId": "dgc5213"
        },
        "content": "    public static void sayWelcome() {"
      },
      {
        "lineNumber": 15,
        "author": {
          "gitId": "dgc5213"
        },
        "content": "        printLine();"
      },
      {
        "lineNumber": 16,
        "author": {
          "gitId": "dgc5213"
        },
        "content": "        System.out.println(\"Hello! I\u0027m Duke\");"
      },
      {
        "lineNumber": 17,
        "author": {
          "gitId": "dgc5213"
        },
        "content": "        System.out.println(\"What can I do for you?\");"
      },
      {
        "lineNumber": 18,
        "author": {
          "gitId": "dgc5213"
        },
        "content": "        printLine();"
      },
      {
        "lineNumber": 19,
        "author": {
          "gitId": "dgc5213"
        },
        "content": "    }"
      },
      {
        "lineNumber": 20,
        "author": {
          "gitId": "dgc5213"
        },
        "content": ""
      },
      {
        "lineNumber": 21,
        "author": {
          "gitId": "dgc5213"
        },
        "content": ""
      },
      {
        "lineNumber": 22,
        "author": {
          "gitId": "dgc5213"
        },
        "content": "    public void sayBye() {"
      },
      {
        "lineNumber": 23,
        "author": {
          "gitId": "dgc5213"
        },
        "content": "        printLine();"
      },
      {
        "lineNumber": 24,
        "author": {
          "gitId": "dgc5213"
        },
        "content": "        System.out.println(\"Bye. Hope to see you again soon!\");"
      },
      {
        "lineNumber": 25,
        "author": {
          "gitId": "dgc5213"
        },
        "content": "        printLine();"
      },
      {
        "lineNumber": 26,
        "author": {
          "gitId": "dgc5213"
        },
        "content": "    }"
      },
      {
        "lineNumber": 27,
        "author": {
          "gitId": "dgc5213"
        },
        "content": ""
      },
      {
        "lineNumber": 28,
        "author": {
          "gitId": "dgc5213"
        },
        "content": ""
      },
      {
        "lineNumber": 29,
        "author": {
          "gitId": "dgc5213"
        },
        "content": "    public static void showMessage(String message) {"
      },
      {
        "lineNumber": 30,
        "author": {
          "gitId": "dgc5213"
        },
        "content": "        System.out.println(message);"
      },
      {
        "lineNumber": 31,
        "author": {
          "gitId": "dgc5213"
        },
        "content": "    }"
      },
      {
        "lineNumber": 32,
        "author": {
          "gitId": "dgc5213"
        },
        "content": ""
      },
      {
        "lineNumber": 33,
        "author": {
          "gitId": "dgc5213"
        },
        "content": ""
      },
      {
        "lineNumber": 34,
        "author": {
          "gitId": "dgc5213"
        },
        "content": "}"
      }
    ],
    "authorContributionMap": {
      "dgc5213": 34
    }
  }
]
