{
  "authorDailyContributionsMap": {
    "dgc5213": [
      {
        "insertions": 6,
        "deletions": 6,
        "date": "2020-08-21",
        "commitResults": [
          {
            "hash": "487ae4c0c39fc29328cfe8e2b796fb5a26e0daaf",
            "messageTitle": "Level 0",
            "messageBody": "",
            "tags": [
              "Level-0"
            ],
            "insertions": 6,
            "deletions": 6
          }
        ]
      },
      {
        "insertions": 237,
        "deletions": 36,
        "date": "2020-08-22",
        "commitResults": [
          {
            "hash": "e85a23d60f36727265667ce7fd68e92c238f9101",
            "messageTitle": "Level-1",
            "messageBody": "",
            "tags": [
              "Level-1"
            ],
            "insertions": 87,
            "deletions": 6
          },
          {
            "hash": "2cba467d3970e6df017f0f7721b6cf1f9153efa6",
            "messageTitle": "Level-2",
            "messageBody": "",
            "tags": [
              "Level-2"
            ],
            "insertions": 94,
            "deletions": 10
          },
          {
            "hash": "898a39216faceaaf8e65f026515cb3644b9f32a7",
            "messageTitle": "Level-3",
            "messageBody": "",
            "tags": [
              "Level-3"
            ],
            "insertions": 56,
            "deletions": 20
          }
        ]
      },
      {
        "insertions": 121,
        "deletions": 18,
        "date": "2020-08-23",
        "commitResults": [
          {
            "hash": "557990bff82f70aaf66c6c5d01f67898c39c33c0",
            "messageTitle": "Level-4",
            "messageBody": "",
            "tags": [
              "Level-4"
            ],
            "insertions": 121,
            "deletions": 18
          }
        ]
      }
    ]
  },
  "authorFinalContributionMap": {
    "dgc5213": 310
  },
  "authorFileTypeContributionMap": {
    "dgc5213": {
      "java": 310
    }
  },
  "authorContributionVariance": {
    "dgc5213": 2761.75
  },
  "authorDisplayNameMap": {
    "dgc5213": "LIN ..TONG"
  }
}
