{
  "authorDailyContributionsMap": {
    "dgc5213": [
      {
        "date": "2020-08-21",
        "commitResults": [
          {
            "hash": "487ae4c0c39fc29328cfe8e2b796fb5a26e0daaf",
            "messageTitle": "Level 0",
            "messageBody": "",
            "tags": [
              "Level-0"
            ],
            "fileTypesAndContributionMap": {
              "java": {
                "insertions": 6,
                "deletions": 6
              }
            }
          }
        ]
      },
      {
        "date": "2020-08-22",
        "commitResults": [
          {
            "hash": "e85a23d60f36727265667ce7fd68e92c238f9101",
            "messageTitle": "Level-1",
            "messageBody": "",
            "tags": [
              "Level-1"
            ],
            "fileTypesAndContributionMap": {
              "java": {
                "insertions": 87,
                "deletions": 6
              }
            }
          },
          {
            "hash": "2cba467d3970e6df017f0f7721b6cf1f9153efa6",
            "messageTitle": "Level-2",
            "messageBody": "",
            "tags": [
              "Level-2"
            ],
            "fileTypesAndContributionMap": {
              "java": {
                "insertions": 94,
                "deletions": 10
              }
            }
          },
          {
            "hash": "898a39216faceaaf8e65f026515cb3644b9f32a7",
            "messageTitle": "Level-3",
            "messageBody": "",
            "tags": [
              "Level-3"
            ],
            "fileTypesAndContributionMap": {
              "java": {
                "insertions": 56,
                "deletions": 20
              }
            }
          }
        ]
      },
      {
        "date": "2020-08-23",
        "commitResults": [
          {
            "hash": "557990bff82f70aaf66c6c5d01f67898c39c33c0",
            "messageTitle": "Level-4",
            "messageBody": "",
            "tags": [
              "Level-4"
            ],
            "fileTypesAndContributionMap": {
              "java": {
                "insertions": 121,
                "deletions": 18
              }
            }
          }
        ]
      },
      {
        "date": "2020-08-26",
        "commitResults": [
          {
            "hash": "d63e772d126e80683f5ab9e3fc92c398906655e1",
            "messageTitle": "A-TextUiTesting",
            "messageBody": "",
            "tags": [
              "A-TextUiTesting"
            ],
            "fileTypesAndContributionMap": {
              "txt": {
                "insertions": 1,
                "deletions": 0
              },
              "java": {
                "insertions": 36,
                "deletions": 10
              },
              "bat": {
                "insertions": 2,
                "deletions": 1
              },
              "sh": {
                "insertions": 1,
                "deletions": 1
              }
            }
          }
        ]
      },
      {
        "date": "2020-08-27",
        "commitResults": [
          {
            "hash": "6048ac469ec33712d62c75d3e7b2520d22f79436",
            "messageTitle": "A-CodingStandard",
            "messageBody": "",
            "tags": [
              "A-CodingStandard"
            ],
            "fileTypesAndContributionMap": {
              "java": {
                "insertions": 180,
                "deletions": 45
              }
            }
          }
        ]
      }
    ]
  },
  "authorFileTypeContributionMap": {
    "dgc5213": {
      "java": 471,
      "md": 0,
      "fxml": 0,
      "sh": 1,
      "bat": 2,
      "gradle": 0,
      "txt": 1
    }
  },
  "authorContributionVariance": {
    "dgc5213": 8015.9233
  },
  "authorDisplayNameMap": {
    "dgc5213": "LIN ..TONG"
  }
}
