{
  "authorDailyContributionsMap": {
    "dgc5213": [
      {
        "date": "2020-08-21",
        "commitResults": [
          {
            "hash": "487ae4c0c39fc29328cfe8e2b796fb5a26e0daaf",
            "messageTitle": "Level 0",
            "messageBody": "",
            "tags": [
              "Level-0"
            ],
            "fileTypesAndContributionMap": {
              "java": {
                "insertions": 6,
                "deletions": 6
              }
            }
          }
        ]
      },
      {
        "date": "2020-08-22",
        "commitResults": [
          {
            "hash": "e85a23d60f36727265667ce7fd68e92c238f9101",
            "messageTitle": "Level-1",
            "messageBody": "",
            "tags": [
              "Level-1"
            ],
            "fileTypesAndContributionMap": {
              "java": {
                "insertions": 87,
                "deletions": 6
              }
            }
          },
          {
            "hash": "2cba467d3970e6df017f0f7721b6cf1f9153efa6",
            "messageTitle": "Level-2",
            "messageBody": "",
            "tags": [
              "Level-2"
            ],
            "fileTypesAndContributionMap": {
              "java": {
                "insertions": 94,
                "deletions": 10
              }
            }
          },
          {
            "hash": "898a39216faceaaf8e65f026515cb3644b9f32a7",
            "messageTitle": "Level-3",
            "messageBody": "",
            "tags": [
              "Level-3"
            ],
            "fileTypesAndContributionMap": {
              "java": {
                "insertions": 56,
                "deletions": 20
              }
            }
          }
        ]
      },
      {
        "date": "2020-08-23",
        "commitResults": [
          {
            "hash": "557990bff82f70aaf66c6c5d01f67898c39c33c0",
            "messageTitle": "Level-4",
            "messageBody": "",
            "tags": [
              "Level-4"
            ],
            "fileTypesAndContributionMap": {
              "java": {
                "insertions": 121,
                "deletions": 18
              }
            }
          }
        ]
      },
      {
        "date": "2020-08-26",
        "commitResults": [
          {
            "hash": "d63e772d126e80683f5ab9e3fc92c398906655e1",
            "messageTitle": "A-TextUiTesting",
            "messageBody": "",
            "tags": [
              "A-TextUiTesting"
            ],
            "fileTypesAndContributionMap": {
              "txt": {
                "insertions": 1,
                "deletions": 0
              },
              "java": {
                "insertions": 36,
                "deletions": 10
              },
              "bat": {
                "insertions": 2,
                "deletions": 1
              },
              "sh": {
                "insertions": 1,
                "deletions": 1
              }
            }
          }
        ]
      },
      {
        "date": "2020-08-27",
        "commitResults": [
          {
            "hash": "6048ac469ec33712d62c75d3e7b2520d22f79436",
            "messageTitle": "A-CodingStandard",
            "messageBody": "",
            "tags": [
              "A-CodingStandard"
            ],
            "fileTypesAndContributionMap": {
              "java": {
                "insertions": 180,
                "deletions": 45
              }
            }
          }
        ]
      },
      {
        "date": "2020-08-29",
        "commitResults": [
          {
            "hash": "068ff473ac2f2793b73f368fc84f32826099a329",
            "messageTitle": "branch-Level-5",
            "messageBody": "",
            "tags": [
              "Level-5"
            ],
            "fileTypesAndContributionMap": {
              "java": {
                "insertions": 9,
                "deletions": 6
              }
            }
          }
        ]
      },
      {
        "date": "2020-08-30",
        "commitResults": [
          {
            "hash": "75f97095f7160dde2f3c5ecfafae679203fd5289",
            "messageTitle": "A-CodeQuality",
            "messageBody": "",
            "tags": [
              "A-CodeQuality"
            ],
            "fileTypesAndContributionMap": {
              "java": {
                "insertions": 3,
                "deletions": 0
              }
            }
          },
          {
            "hash": "66fbd1abb2863229d8189eed3b080fa84a0fbe6b",
            "messageTitle": "A-AbstractClasses",
            "messageBody": "",
            "tags": [
              "A-AbstractClasses"
            ],
            "fileTypesAndContributionMap": {
              "java": {
                "insertions": 2,
                "deletions": 1
              }
            }
          },
          {
            "hash": "db9b41a664ee80b875a9f231be2c5ab325eb1c03",
            "messageTitle": "A-Packages",
            "messageBody": "",
            "tags": [
              "A-Packages"
            ],
            "fileTypesAndContributionMap": {
              "java": {
                "insertions": 1,
                "deletions": 1
              }
            }
          }
        ]
      },
      {
        "date": "2020-09-04",
        "commitResults": [
          {
            "hash": "eb21317bf3b5d6e875a514032aa33dbe09f84cff",
            "messageTitle": "Level-5",
            "messageBody": "",
            "fileTypesAndContributionMap": {
              "java": {
                "insertions": 2,
                "deletions": 0
              }
            }
          },
          {
            "hash": "006a8a6f2c84f55abcb1df56e884dcddc6f8d3eb",
            "messageTitle": "branch-A-CodeQuality",
            "messageBody": "",
            "fileTypesAndContributionMap": {
              "java": {
                "insertions": 0,
                "deletions": 2
              }
            }
          },
          {
            "hash": "c8860e3202398106226a0da9dd06bc4641dfcdcf",
            "messageTitle": "branch-A-CodeQuality",
            "messageBody": "",
            "fileTypesAndContributionMap": {
              "java": {
                "insertions": 1,
                "deletions": 0
              }
            }
          },
          {
            "hash": "06a17fbf986cb8ebfdf4bbe6e6fbe2a196bad55e",
            "messageTitle": "branch-A-CodeQuality",
            "messageBody": "",
            "fileTypesAndContributionMap": {
              "java": {
                "insertions": 0,
                "deletions": 1
              }
            }
          },
          {
            "hash": "bfb6648dc44dae405e1548b844860b01fb60581a",
            "messageTitle": "branch-A-CodeQuality",
            "messageBody": "",
            "fileTypesAndContributionMap": {
              "java": {
                "insertions": 1,
                "deletions": 0
              }
            }
          },
          {
            "hash": "5c1ff72d64a26b8994af805848464e63f97b18d9",
            "messageTitle": "test",
            "messageBody": "",
            "fileTypesAndContributionMap": {
              "java": {
                "insertions": 1,
                "deletions": 1
              }
            }
          },
          {
            "hash": "8eccc3f3409c67682fd131129596c7a63de33449",
            "messageTitle": "yt test branch",
            "messageBody": "",
            "fileTypesAndContributionMap": {
              "java": {
                "insertions": 1,
                "deletions": 0
              }
            }
          },
          {
            "hash": "2cc6c33c1852c36a8f9d4a5bcaecf19a92b3612c",
            "messageTitle": "branch-A-CodeQuality: to added",
            "messageBody": "",
            "fileTypesAndContributionMap": {
              "java": {
                "insertions": 2,
                "deletions": 1
              }
            }
          },
          {
            "hash": "bbcc229e9730bade70fd747536fe24d0c8b9be42",
            "messageTitle": "add test.java",
            "messageBody": "",
            "fileTypesAndContributionMap": {
              "java": {
                "insertions": 2,
                "deletions": 0
              }
            }
          },
          {
            "hash": "1863b92b81272b1172cf93e3f55b26de038113e4",
            "messageTitle": "Revert \"branch-A-CodeQuality\"",
            "messageBody": "This reverts commit bfb6648d\n",
            "fileTypesAndContributionMap": {
              "java": {
                "insertions": 0,
                "deletions": 1
              }
            }
          },
          {
            "hash": "a7501394f122b94ef717810e0482da0cc1b54893",
            "messageTitle": "remove test.java",
            "messageBody": "",
            "fileTypesAndContributionMap": {
              "java": {
                "insertions": 0,
                "deletions": 2
              }
            }
          },
          {
            "hash": "a7e3528fb2bf9d3d8e956b62dac6bbea3adab88b",
            "messageTitle": "remove testing text",
            "messageBody": "",
            "fileTypesAndContributionMap": {
              "java": {
                "insertions": 0,
                "deletions": 1
              }
            }
          }
        ]
      },
      {
        "date": "2020-09-06",
        "commitResults": [
          {
            "hash": "c40a5bdd5e9c3ca5d8d2bec829bd678f93208d23",
            "messageTitle": "Level 5:No change",
            "messageBody": "",
            "fileTypesAndContributionMap": {
              "java": {
                "insertions": 286,
                "deletions": 10
              }
            }
          },
          {
            "hash": "65434c27d1d8d47c6662147c581d0021f0db1452",
            "messageTitle": "Level 6: add delete",
            "messageBody": "",
            "fileTypesAndContributionMap": {
              "java": {
                "insertions": 5,
                "deletions": 5
              }
            }
          },
          {
            "hash": "892128417de5dd11386c0176df0c5997caeee344",
            "messageTitle": "Level 7: add save",
            "messageBody": "",
            "fileTypesAndContributionMap": {
              "java": {
                "insertions": 137,
                "deletions": 137
              }
            }
          },
          {
            "hash": "37fd6885a905973d40b17faeb632f58a0371e727",
            "messageTitle": "A-JavaDoc: Add JavaDoc",
            "messageBody": "",
            "fileTypesAndContributionMap": {
              "java": {
                "insertions": 8,
                "deletions": 1
              }
            }
          }
        ]
      },
      {
        "date": "2020-09-10",
        "commitResults": [
          {
            "hash": "4d52fc555867207d0df420fa0af1e7507daa87ef",
            "messageTitle": "A-JavaDoc: Add JavaDoc comments",
            "messageBody": "",
            "fileTypesAndContributionMap": {
              "txt": {
                "insertions": 6,
                "deletions": 0
              },
              "java": {
                "insertions": 13,
                "deletions": 10
              }
            }
          },
          {
            "hash": "2d0a9967aeb0243eebfa3bec6d5da71cbf28205d",
            "messageTitle": "Level 7: edit save function:read from file",
            "messageBody": "",
            "fileTypesAndContributionMap": {
              "java": {
                "insertions": 14,
                "deletions": 1
              }
            }
          },
          {
            "hash": "154b578a237b7190e95a49f9bd83260422ef3a5b",
            "messageTitle": "Level 7: edit save function:read from file v2",
            "messageBody": "",
            "tags": [
              "v0.1",
              "A-Jar",
              "A-Exceptions"
            ],
            "fileTypesAndContributionMap": {
              "txt": {
                "insertions": 1,
                "deletions": 0
              },
              "java": {
                "insertions": 16,
                "deletions": 8
              }
            }
          }
        ]
      },
      {
        "date": "2020-09-13",
        "commitResults": [
          {
            "hash": "2d0ca048a88b709e02e3561ae232d52cf6f3cdb4",
            "messageTitle": "A-MoreOOP:Make the code more OOP",
            "messageBody": "",
            "tags": [
              "A-MoreOOP"
            ],
            "fileTypesAndContributionMap": {
              "txt": {
                "insertions": 0,
                "deletions": 7
              },
              "java": {
                "insertions": 430,
                "deletions": 161
              }
            }
          },
          {
            "hash": "cd8f6951b32b916ac1fdccc21636c60156b155f4",
            "messageTitle": "Edit MoreOOP",
            "messageBody": "",
            "fileTypesAndContributionMap": {
              "java": {
                "insertions": 0,
                "deletions": 1
              }
            }
          }
        ]
      },
      {
        "date": "2020-09-14",
        "commitResults": [
          {
            "hash": "ddcf83769e410da058926f714d7ae2744dd54b51",
            "messageTitle": "Level 8. Dates and Times",
            "messageBody": "",
            "fileTypesAndContributionMap": {
              "java": {
                "insertions": 257,
                "deletions": 0
              }
            }
          },
          {
            "hash": "afe02423c1115f3ddd2dc24c6279cf27a33fcd58",
            "messageTitle": "Level 9: Find",
            "messageBody": "",
            "fileTypesAndContributionMap": {
              "java": {
                "insertions": 1,
                "deletions": 1
              }
            }
          },
          {
            "hash": "c86d5f29841f5ebcc6374c9248384e614a68d9e2",
            "messageTitle": "Add A JUnit",
            "messageBody": "",
            "fileTypesAndContributionMap": {
              "java": {
                "insertions": 56,
                "deletions": 80
              }
            }
          }
        ]
      },
      {
        "date": "2020-09-18",
        "commitResults": [
          {
            "hash": "9ba327716c1768a0f204e914a3489a0f3f81ef77",
            "messageTitle": "add A-AbstractClasses, rearrange code",
            "messageBody": "",
            "fileTypesAndContributionMap": {
              "java": {
                "insertions": 223,
                "deletions": 104
              }
            }
          },
          {
            "hash": "40e6a51b86dbbf08122ba9c571d13406f90af064",
            "messageTitle": "add branch-A-Packages, rearrange code",
            "messageBody": "",
            "fileTypesAndContributionMap": {
              "java": {
                "insertions": 13,
                "deletions": 8
              }
            }
          }
        ]
      },
      {
        "date": "2020-09-23",
        "commitResults": [
          {
            "hash": "8082ff19ba46cf3c0f80def17b52ad7a5846f8d9",
            "messageTitle": "add: Published UG",
            "messageBody": "",
            "fileTypesAndContributionMap": {
              "java": {
                "insertions": 74,
                "deletions": 101
              },
              "md": {
                "insertions": 270,
                "deletions": 6
              }
            }
          }
        ]
      }
    ]
  },
  "authorFileTypeContributionMap": {
    "dgc5213": {
      "java": 1384,
      "md": 259,
      "fxml": 0,
      "sh": 1,
      "bat": 2,
      "gradle": 0,
      "txt": 1
    }
  },
  "authorContributionVariance": {
    "dgc5213": 26589.408
  },
  "authorDisplayNameMap": {
    "dgc5213": "LIN ..TONG"
  }
}
