{
  "authorDailyContributionsMap": {
    "dgc5213": [
      {
        "insertions": 6,
        "deletions": 6,
        "date": "2020-08-21",
        "commitResults": [
          {
            "hash": "487ae4c0c39fc29328cfe8e2b796fb5a26e0daaf",
            "messageTitle": "Level 0",
            "messageBody": "",
            "tags": [
              "Level-0"
            ],
            "insertions": 6,
            "deletions": 6
          }
        ]
      },
      {
        "insertions": 237,
        "deletions": 36,
        "date": "2020-08-22",
        "commitResults": [
          {
            "hash": "e85a23d60f36727265667ce7fd68e92c238f9101",
            "messageTitle": "Level-1",
            "messageBody": "",
            "tags": [
              "Level-1"
            ],
            "insertions": 87,
            "deletions": 6
          },
          {
            "hash": "2cba467d3970e6df017f0f7721b6cf1f9153efa6",
            "messageTitle": "Level-2",
            "messageBody": "",
            "tags": [
              "Level-2"
            ],
            "insertions": 94,
            "deletions": 10
          },
          {
            "hash": "898a39216faceaaf8e65f026515cb3644b9f32a7",
            "messageTitle": "Level-3",
            "messageBody": "",
            "tags": [
              "Level-3"
            ],
            "insertions": 56,
            "deletions": 20
          }
        ]
      },
      {
        "insertions": 121,
        "deletions": 18,
        "date": "2020-08-23",
        "commitResults": [
          {
            "hash": "557990bff82f70aaf66c6c5d01f67898c39c33c0",
            "messageTitle": "Level-4",
            "messageBody": "",
            "tags": [
              "Level-4"
            ],
            "insertions": 121,
            "deletions": 18
          }
        ]
      },
      {
        "insertions": 49,
        "deletions": 18,
        "date": "2020-08-26",
        "commitResults": [
          {
            "hash": "d63e772d126e80683f5ab9e3fc92c398906655e1",
            "messageTitle": "A-TextUiTesting",
            "messageBody": "",
            "tags": [
              "A-TextUiTesting"
            ],
            "insertions": 49,
            "deletions": 18
          }
        ]
      },
      {
        "insertions": 180,
        "deletions": 45,
        "date": "2020-08-27",
        "commitResults": [
          {
            "hash": "6048ac469ec33712d62c75d3e7b2520d22f79436",
            "messageTitle": "A-CodingStandard",
            "messageBody": "",
            "tags": [
              "A-CodingStandard"
            ],
            "insertions": 180,
            "deletions": 45
          }
        ]
      }
    ]
  },
  "authorFinalContributionMap": {
    "dgc5213": 484
  },
  "authorFileTypeContributionMap": {
    "dgc5213": {
      "java": 471,
      "TXT": 9,
      "txt": 1,
      "bat": 2,
      "sh": 1
    }
  },
  "authorContributionVariance": {
    "dgc5213": 4276.474
  },
  "authorDisplayNameMap": {
    "dgc5213": "LIN ..TONG"
  }
}
