[
  {
    "path": ".gitignore",
    "fileType": "gitignore",
    "lines": [
      {
        "lineNumber": 1,
        "author": {
          "gitId": "daiweinus"
        },
        "content": "# IDEA files"
      },
      {
        "lineNumber": 2,
        "author": {
          "gitId": "daiweinus"
        },
        "content": "/.idea/"
      },
      {
        "lineNumber": 3,
        "author": {
          "gitId": "daiweinus"
        },
        "content": "/out/"
      },
      {
        "lineNumber": 4,
        "author": {
          "gitId": "daiweinus"
        },
        "content": "/*.iml"
      },
      {
        "lineNumber": 5,
        "author": {
          "gitId": "daiweinus"
        },
        "content": ""
      },
      {
        "lineNumber": 6,
        "author": {
          "gitId": "daiweinus"
        },
        "content": "# Gradle build files"
      },
      {
        "lineNumber": 7,
        "author": {
          "gitId": "daiweinus"
        },
        "content": "/.gradle/"
      },
      {
        "lineNumber": 8,
        "author": {
          "gitId": "daiweinus"
        },
        "content": "/build/"
      },
      {
        "lineNumber": 9,
        "author": {
          "gitId": "daiweinus"
        },
        "content": "src/main/resources/docs/"
      },
      {
        "lineNumber": 10,
        "author": {
          "gitId": "daiweinus"
        },
        "content": ""
      },
      {
        "lineNumber": 11,
        "author": {
          "gitId": "daiweinus"
        },
        "content": "# MacOS custom attributes files created by Finder"
      },
      {
        "lineNumber": 12,
        "author": {
          "gitId": "daiweinus"
        },
        "content": ".DS_Store"
      },
      {
        "lineNumber": 13,
        "author": {
          "gitId": "daiweinus"
        },
        "content": "*.iml"
      },
      {
        "lineNumber": 14,
        "author": {
          "gitId": "daiweinus"
        },
        "content": "bin/"
      },
      {
        "lineNumber": 15,
        "author": {
          "gitId": "daiweinus"
        },
        "content": ""
      },
      {
        "lineNumber": 16,
        "author": {
          "gitId": "daiweinus"
        },
        "content": "/text-ui-test/ACTUAL.txt"
      },
      {
        "lineNumber": 17,
        "author": {
          "gitId": "daiweinus"
        },
        "content": "text-ui-test/EXPECTED-UNIX.TXT"
      }
    ],
    "authorContributionMap": {
      "daiweinus": 17
    }
  },
  {
    "path": "CONTRIBUTORS.md",
    "fileType": "md",
    "lines": [
      {
        "lineNumber": 1,
        "author": {
          "gitId": "daiweinus"
        },
        "content": "# Contributors"
      },
      {
        "lineNumber": 2,
        "author": {
          "gitId": "daiweinus"
        },
        "content": ""
      },
      {
        "lineNumber": 3,
        "author": {
          "gitId": "daiweinus"
        },
        "content": "Display | Name | Github Profile | Homepage"
      },
      {
        "lineNumber": 4,
        "author": {
          "gitId": "daiweinus"
        },
        "content": "---|:---:|:---:|:---:"
      },
      {
        "lineNumber": 5,
        "author": {
          "gitId": "daiweinus"
        },
        "content": "![](https://avatars0.githubusercontent.com/u/22460123?s\u003d100) | Jeffry Lum | [Github](https://github.com/j-lum/) | [Homepage](https://se.kasugano.moe)"
      },
      {
        "lineNumber": 6,
        "author": {
          "gitId": "daiweinus"
        },
        "content": "![](https://avatars0.githubusercontent.com/u/1673303?s\u003d100) | Damith C. Rajapakse | [Github](https://github.com/damithc/) | [Homepage](https://www.comp.nus.edu.sg/~damithch/)"
      },
      {
        "lineNumber": 7,
        "author": {
          "gitId": "daiweinus"
        },
        "content": "# I would like to join this list. How can I help the project"
      },
      {
        "lineNumber": 8,
        "author": {
          "gitId": "daiweinus"
        },
        "content": ""
      },
      {
        "lineNumber": 9,
        "author": {
          "gitId": "daiweinus"
        },
        "content": "For more information, please refer to our [contributor\u0027s guide](https://oss-generic.github.io/process/)."
      }
    ],
    "authorContributionMap": {
      "daiweinus": 9
    }
  },
  {
    "path": "README.md",
    "fileType": "md",
    "lines": [
      {
        "lineNumber": 1,
        "author": {
          "gitId": "daiweinus"
        },
        "content": "# Duke project template"
      },
      {
        "lineNumber": 2,
        "author": {
          "gitId": "daiweinus"
        },
        "content": ""
      },
      {
        "lineNumber": 3,
        "author": {
          "gitId": "daiweinus"
        },
        "content": "This is a project template for a greenfield Java project. It\u0027s named after the Java mascot _Duke_. Given below are instructions on how to use it."
      },
      {
        "lineNumber": 4,
        "author": {
          "gitId": "daiweinus"
        },
        "content": ""
      },
      {
        "lineNumber": 5,
        "author": {
          "gitId": "daiweinus"
        },
        "content": "## Setting up in Intellij"
      },
      {
        "lineNumber": 6,
        "author": {
          "gitId": "daiweinus"
        },
        "content": ""
      },
      {
        "lineNumber": 7,
        "author": {
          "gitId": "daiweinus"
        },
        "content": "Prerequisites: JDK 11, update Intellij to the most recent version."
      },
      {
        "lineNumber": 8,
        "author": {
          "gitId": "daiweinus"
        },
        "content": ""
      },
      {
        "lineNumber": 9,
        "author": {
          "gitId": "daiweinus"
        },
        "content": "1. Open Intellij (if you are not in the welcome screen, click `File` \u003e `Close Project` to close the existing project dialog first)"
      },
      {
        "lineNumber": 10,
        "author": {
          "gitId": "daiweinus"
        },
        "content": "1. Set up the correct JDK version, as follows:"
      },
      {
        "lineNumber": 11,
        "author": {
          "gitId": "daiweinus"
        },
        "content": "   1. Click `Configure` \u003e `Structure for New Projects` and then `Project Settings` \u003e `Project` \u003e `Project SDK`"
      },
      {
        "lineNumber": 12,
        "author": {
          "gitId": "daiweinus"
        },
        "content": "   1. If JDK 11 is listed in the drop down, select it. If it is not, click `New...` and select the directory where you installed JDK 11"
      },
      {
        "lineNumber": 13,
        "author": {
          "gitId": "daiweinus"
        },
        "content": "   1. Click `OK`"
      },
      {
        "lineNumber": 14,
        "author": {
          "gitId": "daiweinus"
        },
        "content": "1. Import the project into Intellij as follows:"
      },
      {
        "lineNumber": 15,
        "author": {
          "gitId": "daiweinus"
        },
        "content": "   1. Click `Open or Import`."
      },
      {
        "lineNumber": 16,
        "author": {
          "gitId": "daiweinus"
        },
        "content": "   1. Select the project directory, and click `OK`"
      },
      {
        "lineNumber": 17,
        "author": {
          "gitId": "daiweinus"
        },
        "content": "   1. If there are any further prompts, accept the defaults."
      },
      {
        "lineNumber": 18,
        "author": {
          "gitId": "daiweinus"
        },
        "content": "1. After the importing is complete, locate the `src/main/java/Duke.java` file, right-click it, and choose `Run Duke.main()`. If the setup is correct, you should see something like the below:"
      },
      {
        "lineNumber": 19,
        "author": {
          "gitId": "daiweinus"
        },
        "content": "   ```"
      },
      {
        "lineNumber": 20,
        "author": {
          "gitId": "daiweinus"
        },
        "content": "   Hello from"
      },
      {
        "lineNumber": 21,
        "author": {
          "gitId": "daiweinus"
        },
        "content": "    ____        _        "
      },
      {
        "lineNumber": 22,
        "author": {
          "gitId": "daiweinus"
        },
        "content": "   |  _ \\ _   _| | _____ "
      },
      {
        "lineNumber": 23,
        "author": {
          "gitId": "daiweinus"
        },
        "content": "   | | | | | | | |/ / _ \\"
      },
      {
        "lineNumber": 24,
        "author": {
          "gitId": "daiweinus"
        },
        "content": "   | |_| | |_| |   \u003c  __/"
      },
      {
        "lineNumber": 25,
        "author": {
          "gitId": "daiweinus"
        },
        "content": "   |____/ \\__,_|_|\\_\\___|"
      },
      {
        "lineNumber": 26,
        "author": {
          "gitId": "daiweinus"
        },
        "content": "   ```"
      }
    ],
    "authorContributionMap": {
      "daiweinus": 26
    }
  },
  {
    "path": "docs/README.md",
    "fileType": "md",
    "lines": [
      {
        "lineNumber": 1,
        "author": {
          "gitId": "daiweinus"
        },
        "content": "# User Guide"
      },
      {
        "lineNumber": 2,
        "author": {
          "gitId": "daiweinus"
        },
        "content": ""
      },
      {
        "lineNumber": 3,
        "author": {
          "gitId": "daiweinus"
        },
        "content": "## Features "
      },
      {
        "lineNumber": 4,
        "author": {
          "gitId": "daiweinus"
        },
        "content": ""
      },
      {
        "lineNumber": 5,
        "author": {
          "gitId": "daiweinus"
        },
        "content": "### Feature 1 "
      },
      {
        "lineNumber": 6,
        "author": {
          "gitId": "daiweinus"
        },
        "content": "Description of feature."
      },
      {
        "lineNumber": 7,
        "author": {
          "gitId": "daiweinus"
        },
        "content": ""
      },
      {
        "lineNumber": 8,
        "author": {
          "gitId": "daiweinus"
        },
        "content": "## Usage"
      },
      {
        "lineNumber": 9,
        "author": {
          "gitId": "daiweinus"
        },
        "content": ""
      },
      {
        "lineNumber": 10,
        "author": {
          "gitId": "daiweinus"
        },
        "content": "### `Keyword` - Describe action"
      },
      {
        "lineNumber": 11,
        "author": {
          "gitId": "daiweinus"
        },
        "content": ""
      },
      {
        "lineNumber": 12,
        "author": {
          "gitId": "daiweinus"
        },
        "content": "Describe action and its outcome."
      },
      {
        "lineNumber": 13,
        "author": {
          "gitId": "daiweinus"
        },
        "content": ""
      },
      {
        "lineNumber": 14,
        "author": {
          "gitId": "daiweinus"
        },
        "content": "Example of usage: "
      },
      {
        "lineNumber": 15,
        "author": {
          "gitId": "daiweinus"
        },
        "content": ""
      },
      {
        "lineNumber": 16,
        "author": {
          "gitId": "daiweinus"
        },
        "content": "`keyword (optional arguments)`"
      },
      {
        "lineNumber": 17,
        "author": {
          "gitId": "daiweinus"
        },
        "content": ""
      },
      {
        "lineNumber": 18,
        "author": {
          "gitId": "daiweinus"
        },
        "content": "Expected outcome:"
      },
      {
        "lineNumber": 19,
        "author": {
          "gitId": "daiweinus"
        },
        "content": ""
      },
      {
        "lineNumber": 20,
        "author": {
          "gitId": "daiweinus"
        },
        "content": "`outcome`"
      }
    ],
    "authorContributionMap": {
      "daiweinus": 20
    }
  },
  {
    "path": "src/main/java/Duke.java",
    "fileType": "java",
    "lines": [
      {
        "lineNumber": 1,
        "author": {
          "gitId": "daiweinus"
        },
        "content": "import java.util.ArrayList;"
      },
      {
        "lineNumber": 2,
        "author": {
          "gitId": "daiweinus"
        },
        "content": "import java.util.Scanner;"
      },
      {
        "lineNumber": 3,
        "author": {
          "gitId": "daiweinus"
        },
        "content": ""
      },
      {
        "lineNumber": 4,
        "author": {
          "gitId": "daiweinus"
        },
        "content": ""
      },
      {
        "lineNumber": 5,
        "author": {
          "gitId": "daiweinus"
        },
        "content": "public class Duke {"
      },
      {
        "lineNumber": 6,
        "author": {
          "gitId": "daiweinus"
        },
        "content": "    public static void main(String[] args) {"
      },
      {
        "lineNumber": 7,
        "author": {
          "gitId": "daiweinus"
        },
        "content": "        String logo \u003d \"  __          __ \\n\""
      },
      {
        "lineNumber": 8,
        "author": {
          "gitId": "daiweinus"
        },
        "content": "                + \"  | | ____    | | ____\\n\""
      },
      {
        "lineNumber": 9,
        "author": {
          "gitId": "daiweinus"
        },
        "content": "                + \"  | |/ __ \\\\   | |/ __ \\\\\\n\""
      },
      {
        "lineNumber": 10,
        "author": {
          "gitId": "daiweinus"
        },
        "content": "                + \"__/ | |__| |__/ | |__| |\\n\""
      },
      {
        "lineNumber": 11,
        "author": {
          "gitId": "daiweinus"
        },
        "content": "                + \"\\\\__/ \\\\____/ \\\\__/ \\\\____/\\n\";"
      },
      {
        "lineNumber": 12,
        "author": {
          "gitId": "daiweinus"
        },
        "content": "        System.out.println(\"Hello from\\n\" + logo);"
      },
      {
        "lineNumber": 13,
        "author": {
          "gitId": "daiweinus"
        },
        "content": ""
      },
      {
        "lineNumber": 14,
        "author": {
          "gitId": "daiweinus"
        },
        "content": "        String LINE \u003d \"____________________________________________________________\";"
      },
      {
        "lineNumber": 15,
        "author": {
          "gitId": "daiweinus"
        },
        "content": ""
      },
      {
        "lineNumber": 16,
        "author": {
          "gitId": "daiweinus"
        },
        "content": "        System.out.println(LINE"
      },
      {
        "lineNumber": 17,
        "author": {
          "gitId": "daiweinus"
        },
        "content": "                + \"\\nHi! I\u0027m Jojo, your personal assistant:)\\n\""
      },
      {
        "lineNumber": 18,
        "author": {
          "gitId": "daiweinus"
        },
        "content": "                + \"What can I do for you?\\n\""
      },
      {
        "lineNumber": 19,
        "author": {
          "gitId": "daiweinus"
        },
        "content": "                + LINE);"
      },
      {
        "lineNumber": 20,
        "author": {
          "gitId": "daiweinus"
        },
        "content": ""
      },
      {
        "lineNumber": 21,
        "author": {
          "gitId": "daiweinus"
        },
        "content": "        Scanner scanner \u003d new Scanner(System.in);"
      },
      {
        "lineNumber": 22,
        "author": {
          "gitId": "daiweinus"
        },
        "content": "        ArrayList\u003cTask\u003e tasks \u003d new ArrayList\u003c\u003e();"
      },
      {
        "lineNumber": 23,
        "author": {
          "gitId": "daiweinus"
        },
        "content": ""
      },
      {
        "lineNumber": 24,
        "author": {
          "gitId": "daiweinus"
        },
        "content": "        while (true) {"
      },
      {
        "lineNumber": 25,
        "author": {
          "gitId": "daiweinus"
        },
        "content": "            String input \u003d scanner.nextLine();"
      },
      {
        "lineNumber": 26,
        "author": {
          "gitId": "daiweinus"
        },
        "content": ""
      },
      {
        "lineNumber": 27,
        "author": {
          "gitId": "daiweinus"
        },
        "content": "            try {"
      },
      {
        "lineNumber": 28,
        "author": {
          "gitId": "daiweinus"
        },
        "content": "                if (input.equalsIgnoreCase(\"bye\")) {"
      },
      {
        "lineNumber": 29,
        "author": {
          "gitId": "daiweinus"
        },
        "content": "                    System.out.println(\"Bye, have a nice day!\\n\" + LINE);"
      },
      {
        "lineNumber": 30,
        "author": {
          "gitId": "daiweinus"
        },
        "content": "                    break;"
      },
      {
        "lineNumber": 31,
        "author": {
          "gitId": "daiweinus"
        },
        "content": "                } else if (input.trim().split(\" \")[0].equalsIgnoreCase(\"list\")) {"
      },
      {
        "lineNumber": 32,
        "author": {
          "gitId": "daiweinus"
        },
        "content": "                    System.out.println(\"Here are the tasks in your list:\");"
      },
      {
        "lineNumber": 33,
        "author": {
          "gitId": "daiweinus"
        },
        "content": "                    int i \u003d 1;"
      },
      {
        "lineNumber": 34,
        "author": {
          "gitId": "daiweinus"
        },
        "content": "                    for (Task task : tasks) {"
      },
      {
        "lineNumber": 35,
        "author": {
          "gitId": "daiweinus"
        },
        "content": "                        System.out.println(i + \".\" + task.getStatusIcon() + \" \" + task.getDescription());"
      },
      {
        "lineNumber": 36,
        "author": {
          "gitId": "daiweinus"
        },
        "content": "                        i++;"
      },
      {
        "lineNumber": 37,
        "author": {
          "gitId": "daiweinus"
        },
        "content": "                    }"
      },
      {
        "lineNumber": 38,
        "author": {
          "gitId": "daiweinus"
        },
        "content": "                    System.out.println(LINE);"
      },
      {
        "lineNumber": 39,
        "author": {
          "gitId": "daiweinus"
        },
        "content": "                } else if (input.trim().split(\" \")[0].equalsIgnoreCase(\"done\")) {"
      },
      {
        "lineNumber": 40,
        "author": {
          "gitId": "daiweinus"
        },
        "content": "                    int index \u003d Integer.parseInt(input.split(\" \")[1]);"
      },
      {
        "lineNumber": 41,
        "author": {
          "gitId": "daiweinus"
        },
        "content": "                    tasks.get(index - 1).setDone(true);"
      },
      {
        "lineNumber": 42,
        "author": {
          "gitId": "daiweinus"
        },
        "content": "                    System.out.println(\"Nice! I\u0027ve marked this task as done: \");"
      },
      {
        "lineNumber": 43,
        "author": {
          "gitId": "daiweinus"
        },
        "content": "                    System.out.println(tasks.get(index - 1).getStatusIcon() + \" \" + tasks.get(index - 1).getDescription()+\"\\n\"+ LINE);"
      },
      {
        "lineNumber": 44,
        "author": {
          "gitId": "daiweinus"
        },
        "content": "                } else {"
      },
      {
        "lineNumber": 45,
        "author": {
          "gitId": "daiweinus"
        },
        "content": "                    tasks.add(new Task(input));"
      },
      {
        "lineNumber": 46,
        "author": {
          "gitId": "daiweinus"
        },
        "content": "                    System.out.println(\"added: \" + input);"
      },
      {
        "lineNumber": 47,
        "author": {
          "gitId": "daiweinus"
        },
        "content": "                }"
      },
      {
        "lineNumber": 48,
        "author": {
          "gitId": "daiweinus"
        },
        "content": ""
      },
      {
        "lineNumber": 49,
        "author": {
          "gitId": "daiweinus"
        },
        "content": "            } catch (Exception e) {"
      },
      {
        "lineNumber": 50,
        "author": {
          "gitId": "daiweinus"
        },
        "content": "                System.out.println(\"Sorry,i cannot understand it. Please re-enter your command.\\n\"+LINE);"
      },
      {
        "lineNumber": 51,
        "author": {
          "gitId": "daiweinus"
        },
        "content": "            }"
      },
      {
        "lineNumber": 52,
        "author": {
          "gitId": "daiweinus"
        },
        "content": "        }"
      },
      {
        "lineNumber": 53,
        "author": {
          "gitId": "daiweinus"
        },
        "content": "    }"
      },
      {
        "lineNumber": 54,
        "author": {
          "gitId": "daiweinus"
        },
        "content": "}"
      }
    ],
    "authorContributionMap": {
      "daiweinus": 54
    }
  },
  {
    "path": "src/main/java/Task.java",
    "fileType": "java",
    "lines": [
      {
        "lineNumber": 1,
        "author": {
          "gitId": "daiweinus"
        },
        "content": "public class Task {"
      },
      {
        "lineNumber": 2,
        "author": {
          "gitId": "daiweinus"
        },
        "content": "    protected String description;"
      },
      {
        "lineNumber": 3,
        "author": {
          "gitId": "daiweinus"
        },
        "content": "    protected boolean isDone;"
      },
      {
        "lineNumber": 4,
        "author": {
          "gitId": "daiweinus"
        },
        "content": ""
      },
      {
        "lineNumber": 5,
        "author": {
          "gitId": "daiweinus"
        },
        "content": "    public Task(String description) {"
      },
      {
        "lineNumber": 6,
        "author": {
          "gitId": "daiweinus"
        },
        "content": "        this.description \u003d description;"
      },
      {
        "lineNumber": 7,
        "author": {
          "gitId": "daiweinus"
        },
        "content": "        this.isDone \u003d false;"
      },
      {
        "lineNumber": 8,
        "author": {
          "gitId": "daiweinus"
        },
        "content": "    }"
      },
      {
        "lineNumber": 9,
        "author": {
          "gitId": "daiweinus"
        },
        "content": ""
      },
      {
        "lineNumber": 10,
        "author": {
          "gitId": "daiweinus"
        },
        "content": "    public String getDescription() {"
      },
      {
        "lineNumber": 11,
        "author": {
          "gitId": "daiweinus"
        },
        "content": "        return description;"
      },
      {
        "lineNumber": 12,
        "author": {
          "gitId": "daiweinus"
        },
        "content": "    }"
      },
      {
        "lineNumber": 13,
        "author": {
          "gitId": "daiweinus"
        },
        "content": ""
      },
      {
        "lineNumber": 14,
        "author": {
          "gitId": "daiweinus"
        },
        "content": "    public String getStatusIcon() {"
      },
      {
        "lineNumber": 15,
        "author": {
          "gitId": "daiweinus"
        },
        "content": "        return (isDone ? \"\\u2713\" : \"\\u2718\"); //return tick or X symbols"
      },
      {
        "lineNumber": 16,
        "author": {
          "gitId": "daiweinus"
        },
        "content": "    }"
      },
      {
        "lineNumber": 17,
        "author": {
          "gitId": "daiweinus"
        },
        "content": ""
      },
      {
        "lineNumber": 18,
        "author": {
          "gitId": "daiweinus"
        },
        "content": "    public void setDone(boolean isDone) {"
      },
      {
        "lineNumber": 19,
        "author": {
          "gitId": "daiweinus"
        },
        "content": "        this.isDone \u003d true;"
      },
      {
        "lineNumber": 20,
        "author": {
          "gitId": "daiweinus"
        },
        "content": "    }"
      },
      {
        "lineNumber": 21,
        "author": {
          "gitId": "daiweinus"
        },
        "content": ""
      },
      {
        "lineNumber": 22,
        "author": {
          "gitId": "daiweinus"
        },
        "content": "}"
      }
    ],
    "authorContributionMap": {
      "daiweinus": 22
    }
  },
  {
    "path": "text-ui-test/EXPECTED.TXT",
    "fileType": "TXT",
    "lines": [
      {
        "lineNumber": 1,
        "author": {
          "gitId": "daiweinus"
        },
        "content": "Hello from"
      },
      {
        "lineNumber": 2,
        "author": {
          "gitId": "daiweinus"
        },
        "content": " ____        _        "
      },
      {
        "lineNumber": 3,
        "author": {
          "gitId": "daiweinus"
        },
        "content": "|  _ \\ _   _| | _____ "
      },
      {
        "lineNumber": 4,
        "author": {
          "gitId": "daiweinus"
        },
        "content": "| | | | | | | |/ / _ \\"
      },
      {
        "lineNumber": 5,
        "author": {
          "gitId": "daiweinus"
        },
        "content": "| |_| | |_| |   \u003c  __/"
      },
      {
        "lineNumber": 6,
        "author": {
          "gitId": "daiweinus"
        },
        "content": "|____/ \\__,_|_|\\_\\___|"
      },
      {
        "lineNumber": 7,
        "author": {
          "gitId": "daiweinus"
        },
        "content": ""
      }
    ],
    "authorContributionMap": {
      "daiweinus": 7
    }
  },
  {
    "path": "text-ui-test/runtest.bat",
    "fileType": "bat",
    "lines": [
      {
        "lineNumber": 1,
        "author": {
          "gitId": "daiweinus"
        },
        "content": "@ECHO OFF"
      },
      {
        "lineNumber": 2,
        "author": {
          "gitId": "daiweinus"
        },
        "content": ""
      },
      {
        "lineNumber": 3,
        "author": {
          "gitId": "daiweinus"
        },
        "content": "REM create bin directory if it doesn\u0027t exist"
      },
      {
        "lineNumber": 4,
        "author": {
          "gitId": "daiweinus"
        },
        "content": "if not exist ..\\bin mkdir ..\\bin"
      },
      {
        "lineNumber": 5,
        "author": {
          "gitId": "daiweinus"
        },
        "content": ""
      },
      {
        "lineNumber": 6,
        "author": {
          "gitId": "daiweinus"
        },
        "content": "REM delete output from previous run"
      },
      {
        "lineNumber": 7,
        "author": {
          "gitId": "daiweinus"
        },
        "content": "del ACTUAL.TXT"
      },
      {
        "lineNumber": 8,
        "author": {
          "gitId": "daiweinus"
        },
        "content": ""
      },
      {
        "lineNumber": 9,
        "author": {
          "gitId": "daiweinus"
        },
        "content": "REM compile the code into the bin folder"
      },
      {
        "lineNumber": 10,
        "author": {
          "gitId": "daiweinus"
        },
        "content": "javac  -cp ..\\src -Xlint:none -d ..\\bin ..\\src\\main\\java\\Duke.java"
      },
      {
        "lineNumber": 11,
        "author": {
          "gitId": "daiweinus"
        },
        "content": "IF ERRORLEVEL 1 ("
      },
      {
        "lineNumber": 12,
        "author": {
          "gitId": "daiweinus"
        },
        "content": "    echo ********** BUILD FAILURE **********"
      },
      {
        "lineNumber": 13,
        "author": {
          "gitId": "daiweinus"
        },
        "content": "    exit /b 1"
      },
      {
        "lineNumber": 14,
        "author": {
          "gitId": "daiweinus"
        },
        "content": ")"
      },
      {
        "lineNumber": 15,
        "author": {
          "gitId": "daiweinus"
        },
        "content": "REM no error here, errorlevel \u003d\u003d 0"
      },
      {
        "lineNumber": 16,
        "author": {
          "gitId": "daiweinus"
        },
        "content": ""
      },
      {
        "lineNumber": 17,
        "author": {
          "gitId": "daiweinus"
        },
        "content": "REM run the program, feed commands from input.txt file and redirect the output to the ACTUAL.TXT"
      },
      {
        "lineNumber": 18,
        "author": {
          "gitId": "daiweinus"
        },
        "content": "java -classpath ..\\bin Duke \u003c input.txt \u003e ACTUAL.TXT"
      },
      {
        "lineNumber": 19,
        "author": {
          "gitId": "daiweinus"
        },
        "content": ""
      },
      {
        "lineNumber": 20,
        "author": {
          "gitId": "daiweinus"
        },
        "content": "REM compare the output to the expected output"
      },
      {
        "lineNumber": 21,
        "author": {
          "gitId": "daiweinus"
        },
        "content": "FC ACTUAL.TXT EXPECTED.TXT"
      }
    ],
    "authorContributionMap": {
      "daiweinus": 21
    }
  },
  {
    "path": "text-ui-test/runtest.sh",
    "fileType": "sh",
    "lines": [
      {
        "lineNumber": 1,
        "author": {
          "gitId": "daiweinus"
        },
        "content": "#!/usr/bin/env bash"
      },
      {
        "lineNumber": 2,
        "author": {
          "gitId": "daiweinus"
        },
        "content": ""
      },
      {
        "lineNumber": 3,
        "author": {
          "gitId": "daiweinus"
        },
        "content": "# create bin directory if it doesn\u0027t exist"
      },
      {
        "lineNumber": 4,
        "author": {
          "gitId": "daiweinus"
        },
        "content": "if [ ! -d \"../bin\" ]"
      },
      {
        "lineNumber": 5,
        "author": {
          "gitId": "daiweinus"
        },
        "content": "then"
      },
      {
        "lineNumber": 6,
        "author": {
          "gitId": "daiweinus"
        },
        "content": "    mkdir ../bin"
      },
      {
        "lineNumber": 7,
        "author": {
          "gitId": "daiweinus"
        },
        "content": "fi"
      },
      {
        "lineNumber": 8,
        "author": {
          "gitId": "daiweinus"
        },
        "content": ""
      },
      {
        "lineNumber": 9,
        "author": {
          "gitId": "daiweinus"
        },
        "content": "# delete output from previous run"
      },
      {
        "lineNumber": 10,
        "author": {
          "gitId": "daiweinus"
        },
        "content": "if [ -e \"./ACTUAL.TXT\" ]"
      },
      {
        "lineNumber": 11,
        "author": {
          "gitId": "daiweinus"
        },
        "content": "then"
      },
      {
        "lineNumber": 12,
        "author": {
          "gitId": "daiweinus"
        },
        "content": "    rm ACTUAL.TXT"
      },
      {
        "lineNumber": 13,
        "author": {
          "gitId": "daiweinus"
        },
        "content": "fi"
      },
      {
        "lineNumber": 14,
        "author": {
          "gitId": "daiweinus"
        },
        "content": ""
      },
      {
        "lineNumber": 15,
        "author": {
          "gitId": "daiweinus"
        },
        "content": "# compile the code into the bin folder, terminates if error occurred"
      },
      {
        "lineNumber": 16,
        "author": {
          "gitId": "daiweinus"
        },
        "content": "if ! javac -cp ../src -Xlint:none -d ../bin ../src/main/java/Duke.java"
      },
      {
        "lineNumber": 17,
        "author": {
          "gitId": "daiweinus"
        },
        "content": "then"
      },
      {
        "lineNumber": 18,
        "author": {
          "gitId": "daiweinus"
        },
        "content": "    echo \"********** BUILD FAILURE **********\""
      },
      {
        "lineNumber": 19,
        "author": {
          "gitId": "daiweinus"
        },
        "content": "    exit 1"
      },
      {
        "lineNumber": 20,
        "author": {
          "gitId": "daiweinus"
        },
        "content": "fi"
      },
      {
        "lineNumber": 21,
        "author": {
          "gitId": "daiweinus"
        },
        "content": ""
      },
      {
        "lineNumber": 22,
        "author": {
          "gitId": "daiweinus"
        },
        "content": "# run the program, feed commands from input.txt file and redirect the output to the ACTUAL.TXT"
      },
      {
        "lineNumber": 23,
        "author": {
          "gitId": "daiweinus"
        },
        "content": "java -classpath ../bin Duke \u003c input.txt \u003e ACTUAL.TXT"
      },
      {
        "lineNumber": 24,
        "author": {
          "gitId": "daiweinus"
        },
        "content": ""
      },
      {
        "lineNumber": 25,
        "author": {
          "gitId": "daiweinus"
        },
        "content": "# convert to UNIX format"
      },
      {
        "lineNumber": 26,
        "author": {
          "gitId": "daiweinus"
        },
        "content": "cp EXPECTED.TXT EXPECTED-UNIX.TXT"
      },
      {
        "lineNumber": 27,
        "author": {
          "gitId": "daiweinus"
        },
        "content": "dos2unix ACTUAL.TXT EXPECTED-UNIX.TXT"
      },
      {
        "lineNumber": 28,
        "author": {
          "gitId": "daiweinus"
        },
        "content": ""
      },
      {
        "lineNumber": 29,
        "author": {
          "gitId": "daiweinus"
        },
        "content": "# compare the output to the expected output"
      },
      {
        "lineNumber": 30,
        "author": {
          "gitId": "daiweinus"
        },
        "content": "diff ACTUAL.TXT EXPECTED-UNIX.TXT"
      },
      {
        "lineNumber": 31,
        "author": {
          "gitId": "daiweinus"
        },
        "content": "if [ $? -eq 0 ]"
      },
      {
        "lineNumber": 32,
        "author": {
          "gitId": "daiweinus"
        },
        "content": "then"
      },
      {
        "lineNumber": 33,
        "author": {
          "gitId": "daiweinus"
        },
        "content": "    echo \"Test result: PASSED\""
      },
      {
        "lineNumber": 34,
        "author": {
          "gitId": "daiweinus"
        },
        "content": "    exit 0"
      },
      {
        "lineNumber": 35,
        "author": {
          "gitId": "daiweinus"
        },
        "content": "else"
      },
      {
        "lineNumber": 36,
        "author": {
          "gitId": "daiweinus"
        },
        "content": "    echo \"Test result: FAILED\""
      },
      {
        "lineNumber": 37,
        "author": {
          "gitId": "daiweinus"
        },
        "content": "    exit 1"
      },
      {
        "lineNumber": 38,
        "author": {
          "gitId": "daiweinus"
        },
        "content": "fi"
      }
    ],
    "authorContributionMap": {
      "daiweinus": 38
    }
  }
]
