{
  "authorDailyContributionsMap": {
    "daiweinus": [
      {
        "insertions": 241,
        "deletions": 27,
        "date": "2020-08-23",
        "commitResults": [
          {
            "hash": "36aab0d40b83b37439d88a86f1fc3bd1ad9f3d8b",
            "messageTitle": "Level 0. Greet",
            "messageBody": "",
            "tags": [
              "Level-0"
            ],
            "insertions": 154,
            "deletions": 0
          },
          {
            "hash": "5ceeca3efecbc4aad2241740608df972c1cf720e",
            "messageTitle": "init",
            "messageBody": "",
            "tags": [
              "Level-1"
            ],
            "insertions": 21,
            "deletions": 7
          },
          {
            "hash": "df6dab989b8f1cc6faea3468450edec013ce1bee",
            "messageTitle": "init",
            "messageBody": "",
            "tags": [
              "Level-2"
            ],
            "insertions": 10,
            "deletions": 3
          },
          {
            "hash": "e3a0d964ac682d97b8cf29532f634dc7f99ff107",
            "messageTitle": "init",
            "messageBody": "",
            "tags": [
              "Level-3"
            ],
            "insertions": 56,
            "deletions": 17
          }
        ]
      }
    ]
  },
  "authorFinalContributionMap": {
    "daiweinus": 214
  },
  "authorFileTypeContributionMap": {
    "daiweinus": {
      "gitignore": 17,
      "md": 55,
      "java": 76,
      "TXT": 7,
      "bat": 21,
      "sh": 38
    }
  },
  "authorContributionVariance": {
    "daiweinus": 2561.6238
  },
  "authorDisplayNameMap": {
    "daiweinus": "DAI .. WEI"
  }
}
