{
  "authorDailyContributionsMap": {
    "daiweinus": [
      {
        "date": "2020-08-28",
        "commitResults": [
          {
            "hash": "96eeb6034ed2341936365fb2101a113ba4a9b6be",
            "messageTitle": "add: Level 0. Greet",
            "messageBody": "",
            "tags": [
              "Level-0"
            ],
            "fileTypesAndContributionMap": {
              "java": {
                "insertions": 23,
                "deletions": 5
              }
            }
          },
          {
            "hash": "33164cf4deeed344ff058d59410f38e42d683ad9",
            "messageTitle": "add: Level 1. Greet, Echo, Exit",
            "messageBody": "",
            "tags": [
              "Level-1"
            ],
            "fileTypesAndContributionMap": {
              "java": {
                "insertions": 20,
                "deletions": 18
              }
            }
          },
          {
            "hash": "0b89a5660004af010d92103910117eae14b008d0",
            "messageTitle": "add: Level 2. Add, List",
            "messageBody": "",
            "tags": [
              "Level-2"
            ],
            "fileTypesAndContributionMap": {
              "java": {
                "insertions": 12,
                "deletions": 3
              }
            }
          },
          {
            "hash": "c6478fdc6352b8dd3201e17b975b3dec8c96853b",
            "messageTitle": "add: Level 3. Mark as Done",
            "messageBody": "",
            "tags": [
              "Level-3"
            ],
            "fileTypesAndContributionMap": {
              "java": {
                "insertions": 55,
                "deletions": 18
              }
            }
          },
          {
            "hash": "374a5e0852beec79c9d4d4ee4648f5f36b2fad30",
            "messageTitle": "add: Level 4. ToDos, Events, Deadlines",
            "messageBody": "",
            "tags": [
              "Level-4"
            ],
            "fileTypesAndContributionMap": {
              "java": {
                "insertions": 302,
                "deletions": 58
              }
            }
          }
        ]
      },
      {
        "date": "2020-08-29",
        "commitResults": [
          {
            "hash": "c7831a7d8df1f08005b1b926434e9c03b5413896",
            "messageTitle": "add: A-TextUiTesting, Automated Text UI Testing",
            "messageBody": "",
            "tags": [
              "A-TextUiTesting"
            ],
            "fileTypesAndContributionMap": {
              "txt": {
                "insertions": 4,
                "deletions": 0
              },
              "bat": {
                "insertions": 1,
                "deletions": 1
              },
              "sh": {
                "insertions": 1,
                "deletions": 1
              }
            }
          },
          {
            "hash": "991c6a8b3c3dca6f7b4cb670e99beb7d3dd900fa",
            "messageTitle": "add: A-CodingStandard, Follow the Coding Standard",
            "messageBody": "",
            "tags": [
              "A-CodingStandard"
            ],
            "fileTypesAndContributionMap": {
              "java": {
                "insertions": 66,
                "deletions": 68
              }
            }
          }
        ]
      },
      {
        "date": "2020-09-02",
        "commitResults": [
          {
            "hash": "03fef98c9a7e24e72735f98326b45b2189e4a1f0",
            "messageTitle": "add: branch-Level-5",
            "messageBody": "",
            "tags": [
              "branch-Level-5",
              "Level-5"
            ],
            "fileTypesAndContributionMap": {
              "java": {
                "insertions": 42,
                "deletions": 36
              }
            }
          },
          {
            "hash": "7939fcb22de007c2d0f14e8e16b6ddb75536c5c7",
            "messageTitle": "fix: A-CodeQuality",
            "messageBody": "",
            "fileTypesAndContributionMap": {
              "java": {
                "insertions": 1,
                "deletions": 28
              }
            }
          },
          {
            "hash": "809a289ac463325e935d879bb6496f87d4fd55dc",
            "messageTitle": "add: Use Task an abstract class",
            "messageBody": "",
            "tags": [
              "A-AbstractClasses"
            ],
            "fileTypesAndContributionMap": {
              "java": {
                "insertions": 8,
                "deletions": 7
              }
            }
          },
          {
            "hash": "589368aaf69e57942d072d3cf23cea8e785486f1",
            "messageTitle": "chg: Divide classes into packages",
            "messageBody": "",
            "tags": [
              "A-Packages"
            ],
            "fileTypesAndContributionMap": {
              "java": {
                "insertions": 23,
                "deletions": 11
              },
              "bat": {
                "insertions": 2,
                "deletions": 2
              },
              "md": {
                "insertions": 2,
                "deletions": 2
              }
            }
          }
        ]
      },
      {
        "date": "2020-09-04",
        "commitResults": [
          {
            "hash": "7ea8ace78868d6a7512c308d84d6ab4c981d80e9",
            "messageTitle": "test: merge A-CodeQuality",
            "messageBody": "",
            "tags": [
              "A-CodeQuality"
            ],
            "fileTypesAndContributionMap": {
              "java": {
                "insertions": 2,
                "deletions": 0
              }
            }
          },
          {
            "hash": "bf012dedeeb1ee344d261aa8e74049cd1c2eb7ab",
            "messageTitle": "test: merge A-CodeQuality",
            "messageBody": "",
            "fileTypesAndContributionMap": {
              "java": {
                "insertions": 1,
                "deletions": 1
              }
            }
          },
          {
            "hash": "ff689797d322641df4712f399433a88624af41a3",
            "messageTitle": "test: merge A-CodeQuality to master",
            "messageBody": "",
            "fileTypesAndContributionMap": {
              "java": {
                "insertions": 1,
                "deletions": 1
              }
            }
          },
          {
            "hash": "c1391040bd10a051cbbaa738410d92c8a1a72480",
            "messageTitle": "test: push AbstractClasses branch",
            "messageBody": "",
            "fileTypesAndContributionMap": {
              "java": {
                "insertions": 1,
                "deletions": 1
              }
            }
          },
          {
            "hash": "6a27be1b5091712a5add44a8eb210a1673cb7032",
            "messageTitle": "test: push AbstractClasses branch",
            "messageBody": "",
            "fileTypesAndContributionMap": {
              "java": {
                "insertions": 1,
                "deletions": 1
              }
            }
          },
          {
            "hash": "9f386e8cb7d30421fcf82dba81814844f3acc889",
            "messageTitle": "test: push AbstractClasses branch",
            "messageBody": "",
            "fileTypesAndContributionMap": {
              "java": {
                "insertions": 1,
                "deletions": 1
              }
            }
          },
          {
            "hash": "76d0cb40178a86b7d0f358a263c061ece73279b3",
            "messageTitle": "test: push AbstractClasses branch to master",
            "messageBody": "",
            "fileTypesAndContributionMap": {
              "java": {
                "insertions": 1,
                "deletions": 3
              }
            }
          },
          {
            "hash": "a10484e89395ede581c30ceb98d711630ae44bb3",
            "messageTitle": "test: push Organize the classes into suitable java package branch",
            "messageBody": "",
            "fileTypesAndContributionMap": {
              "java": {
                "insertions": 2,
                "deletions": 3
              }
            }
          },
          {
            "hash": "06a4e7dfb210cba35d992c56bd05360493cf149d",
            "messageTitle": "test",
            "messageBody": "",
            "fileTypesAndContributionMap": {
              "java": {
                "insertions": 2,
                "deletions": 0
              }
            }
          }
        ]
      },
      {
        "date": "2020-09-08",
        "commitResults": [
          {
            "hash": "1658bbed60ee3ba9f6f018be39a281beb9a8ca9e",
            "messageTitle": "Add: support for deleting tasks from the list.",
            "messageBody": "",
            "tags": [
              "Level-6"
            ],
            "fileTypesAndContributionMap": {
              "java": {
                "insertions": 38,
                "deletions": 20
              }
            }
          },
          {
            "hash": "6d0c7e6d80adccda2d91720a26f9bef9f9476766",
            "messageTitle": "Add: Use Java Collections classes ArrayList\u003cTask\u003e",
            "messageBody": "",
            "fileTypesAndContributionMap": {
              "java": {
                "insertions": 1,
                "deletions": 1
              }
            }
          },
          {
            "hash": "141555fc75ed6ea21c185e19e3d32f7c02c32d88",
            "messageTitle": "Add: using abstract class",
            "messageBody": "",
            "tags": [
              "A-Classes"
            ],
            "fileTypesAndContributionMap": {
              "java": {
                "insertions": 1,
                "deletions": 1
              }
            }
          },
          {
            "hash": "db2139489ea9c9c948f79f68b85f6279373d791d",
            "messageTitle": "Add: using Inheritance to task class",
            "messageBody": "",
            "tags": [
              "A-Inheritance",
              "A-Exceptions"
            ],
            "fileTypesAndContributionMap": {
              "java": {
                "insertions": 1,
                "deletions": 0
              }
            }
          },
          {
            "hash": "81bcacfadd9dd02b816c2fedea4a8f3a1059eafd",
            "messageTitle": "Add: using A Exceptions to throw error",
            "messageBody": "",
            "fileTypesAndContributionMap": {
              "java": {
                "insertions": 1,
                "deletions": 0
              }
            }
          }
        ]
      }
    ]
  },
  "authorFileTypeContributionMap": {
    "daiweinus": {
      "java": 330,
      "md": 2,
      "fxml": 0,
      "sh": 1,
      "bat": 2,
      "gradle": 0,
      "txt": 4
    }
  },
  "authorContributionVariance": {
    "daiweinus": 10932.334
  },
  "authorDisplayNameMap": {
    "daiweinus": "DAI .. WEI"
  }
}
