{
  "authorDailyContributionsMap": {
    "daiweinus": [
      {
        "insertions": 154,
        "deletions": 0,
        "date": "2020-08-23",
        "commitResults": [
          {
            "hash": "36aab0d40b83b37439d88a86f1fc3bd1ad9f3d8b",
            "messageTitle": "Level 0. Greet",
            "messageBody": "",
            "insertions": 154,
            "deletions": 0
          }
        ]
      }
    ]
  },
  "authorFinalContributionMap": {
    "daiweinus": 154
  },
  "authorFileTypeContributionMap": {
    "daiweinus": {
      "gitignore": 17,
      "md": 55,
      "java": 16,
      "TXT": 7,
      "bat": 21,
      "sh": 38
    }
  },
  "authorContributionVariance": {
    "daiweinus": 717.96484
  },
  "authorDisplayNameMap": {
    "daiweinus": "DAI .. WEI"
  }
}
