[
  {
    "path": "src/main/java/Duke.java",
    "fileType": "java",
    "lines": [
      {
        "lineNumber": 1,
        "author": {
          "gitId": "Yiheng0410"
        },
        "content": "import Task.Deadlines;"
      },
      {
        "lineNumber": 2,
        "author": {
          "gitId": "Yiheng0410"
        },
        "content": "import Task.Events;"
      },
      {
        "lineNumber": 3,
        "author": {
          "gitId": "Yiheng0410"
        },
        "content": "import Task.Tasks;"
      },
      {
        "lineNumber": 4,
        "author": {
          "gitId": "Yiheng0410"
        },
        "content": "import Task.ToDos;"
      },
      {
        "lineNumber": 5,
        "author": {
          "gitId": "Yiheng0410"
        },
        "content": "import Exceptions.DukeException;"
      },
      {
        "lineNumber": 6,
        "author": {
          "gitId": "Yiheng0410"
        },
        "content": ""
      },
      {
        "lineNumber": 7,
        "author": {
          "gitId": "Yiheng0410"
        },
        "content": "import java.util.Scanner;"
      },
      {
        "lineNumber": 8,
        "author": {
          "gitId": "Yiheng0410"
        },
        "content": "import java.util.ArrayList;"
      },
      {
        "lineNumber": 9,
        "author": {
          "gitId": "Yiheng0410"
        },
        "content": ""
      },
      {
        "lineNumber": 10,
        "author": {
          "gitId": "-"
        },
        "content": "public class Duke {"
      },
      {
        "lineNumber": 11,
        "author": {
          "gitId": "-"
        },
        "content": "    public static void main(String[] args) {"
      },
      {
        "lineNumber": 12,
        "author": {
          "gitId": "Yiheng0410"
        },
        "content": "        ArrayList\u003cTasks\u003e tasks \u003d new ArrayList\u003c\u003e();"
      },
      {
        "lineNumber": 13,
        "author": {
          "gitId": "Yiheng0410"
        },
        "content": "        Scanner scanner \u003d new Scanner(System.in);"
      },
      {
        "lineNumber": 14,
        "author": {
          "gitId": "Yiheng0410"
        },
        "content": ""
      },
      {
        "lineNumber": 15,
        "author": {
          "gitId": "Yiheng0410"
        },
        "content": ""
      },
      {
        "lineNumber": 16,
        "author": {
          "gitId": "-"
        },
        "content": "        String logo \u003d \" ____        _        \\n\""
      },
      {
        "lineNumber": 17,
        "author": {
          "gitId": "-"
        },
        "content": "                + \"|  _ \\\\ _   _| | _____ \\n\""
      },
      {
        "lineNumber": 18,
        "author": {
          "gitId": "-"
        },
        "content": "                + \"| | | | | | | |/ / _ \\\\\\n\""
      },
      {
        "lineNumber": 19,
        "author": {
          "gitId": "-"
        },
        "content": "                + \"| |_| | |_| |   \u003c  __/\\n\""
      },
      {
        "lineNumber": 20,
        "author": {
          "gitId": "-"
        },
        "content": "                + \"|____/ \\\\__,_|_|\\\\_\\\\___|\\n\";"
      },
      {
        "lineNumber": 21,
        "author": {
          "gitId": "-"
        },
        "content": "        System.out.println(\"Hello from\\n\" + logo);"
      },
      {
        "lineNumber": 22,
        "author": {
          "gitId": "Yiheng0410"
        },
        "content": ""
      },
      {
        "lineNumber": 23,
        "author": {
          "gitId": "Yiheng0410"
        },
        "content": "        System.out.println(\"Hello! I\u0027m Duke\\n\" + \"What can I do for you?\");"
      },
      {
        "lineNumber": 24,
        "author": {
          "gitId": "Yiheng0410"
        },
        "content": ""
      },
      {
        "lineNumber": 25,
        "author": {
          "gitId": "Yiheng0410"
        },
        "content": "        while(true){"
      },
      {
        "lineNumber": 26,
        "author": {
          "gitId": "Yiheng0410"
        },
        "content": "            String userInput \u003d scanner.nextLine();"
      },
      {
        "lineNumber": 27,
        "author": {
          "gitId": "Yiheng0410"
        },
        "content": "            String[] cmd \u003d userInput.split(\"\\\\s+\");"
      },
      {
        "lineNumber": 28,
        "author": {
          "gitId": "Yiheng0410"
        },
        "content": ""
      },
      {
        "lineNumber": 29,
        "author": {
          "gitId": "Yiheng0410"
        },
        "content": "            try{"
      },
      {
        "lineNumber": 30,
        "author": {
          "gitId": "Yiheng0410"
        },
        "content": "                if(cmd[0].equalsIgnoreCase(\"bye\")){"
      },
      {
        "lineNumber": 31,
        "author": {
          "gitId": "Yiheng0410"
        },
        "content": "                    System.out.println(\"Bye. Hope to see you again soon!\");"
      },
      {
        "lineNumber": 32,
        "author": {
          "gitId": "Yiheng0410"
        },
        "content": "                    break;"
      },
      {
        "lineNumber": 33,
        "author": {
          "gitId": "Yiheng0410"
        },
        "content": "                }"
      },
      {
        "lineNumber": 34,
        "author": {
          "gitId": "Yiheng0410"
        },
        "content": "                else{"
      },
      {
        "lineNumber": 35,
        "author": {
          "gitId": "Yiheng0410"
        },
        "content": "                    switch (cmd[0]){"
      },
      {
        "lineNumber": 36,
        "author": {
          "gitId": "Yiheng0410"
        },
        "content": "                        case\"list\": {"
      },
      {
        "lineNumber": 37,
        "author": {
          "gitId": "Yiheng0410"
        },
        "content": "                            printTaskList(tasks);"
      },
      {
        "lineNumber": 38,
        "author": {
          "gitId": "Yiheng0410"
        },
        "content": "                            break;"
      },
      {
        "lineNumber": 39,
        "author": {
          "gitId": "Yiheng0410"
        },
        "content": "                        }"
      },
      {
        "lineNumber": 40,
        "author": {
          "gitId": "Yiheng0410"
        },
        "content": "                        case \"done\":"
      },
      {
        "lineNumber": 41,
        "author": {
          "gitId": "Yiheng0410"
        },
        "content": "                            try{"
      },
      {
        "lineNumber": 42,
        "author": {
          "gitId": "Yiheng0410"
        },
        "content": "                            changeTaskStatus(tasks,true,userInput);"
      },
      {
        "lineNumber": 43,
        "author": {
          "gitId": "Yiheng0410"
        },
        "content": "                            } catch (IndexOutOfBoundsException e){"
      },
      {
        "lineNumber": 44,
        "author": {
          "gitId": "Yiheng0410"
        },
        "content": "                                throw new DukeException (\"☹ OOPS!!! I cannot find the task.\");"
      },
      {
        "lineNumber": 45,
        "author": {
          "gitId": "Yiheng0410"
        },
        "content": "                            } catch (NumberFormatException e){"
      },
      {
        "lineNumber": 46,
        "author": {
          "gitId": "Yiheng0410"
        },
        "content": "                                throw new DukeException (\"☹ OOPS!!! The task does not exist.\");"
      },
      {
        "lineNumber": 47,
        "author": {
          "gitId": "Yiheng0410"
        },
        "content": "                            }"
      },
      {
        "lineNumber": 48,
        "author": {
          "gitId": "Yiheng0410"
        },
        "content": "                            break;"
      },
      {
        "lineNumber": 49,
        "author": {
          "gitId": "Yiheng0410"
        },
        "content": "                        case\"todo\":"
      },
      {
        "lineNumber": 50,
        "author": {
          "gitId": "Yiheng0410"
        },
        "content": "                            try{"
      },
      {
        "lineNumber": 51,
        "author": {
          "gitId": "Yiheng0410"
        },
        "content": "                            ToDos todo\u003dnew ToDos(userInput.substring(5));"
      },
      {
        "lineNumber": 52,
        "author": {
          "gitId": "Yiheng0410"
        },
        "content": "                            tasks.add(todo);"
      },
      {
        "lineNumber": 53,
        "author": {
          "gitId": "Yiheng0410"
        },
        "content": "                            printTask(todo,tasks);"
      },
      {
        "lineNumber": 54,
        "author": {
          "gitId": "Yiheng0410"
        },
        "content": "                            }catch (StringIndexOutOfBoundsException e){"
      },
      {
        "lineNumber": 55,
        "author": {
          "gitId": "Yiheng0410"
        },
        "content": "                                throw new DukeException (\"☹ OOPS!!! The description of a todo cannot be empty.\");"
      },
      {
        "lineNumber": 56,
        "author": {
          "gitId": "Yiheng0410"
        },
        "content": "                            }"
      },
      {
        "lineNumber": 57,
        "author": {
          "gitId": "Yiheng0410"
        },
        "content": "                            break;"
      },
      {
        "lineNumber": 58,
        "author": {
          "gitId": "Yiheng0410"
        },
        "content": "                        case\"deadline\":"
      },
      {
        "lineNumber": 59,
        "author": {
          "gitId": "Yiheng0410"
        },
        "content": "                            try{"
      },
      {
        "lineNumber": 60,
        "author": {
          "gitId": "Yiheng0410"
        },
        "content": "                            String[] ddlDetail\u003duserInput.split(\"/by\");"
      },
      {
        "lineNumber": 61,
        "author": {
          "gitId": "Yiheng0410"
        },
        "content": "                            String ddlName\u003dddlDetail[0].substring(9);"
      },
      {
        "lineNumber": 62,
        "author": {
          "gitId": "Yiheng0410"
        },
        "content": "                            String ddlDate\u003dddlDetail[1];"
      },
      {
        "lineNumber": 63,
        "author": {
          "gitId": "Yiheng0410"
        },
        "content": "                            Deadlines ddl\u003dnew Deadlines(ddlName,ddlDate);"
      },
      {
        "lineNumber": 64,
        "author": {
          "gitId": "Yiheng0410"
        },
        "content": "                            tasks.add(ddl);"
      },
      {
        "lineNumber": 65,
        "author": {
          "gitId": "Yiheng0410"
        },
        "content": "                            printTask(ddl,tasks);"
      },
      {
        "lineNumber": 66,
        "author": {
          "gitId": "Yiheng0410"
        },
        "content": "                            }catch (StringIndexOutOfBoundsException e){"
      },
      {
        "lineNumber": 67,
        "author": {
          "gitId": "Yiheng0410"
        },
        "content": "                                throw new DukeException (\"☹ OOPS!!! The description of a deadline cannot be empty.\");"
      },
      {
        "lineNumber": 68,
        "author": {
          "gitId": "Yiheng0410"
        },
        "content": "                            }catch(ArrayIndexOutOfBoundsException e){"
      },
      {
        "lineNumber": 69,
        "author": {
          "gitId": "Yiheng0410"
        },
        "content": "                                throw new DukeException(\"☹ OOPS!!! The keyword /by is missing.\");"
      },
      {
        "lineNumber": 70,
        "author": {
          "gitId": "Yiheng0410"
        },
        "content": "                            }"
      },
      {
        "lineNumber": 71,
        "author": {
          "gitId": "Yiheng0410"
        },
        "content": "                            break;"
      },
      {
        "lineNumber": 72,
        "author": {
          "gitId": "Yiheng0410"
        },
        "content": "                        case\"event\":"
      },
      {
        "lineNumber": 73,
        "author": {
          "gitId": "Yiheng0410"
        },
        "content": "                            try{"
      },
      {
        "lineNumber": 74,
        "author": {
          "gitId": "Yiheng0410"
        },
        "content": "                            String[] eventDetail\u003duserInput.split(\"/at\");"
      },
      {
        "lineNumber": 75,
        "author": {
          "gitId": "Yiheng0410"
        },
        "content": "                            String eventName\u003deventDetail[0].substring(6);"
      },
      {
        "lineNumber": 76,
        "author": {
          "gitId": "Yiheng0410"
        },
        "content": "                            String eventDate\u003deventDetail[1];"
      },
      {
        "lineNumber": 77,
        "author": {
          "gitId": "Yiheng0410"
        },
        "content": "                            Events event \u003d new Events(eventName,eventDate);"
      },
      {
        "lineNumber": 78,
        "author": {
          "gitId": "Yiheng0410"
        },
        "content": "                            tasks.add(event);"
      },
      {
        "lineNumber": 79,
        "author": {
          "gitId": "Yiheng0410"
        },
        "content": "                            printTask(event,tasks);"
      },
      {
        "lineNumber": 80,
        "author": {
          "gitId": "Yiheng0410"
        },
        "content": "                            } catch (StringIndexOutOfBoundsException e){"
      },
      {
        "lineNumber": 81,
        "author": {
          "gitId": "Yiheng0410"
        },
        "content": "                                throw new DukeException (\"☹ OOPS!!! The description of a deadline cannot be empty.\");"
      },
      {
        "lineNumber": 82,
        "author": {
          "gitId": "Yiheng0410"
        },
        "content": "                            } catch (ArrayIndexOutOfBoundsException e){"
      },
      {
        "lineNumber": 83,
        "author": {
          "gitId": "Yiheng0410"
        },
        "content": "                                throw new DukeException(\"☹ OOPS!!! The keyword /at is missing\");"
      },
      {
        "lineNumber": 84,
        "author": {
          "gitId": "Yiheng0410"
        },
        "content": "                            }"
      },
      {
        "lineNumber": 85,
        "author": {
          "gitId": "Yiheng0410"
        },
        "content": "                            break;"
      },
      {
        "lineNumber": 86,
        "author": {
          "gitId": "Yiheng0410"
        },
        "content": "                        default:"
      },
      {
        "lineNumber": 87,
        "author": {
          "gitId": "Yiheng0410"
        },
        "content": "                            throw new DukeException(\"☹ OOPS!!! I\u0027m sorry, but I don\u0027t know what that means :-(\");"
      },
      {
        "lineNumber": 88,
        "author": {
          "gitId": "Yiheng0410"
        },
        "content": "                    }"
      },
      {
        "lineNumber": 89,
        "author": {
          "gitId": "Yiheng0410"
        },
        "content": "                }"
      },
      {
        "lineNumber": 90,
        "author": {
          "gitId": "Yiheng0410"
        },
        "content": "            }"
      },
      {
        "lineNumber": 91,
        "author": {
          "gitId": "Yiheng0410"
        },
        "content": "            catch (DukeException e){"
      },
      {
        "lineNumber": 92,
        "author": {
          "gitId": "Yiheng0410"
        },
        "content": "                System.out.println(e.getMessage());"
      },
      {
        "lineNumber": 93,
        "author": {
          "gitId": "Yiheng0410"
        },
        "content": "                continue;"
      },
      {
        "lineNumber": 94,
        "author": {
          "gitId": "Yiheng0410"
        },
        "content": "            }catch (Exception e){"
      },
      {
        "lineNumber": 95,
        "author": {
          "gitId": "Yiheng0410"
        },
        "content": "                System.out.println(\"Sorry,Invalid command. Please enter a valid command.\\n\");"
      },
      {
        "lineNumber": 96,
        "author": {
          "gitId": "Yiheng0410"
        },
        "content": "                continue;"
      },
      {
        "lineNumber": 97,
        "author": {
          "gitId": "Yiheng0410"
        },
        "content": "            }"
      },
      {
        "lineNumber": 98,
        "author": {
          "gitId": "Yiheng0410"
        },
        "content": "        }"
      },
      {
        "lineNumber": 99,
        "author": {
          "gitId": "Yiheng0410"
        },
        "content": "    }"
      },
      {
        "lineNumber": 100,
        "author": {
          "gitId": "Yiheng0410"
        },
        "content": ""
      },
      {
        "lineNumber": 101,
        "author": {
          "gitId": "Yiheng0410"
        },
        "content": "    public static void changeTaskStatus(ArrayList\u003cTasks\u003e tasks,boolean status, String userInput){"
      },
      {
        "lineNumber": 102,
        "author": {
          "gitId": "Yiheng0410"
        },
        "content": "        int index \u003d Integer.parseInt(userInput.split(\" \")[1]);"
      },
      {
        "lineNumber": 103,
        "author": {
          "gitId": "Yiheng0410"
        },
        "content": "        tasks.get(index - 1).setTaskStatus(status);"
      },
      {
        "lineNumber": 104,
        "author": {
          "gitId": "Yiheng0410"
        },
        "content": "        System.out.println(\"Nice! I\u0027ve marked this task as done: \");"
      },
      {
        "lineNumber": 105,
        "author": {
          "gitId": "Yiheng0410"
        },
        "content": "        System.out.println(tasks.toString());"
      },
      {
        "lineNumber": 106,
        "author": {
          "gitId": "Yiheng0410"
        },
        "content": "    }"
      },
      {
        "lineNumber": 107,
        "author": {
          "gitId": "Yiheng0410"
        },
        "content": ""
      },
      {
        "lineNumber": 108,
        "author": {
          "gitId": "Yiheng0410"
        },
        "content": "    public static void printTask(Tasks task, ArrayList\u003cTasks\u003e tasks){"
      },
      {
        "lineNumber": 109,
        "author": {
          "gitId": "Yiheng0410"
        },
        "content": "        System.out.println(\"Got it. I\u0027ve added this task:\");"
      },
      {
        "lineNumber": 110,
        "author": {
          "gitId": "Yiheng0410"
        },
        "content": "        System.out.println(task.toString());"
      },
      {
        "lineNumber": 111,
        "author": {
          "gitId": "Yiheng0410"
        },
        "content": "        System.out.println(\"Now you have \" + tasks.size() + \" task(s) in the list.\");"
      },
      {
        "lineNumber": 112,
        "author": {
          "gitId": "Yiheng0410"
        },
        "content": "    }"
      },
      {
        "lineNumber": 113,
        "author": {
          "gitId": "Yiheng0410"
        },
        "content": ""
      },
      {
        "lineNumber": 114,
        "author": {
          "gitId": "Yiheng0410"
        },
        "content": "    public static void printTaskList(ArrayList\u003cTasks\u003e tasks){"
      },
      {
        "lineNumber": 115,
        "author": {
          "gitId": "Yiheng0410"
        },
        "content": "        int index\u003d1;"
      },
      {
        "lineNumber": 116,
        "author": {
          "gitId": "Yiheng0410"
        },
        "content": "        for(Tasks task:tasks){"
      },
      {
        "lineNumber": 117,
        "author": {
          "gitId": "Yiheng0410"
        },
        "content": "            System.out.println(index+\".\" +task.toString());"
      },
      {
        "lineNumber": 118,
        "author": {
          "gitId": "Yiheng0410"
        },
        "content": "            index++;"
      },
      {
        "lineNumber": 119,
        "author": {
          "gitId": "Yiheng0410"
        },
        "content": "        }"
      },
      {
        "lineNumber": 120,
        "author": {
          "gitId": "-"
        },
        "content": "    }"
      },
      {
        "lineNumber": 121,
        "author": {
          "gitId": "-"
        },
        "content": "}"
      }
    ],
    "authorContributionMap": {
      "Yiheng0410": 111,
      "-": 10
    }
  },
  {
    "path": "src/main/java/Exceptions/DukeException.java",
    "fileType": "java",
    "lines": [
      {
        "lineNumber": 1,
        "author": {
          "gitId": "Yiheng0410"
        },
        "content": "package Exceptions;"
      },
      {
        "lineNumber": 2,
        "author": {
          "gitId": "Yiheng0410"
        },
        "content": ""
      },
      {
        "lineNumber": 3,
        "author": {
          "gitId": "Yiheng0410"
        },
        "content": "public class DukeException extends Exception{"
      },
      {
        "lineNumber": 4,
        "author": {
          "gitId": "Yiheng0410"
        },
        "content": "        public DukeException(String message) {"
      },
      {
        "lineNumber": 5,
        "author": {
          "gitId": "Yiheng0410"
        },
        "content": "            super(message);"
      },
      {
        "lineNumber": 6,
        "author": {
          "gitId": "Yiheng0410"
        },
        "content": "        }"
      },
      {
        "lineNumber": 7,
        "author": {
          "gitId": "Yiheng0410"
        },
        "content": "}"
      }
    ],
    "authorContributionMap": {
      "Yiheng0410": 7
    }
  },
  {
    "path": "src/main/java/Task/Deadlines.java",
    "fileType": "java",
    "lines": [
      {
        "lineNumber": 1,
        "author": {
          "gitId": "Yiheng0410"
        },
        "content": "package Task;"
      },
      {
        "lineNumber": 2,
        "author": {
          "gitId": "Yiheng0410"
        },
        "content": ""
      },
      {
        "lineNumber": 3,
        "author": {
          "gitId": "Yiheng0410"
        },
        "content": "public class Deadlines extends Tasks{"
      },
      {
        "lineNumber": 4,
        "author": {
          "gitId": "Yiheng0410"
        },
        "content": "    private String deadline;"
      },
      {
        "lineNumber": 5,
        "author": {
          "gitId": "Yiheng0410"
        },
        "content": ""
      },
      {
        "lineNumber": 6,
        "author": {
          "gitId": "Yiheng0410"
        },
        "content": "    public Deadlines(String description, String deadline) {"
      },
      {
        "lineNumber": 7,
        "author": {
          "gitId": "Yiheng0410"
        },
        "content": "        super(description);"
      },
      {
        "lineNumber": 8,
        "author": {
          "gitId": "Yiheng0410"
        },
        "content": "        super.type \u003d \"[D]\";"
      },
      {
        "lineNumber": 9,
        "author": {
          "gitId": "Yiheng0410"
        },
        "content": "        this.deadline \u003d deadline;"
      },
      {
        "lineNumber": 10,
        "author": {
          "gitId": "Yiheng0410"
        },
        "content": "    }"
      },
      {
        "lineNumber": 11,
        "author": {
          "gitId": "Yiheng0410"
        },
        "content": ""
      },
      {
        "lineNumber": 12,
        "author": {
          "gitId": "Yiheng0410"
        },
        "content": "    @Override"
      },
      {
        "lineNumber": 13,
        "author": {
          "gitId": "Yiheng0410"
        },
        "content": "    public String toString() {"
      },
      {
        "lineNumber": 14,
        "author": {
          "gitId": "Yiheng0410"
        },
        "content": "        return super.toString() + \"(by: \" + deadline + \")\";"
      },
      {
        "lineNumber": 15,
        "author": {
          "gitId": "Yiheng0410"
        },
        "content": "    }"
      },
      {
        "lineNumber": 16,
        "author": {
          "gitId": "Yiheng0410"
        },
        "content": "}"
      }
    ],
    "authorContributionMap": {
      "Yiheng0410": 16
    }
  },
  {
    "path": "src/main/java/Task/Events.java",
    "fileType": "java",
    "lines": [
      {
        "lineNumber": 1,
        "author": {
          "gitId": "Yiheng0410"
        },
        "content": "package Task;"
      },
      {
        "lineNumber": 2,
        "author": {
          "gitId": "Yiheng0410"
        },
        "content": ""
      },
      {
        "lineNumber": 3,
        "author": {
          "gitId": "Yiheng0410"
        },
        "content": "public class Events extends Tasks {"
      },
      {
        "lineNumber": 4,
        "author": {
          "gitId": "Yiheng0410"
        },
        "content": "    private String eventDateTime;"
      },
      {
        "lineNumber": 5,
        "author": {
          "gitId": "Yiheng0410"
        },
        "content": ""
      },
      {
        "lineNumber": 6,
        "author": {
          "gitId": "Yiheng0410"
        },
        "content": "    public Events(String description, String eventDateTime) {"
      },
      {
        "lineNumber": 7,
        "author": {
          "gitId": "Yiheng0410"
        },
        "content": "        super(description);"
      },
      {
        "lineNumber": 8,
        "author": {
          "gitId": "Yiheng0410"
        },
        "content": "        super.type \u003d \"[E]\";"
      },
      {
        "lineNumber": 9,
        "author": {
          "gitId": "Yiheng0410"
        },
        "content": "        this.eventDateTime \u003d eventDateTime;"
      },
      {
        "lineNumber": 10,
        "author": {
          "gitId": "Yiheng0410"
        },
        "content": "    }"
      },
      {
        "lineNumber": 11,
        "author": {
          "gitId": "Yiheng0410"
        },
        "content": ""
      },
      {
        "lineNumber": 12,
        "author": {
          "gitId": "Yiheng0410"
        },
        "content": "    @Override"
      },
      {
        "lineNumber": 13,
        "author": {
          "gitId": "Yiheng0410"
        },
        "content": "    public String toString() {"
      },
      {
        "lineNumber": 14,
        "author": {
          "gitId": "Yiheng0410"
        },
        "content": "        return super.toString() + \"(at: \" + eventDateTime + \")\";"
      },
      {
        "lineNumber": 15,
        "author": {
          "gitId": "Yiheng0410"
        },
        "content": "    }"
      },
      {
        "lineNumber": 16,
        "author": {
          "gitId": "Yiheng0410"
        },
        "content": ""
      },
      {
        "lineNumber": 17,
        "author": {
          "gitId": "Yiheng0410"
        },
        "content": "}"
      }
    ],
    "authorContributionMap": {
      "Yiheng0410": 17
    }
  },
  {
    "path": "src/main/java/Task/Tasks.java",
    "fileType": "java",
    "lines": [
      {
        "lineNumber": 1,
        "author": {
          "gitId": "Yiheng0410"
        },
        "content": "package Task;"
      },
      {
        "lineNumber": 2,
        "author": {
          "gitId": "Yiheng0410"
        },
        "content": ""
      },
      {
        "lineNumber": 3,
        "author": {
          "gitId": "Yiheng0410"
        },
        "content": "public  abstract class Tasks {"
      },
      {
        "lineNumber": 4,
        "author": {
          "gitId": "Yiheng0410"
        },
        "content": "    protected String type;"
      },
      {
        "lineNumber": 5,
        "author": {
          "gitId": "Yiheng0410"
        },
        "content": "    protected String description;"
      },
      {
        "lineNumber": 6,
        "author": {
          "gitId": "Yiheng0410"
        },
        "content": "    protected String statusIcon;"
      },
      {
        "lineNumber": 7,
        "author": {
          "gitId": "Yiheng0410"
        },
        "content": "    protected boolean isdone;"
      },
      {
        "lineNumber": 8,
        "author": {
          "gitId": "Yiheng0410"
        },
        "content": ""
      },
      {
        "lineNumber": 9,
        "author": {
          "gitId": "Yiheng0410"
        },
        "content": "    public Tasks(String description) {"
      },
      {
        "lineNumber": 10,
        "author": {
          "gitId": "Yiheng0410"
        },
        "content": "        this.description \u003d description;"
      },
      {
        "lineNumber": 11,
        "author": {
          "gitId": "Yiheng0410"
        },
        "content": "        this.isdone \u003d false;"
      },
      {
        "lineNumber": 12,
        "author": {
          "gitId": "Yiheng0410"
        },
        "content": "        this.statusIcon\u003d\"[✗]\";"
      },
      {
        "lineNumber": 13,
        "author": {
          "gitId": "Yiheng0410"
        },
        "content": "    }"
      },
      {
        "lineNumber": 14,
        "author": {
          "gitId": "Yiheng0410"
        },
        "content": ""
      },
      {
        "lineNumber": 15,
        "author": {
          "gitId": "Yiheng0410"
        },
        "content": "    public String getTaskDescription() {"
      },
      {
        "lineNumber": 16,
        "author": {
          "gitId": "Yiheng0410"
        },
        "content": "        return description;"
      },
      {
        "lineNumber": 17,
        "author": {
          "gitId": "Yiheng0410"
        },
        "content": "    }"
      },
      {
        "lineNumber": 18,
        "author": {
          "gitId": "Yiheng0410"
        },
        "content": ""
      },
      {
        "lineNumber": 19,
        "author": {
          "gitId": "Yiheng0410"
        },
        "content": "    public String getTaskStatus() {"
      },
      {
        "lineNumber": 20,
        "author": {
          "gitId": "Yiheng0410"
        },
        "content": "        if (isdone \u003d\u003dtrue){"
      },
      {
        "lineNumber": 21,
        "author": {
          "gitId": "Yiheng0410"
        },
        "content": "            return \"[✓]\";"
      },
      {
        "lineNumber": 22,
        "author": {
          "gitId": "Yiheng0410"
        },
        "content": "        }"
      },
      {
        "lineNumber": 23,
        "author": {
          "gitId": "Yiheng0410"
        },
        "content": "        else return\"[✗]\";"
      },
      {
        "lineNumber": 24,
        "author": {
          "gitId": "Yiheng0410"
        },
        "content": "    }"
      },
      {
        "lineNumber": 25,
        "author": {
          "gitId": "Yiheng0410"
        },
        "content": ""
      },
      {
        "lineNumber": 26,
        "author": {
          "gitId": "Yiheng0410"
        },
        "content": "    public void setTaskStatus(boolean status){"
      },
      {
        "lineNumber": 27,
        "author": {
          "gitId": "Yiheng0410"
        },
        "content": "        this.isdone\u003dstatus;"
      },
      {
        "lineNumber": 28,
        "author": {
          "gitId": "Yiheng0410"
        },
        "content": "        setTaskStatusIcon();"
      },
      {
        "lineNumber": 29,
        "author": {
          "gitId": "Yiheng0410"
        },
        "content": ""
      },
      {
        "lineNumber": 30,
        "author": {
          "gitId": "Yiheng0410"
        },
        "content": "    }"
      },
      {
        "lineNumber": 31,
        "author": {
          "gitId": "Yiheng0410"
        },
        "content": ""
      },
      {
        "lineNumber": 32,
        "author": {
          "gitId": "Yiheng0410"
        },
        "content": "    public void setTaskStatusIcon(){"
      },
      {
        "lineNumber": 33,
        "author": {
          "gitId": "Yiheng0410"
        },
        "content": "        if(isdone){"
      },
      {
        "lineNumber": 34,
        "author": {
          "gitId": "Yiheng0410"
        },
        "content": "            this.statusIcon\u003d\"[✓]\";"
      },
      {
        "lineNumber": 35,
        "author": {
          "gitId": "Yiheng0410"
        },
        "content": "        }"
      },
      {
        "lineNumber": 36,
        "author": {
          "gitId": "Yiheng0410"
        },
        "content": "        else{"
      },
      {
        "lineNumber": 37,
        "author": {
          "gitId": "Yiheng0410"
        },
        "content": "            this.statusIcon\u003d\"[✗]\";"
      },
      {
        "lineNumber": 38,
        "author": {
          "gitId": "Yiheng0410"
        },
        "content": "        }"
      },
      {
        "lineNumber": 39,
        "author": {
          "gitId": "Yiheng0410"
        },
        "content": "    }"
      },
      {
        "lineNumber": 40,
        "author": {
          "gitId": "Yiheng0410"
        },
        "content": ""
      },
      {
        "lineNumber": 41,
        "author": {
          "gitId": "Yiheng0410"
        },
        "content": "    @Override"
      },
      {
        "lineNumber": 42,
        "author": {
          "gitId": "Yiheng0410"
        },
        "content": "    public String toString() {"
      },
      {
        "lineNumber": 43,
        "author": {
          "gitId": "Yiheng0410"
        },
        "content": "        return type + statusIcon + \" \" + description;"
      },
      {
        "lineNumber": 44,
        "author": {
          "gitId": "Yiheng0410"
        },
        "content": "    }"
      },
      {
        "lineNumber": 45,
        "author": {
          "gitId": "Yiheng0410"
        },
        "content": "}"
      }
    ],
    "authorContributionMap": {
      "Yiheng0410": 45
    }
  },
  {
    "path": "src/main/java/Task/ToDos.java",
    "fileType": "java",
    "lines": [
      {
        "lineNumber": 1,
        "author": {
          "gitId": "Yiheng0410"
        },
        "content": "package Task;"
      },
      {
        "lineNumber": 2,
        "author": {
          "gitId": "Yiheng0410"
        },
        "content": ""
      },
      {
        "lineNumber": 3,
        "author": {
          "gitId": "Yiheng0410"
        },
        "content": "public class ToDos extends Tasks {"
      },
      {
        "lineNumber": 4,
        "author": {
          "gitId": "Yiheng0410"
        },
        "content": "    public ToDos(String description) {"
      },
      {
        "lineNumber": 5,
        "author": {
          "gitId": "Yiheng0410"
        },
        "content": "        super(description);"
      },
      {
        "lineNumber": 6,
        "author": {
          "gitId": "Yiheng0410"
        },
        "content": "        super.type \u003d \"[T]\";"
      },
      {
        "lineNumber": 7,
        "author": {
          "gitId": "Yiheng0410"
        },
        "content": "    }"
      },
      {
        "lineNumber": 8,
        "author": {
          "gitId": "Yiheng0410"
        },
        "content": "}"
      }
    ],
    "authorContributionMap": {
      "Yiheng0410": 8
    }
  }
]
