[
  {
    "path": "CONTRIBUTORS.md",
    "fileType": "md",
    "lines": [
      {
        "lineNumber": 1,
        "author": {
          "gitId": "Yiheng0410"
        },
        "content": "# Contributors"
      },
      {
        "lineNumber": 2,
        "author": {
          "gitId": "Yiheng0410"
        },
        "content": ""
      },
      {
        "lineNumber": 3,
        "author": {
          "gitId": "Yiheng0410"
        },
        "content": "Display | Name | Github Profile | Homepage"
      },
      {
        "lineNumber": 4,
        "author": {
          "gitId": "Yiheng0410"
        },
        "content": "---|:---:|:---:|:---:"
      },
      {
        "lineNumber": 5,
        "author": {
          "gitId": "Yiheng0410"
        },
        "content": "![](https://avatars0.githubusercontent.com/u/22460123?s\u003d100) | Jeffry Lum | [Github](https://github.com/j-lum/) | [Homepage](https://se.kasugano.moe)"
      },
      {
        "lineNumber": 6,
        "author": {
          "gitId": "Yiheng0410"
        },
        "content": "![](https://avatars0.githubusercontent.com/u/1673303?s\u003d100) | Damith C. Rajapakse | [Github](https://github.com/damithc/) | [Homepage](https://www.comp.nus.edu.sg/~damithch/)"
      },
      {
        "lineNumber": 7,
        "author": {
          "gitId": "Yiheng0410"
        },
        "content": "# I would like to join this list. How can I help the project"
      },
      {
        "lineNumber": 8,
        "author": {
          "gitId": "Yiheng0410"
        },
        "content": ""
      },
      {
        "lineNumber": 9,
        "author": {
          "gitId": "Yiheng0410"
        },
        "content": "For more information, please refer to our [contributor\u0027s guide](https://oss-generic.github.io/process/)."
      }
    ],
    "authorContributionMap": {
      "Yiheng0410": 9
    }
  },
  {
    "path": "README.md",
    "fileType": "md",
    "lines": [
      {
        "lineNumber": 1,
        "author": {
          "gitId": "Yiheng0410"
        },
        "content": "# Duke project template"
      },
      {
        "lineNumber": 2,
        "author": {
          "gitId": "Yiheng0410"
        },
        "content": ""
      },
      {
        "lineNumber": 3,
        "author": {
          "gitId": "Yiheng0410"
        },
        "content": "This is a project template for a greenfield Java project. It\u0027s named after the Java mascot _Duke_. Given below are instructions on how to use it."
      },
      {
        "lineNumber": 4,
        "author": {
          "gitId": "Yiheng0410"
        },
        "content": ""
      },
      {
        "lineNumber": 5,
        "author": {
          "gitId": "Yiheng0410"
        },
        "content": "## Setting up in Intellij"
      },
      {
        "lineNumber": 6,
        "author": {
          "gitId": "Yiheng0410"
        },
        "content": ""
      },
      {
        "lineNumber": 7,
        "author": {
          "gitId": "Yiheng0410"
        },
        "content": "Prerequisites: JDK 11, update Intellij to the most recent version."
      },
      {
        "lineNumber": 8,
        "author": {
          "gitId": "Yiheng0410"
        },
        "content": ""
      },
      {
        "lineNumber": 9,
        "author": {
          "gitId": "Yiheng0410"
        },
        "content": "1. Open Intellij (if you are not in the welcome screen, click `File` \u003e `Close Project` to close the existing project dialog first)"
      },
      {
        "lineNumber": 10,
        "author": {
          "gitId": "Yiheng0410"
        },
        "content": "1. Set up the correct JDK version, as follows:"
      },
      {
        "lineNumber": 11,
        "author": {
          "gitId": "Yiheng0410"
        },
        "content": "   1. Click `Configure` \u003e `Structure for New Projects` and then `Project Settings` \u003e `Project` \u003e `Project SDK`"
      },
      {
        "lineNumber": 12,
        "author": {
          "gitId": "Yiheng0410"
        },
        "content": "   1. If JDK 11 is listed in the drop down, select it. If it is not, click `New...` and select the directory where you installed JDK 11"
      },
      {
        "lineNumber": 13,
        "author": {
          "gitId": "Yiheng0410"
        },
        "content": "   1. Click `OK`"
      },
      {
        "lineNumber": 14,
        "author": {
          "gitId": "Yiheng0410"
        },
        "content": "1. Import the project into Intellij as follows:"
      },
      {
        "lineNumber": 15,
        "author": {
          "gitId": "Yiheng0410"
        },
        "content": "   1. Click `Open or Import`."
      },
      {
        "lineNumber": 16,
        "author": {
          "gitId": "Yiheng0410"
        },
        "content": "   1. Select the project directory, and click `OK`"
      },
      {
        "lineNumber": 17,
        "author": {
          "gitId": "Yiheng0410"
        },
        "content": "   1. If there are any further prompts, accept the defaults."
      },
      {
        "lineNumber": 18,
        "author": {
          "gitId": "Yiheng0410"
        },
        "content": "1. After the importing is complete, locate the `src/main/java/Duke.java` file, right-click it, and choose `Run Duke.main()`. If the setup is correct, you should see something like the below:"
      },
      {
        "lineNumber": 19,
        "author": {
          "gitId": "Yiheng0410"
        },
        "content": "   ```"
      },
      {
        "lineNumber": 20,
        "author": {
          "gitId": "Yiheng0410"
        },
        "content": "   Hello from"
      },
      {
        "lineNumber": 21,
        "author": {
          "gitId": "Yiheng0410"
        },
        "content": "    ____        _        "
      },
      {
        "lineNumber": 22,
        "author": {
          "gitId": "Yiheng0410"
        },
        "content": "   |  _ \\ _   _| | _____ "
      },
      {
        "lineNumber": 23,
        "author": {
          "gitId": "Yiheng0410"
        },
        "content": "   | | | | | | | |/ / _ \\"
      },
      {
        "lineNumber": 24,
        "author": {
          "gitId": "Yiheng0410"
        },
        "content": "   | |_| | |_| |   \u003c  __/"
      },
      {
        "lineNumber": 25,
        "author": {
          "gitId": "Yiheng0410"
        },
        "content": "   |____/ \\__,_|_|\\_\\___|"
      },
      {
        "lineNumber": 26,
        "author": {
          "gitId": "Yiheng0410"
        },
        "content": "   ```"
      }
    ],
    "authorContributionMap": {
      "Yiheng0410": 26
    }
  },
  {
    "path": "docs/README.md",
    "fileType": "md",
    "lines": [
      {
        "lineNumber": 1,
        "author": {
          "gitId": "Yiheng0410"
        },
        "content": "# User Guide"
      },
      {
        "lineNumber": 2,
        "author": {
          "gitId": "Yiheng0410"
        },
        "content": ""
      },
      {
        "lineNumber": 3,
        "author": {
          "gitId": "Yiheng0410"
        },
        "content": "## Features "
      },
      {
        "lineNumber": 4,
        "author": {
          "gitId": "Yiheng0410"
        },
        "content": ""
      },
      {
        "lineNumber": 5,
        "author": {
          "gitId": "Yiheng0410"
        },
        "content": "### Feature 1 "
      },
      {
        "lineNumber": 6,
        "author": {
          "gitId": "Yiheng0410"
        },
        "content": "Description of feature."
      },
      {
        "lineNumber": 7,
        "author": {
          "gitId": "Yiheng0410"
        },
        "content": ""
      },
      {
        "lineNumber": 8,
        "author": {
          "gitId": "Yiheng0410"
        },
        "content": "## Usage"
      },
      {
        "lineNumber": 9,
        "author": {
          "gitId": "Yiheng0410"
        },
        "content": ""
      },
      {
        "lineNumber": 10,
        "author": {
          "gitId": "Yiheng0410"
        },
        "content": "### `Keyword` - Describe action"
      },
      {
        "lineNumber": 11,
        "author": {
          "gitId": "Yiheng0410"
        },
        "content": ""
      },
      {
        "lineNumber": 12,
        "author": {
          "gitId": "Yiheng0410"
        },
        "content": "Describe action and its outcome."
      },
      {
        "lineNumber": 13,
        "author": {
          "gitId": "Yiheng0410"
        },
        "content": ""
      },
      {
        "lineNumber": 14,
        "author": {
          "gitId": "Yiheng0410"
        },
        "content": "Example of usage: "
      },
      {
        "lineNumber": 15,
        "author": {
          "gitId": "Yiheng0410"
        },
        "content": ""
      },
      {
        "lineNumber": 16,
        "author": {
          "gitId": "Yiheng0410"
        },
        "content": "`keyword (optional arguments)`"
      },
      {
        "lineNumber": 17,
        "author": {
          "gitId": "Yiheng0410"
        },
        "content": ""
      },
      {
        "lineNumber": 18,
        "author": {
          "gitId": "Yiheng0410"
        },
        "content": "Expected outcome:"
      },
      {
        "lineNumber": 19,
        "author": {
          "gitId": "Yiheng0410"
        },
        "content": ""
      },
      {
        "lineNumber": 20,
        "author": {
          "gitId": "Yiheng0410"
        },
        "content": "`outcome`"
      }
    ],
    "authorContributionMap": {
      "Yiheng0410": 20
    }
  },
  {
    "path": "src/main/java/Duke.java",
    "fileType": "java",
    "lines": [
      {
        "lineNumber": 1,
        "author": {
          "gitId": "Yiheng0410"
        },
        "content": "import java.util.Scanner;"
      },
      {
        "lineNumber": 2,
        "author": {
          "gitId": "Yiheng0410"
        },
        "content": "import java.util.ArrayList;"
      },
      {
        "lineNumber": 3,
        "author": {
          "gitId": "Yiheng0410"
        },
        "content": ""
      },
      {
        "lineNumber": 4,
        "author": {
          "gitId": "Yiheng0410"
        },
        "content": "public class Duke {"
      },
      {
        "lineNumber": 5,
        "author": {
          "gitId": "Yiheng0410"
        },
        "content": "    public static void main(String[] args) {"
      },
      {
        "lineNumber": 6,
        "author": {
          "gitId": "Yiheng0410"
        },
        "content": ""
      },
      {
        "lineNumber": 7,
        "author": {
          "gitId": "Yiheng0410"
        },
        "content": "        ArrayList\u003cTask\u003e tasks \u003d new ArrayList\u003c\u003e();"
      },
      {
        "lineNumber": 8,
        "author": {
          "gitId": "Yiheng0410"
        },
        "content": "        Scanner scanner \u003d new Scanner(System.in);"
      },
      {
        "lineNumber": 9,
        "author": {
          "gitId": "Yiheng0410"
        },
        "content": ""
      },
      {
        "lineNumber": 10,
        "author": {
          "gitId": "Yiheng0410"
        },
        "content": "        String logo \u003d \" ____        _        \\n\""
      },
      {
        "lineNumber": 11,
        "author": {
          "gitId": "Yiheng0410"
        },
        "content": "                + \"|  _ \\\\ _   _| | _____ \\n\""
      },
      {
        "lineNumber": 12,
        "author": {
          "gitId": "Yiheng0410"
        },
        "content": "                + \"| | | | | | | |/ / _ \\\\\\n\""
      },
      {
        "lineNumber": 13,
        "author": {
          "gitId": "Yiheng0410"
        },
        "content": "                + \"| |_| | |_| |   \u003c  __/\\n\""
      },
      {
        "lineNumber": 14,
        "author": {
          "gitId": "Yiheng0410"
        },
        "content": "                + \"|____/ \\\\__,_|_|\\\\_\\\\___|\\n\";"
      },
      {
        "lineNumber": 15,
        "author": {
          "gitId": "Yiheng0410"
        },
        "content": "        System.out.println(\"Hello from\\n\" + logo);"
      },
      {
        "lineNumber": 16,
        "author": {
          "gitId": "Yiheng0410"
        },
        "content": ""
      },
      {
        "lineNumber": 17,
        "author": {
          "gitId": "Yiheng0410"
        },
        "content": "        System.out.println(\"Hello! I\u0027m Duke\\n\" + \"What can I do for you?\");"
      },
      {
        "lineNumber": 18,
        "author": {
          "gitId": "Yiheng0410"
        },
        "content": ""
      },
      {
        "lineNumber": 19,
        "author": {
          "gitId": "Yiheng0410"
        },
        "content": "        while(true){"
      },
      {
        "lineNumber": 20,
        "author": {
          "gitId": "Yiheng0410"
        },
        "content": "            String userInput \u003d scanner.nextLine();"
      },
      {
        "lineNumber": 21,
        "author": {
          "gitId": "Yiheng0410"
        },
        "content": "            String[] cmd \u003d userInput.split(\"\\\\s+\");"
      },
      {
        "lineNumber": 22,
        "author": {
          "gitId": "Yiheng0410"
        },
        "content": "            try{"
      },
      {
        "lineNumber": 23,
        "author": {
          "gitId": "Yiheng0410"
        },
        "content": "                if(cmd[0].equalsIgnoreCase(\"bye\")){"
      },
      {
        "lineNumber": 24,
        "author": {
          "gitId": "Yiheng0410"
        },
        "content": "                    System.out.println(\"Bye. Hope to see you again soon!\");"
      },
      {
        "lineNumber": 25,
        "author": {
          "gitId": "Yiheng0410"
        },
        "content": "                    break;"
      },
      {
        "lineNumber": 26,
        "author": {
          "gitId": "Yiheng0410"
        },
        "content": "                }"
      },
      {
        "lineNumber": 27,
        "author": {
          "gitId": "Yiheng0410"
        },
        "content": "                else if(cmd[0].equalsIgnoreCase(\"list\")){"
      },
      {
        "lineNumber": 28,
        "author": {
          "gitId": "Yiheng0410"
        },
        "content": "                    int index\u003d1;"
      },
      {
        "lineNumber": 29,
        "author": {
          "gitId": "Yiheng0410"
        },
        "content": "                    for(Task task:tasks){"
      },
      {
        "lineNumber": 30,
        "author": {
          "gitId": "Yiheng0410"
        },
        "content": "                        System.out.println(index+\".\" +task.getTaskStatus()+\" \"+ task.getTaskDescription());"
      },
      {
        "lineNumber": 31,
        "author": {
          "gitId": "Yiheng0410"
        },
        "content": "                        index++;"
      },
      {
        "lineNumber": 32,
        "author": {
          "gitId": "Yiheng0410"
        },
        "content": "                    }"
      },
      {
        "lineNumber": 33,
        "author": {
          "gitId": "Yiheng0410"
        },
        "content": "                }"
      },
      {
        "lineNumber": 34,
        "author": {
          "gitId": "Yiheng0410"
        },
        "content": "                else if(cmd[0].equalsIgnoreCase(\"done\")){"
      },
      {
        "lineNumber": 35,
        "author": {
          "gitId": "Yiheng0410"
        },
        "content": "                    int index \u003d Integer.parseInt(userInput.split(\" \")[1]);"
      },
      {
        "lineNumber": 36,
        "author": {
          "gitId": "Yiheng0410"
        },
        "content": "                    tasks.get(index - 1).setTaskStatus(true);"
      },
      {
        "lineNumber": 37,
        "author": {
          "gitId": "Yiheng0410"
        },
        "content": "                    System.out.println(\"Nice! I\u0027ve marked this task as done: \");"
      },
      {
        "lineNumber": 38,
        "author": {
          "gitId": "Yiheng0410"
        },
        "content": "                    System.out.println(tasks.get(index - 1).getTaskStatus() + \" \" + tasks.get(index - 1).getTaskDescription()+\"\\n\");"
      },
      {
        "lineNumber": 39,
        "author": {
          "gitId": "Yiheng0410"
        },
        "content": ""
      },
      {
        "lineNumber": 40,
        "author": {
          "gitId": "Yiheng0410"
        },
        "content": "                }"
      },
      {
        "lineNumber": 41,
        "author": {
          "gitId": "Yiheng0410"
        },
        "content": "                else{"
      },
      {
        "lineNumber": 42,
        "author": {
          "gitId": "Yiheng0410"
        },
        "content": "                    tasks.add(new Task(userInput));"
      },
      {
        "lineNumber": 43,
        "author": {
          "gitId": "Yiheng0410"
        },
        "content": "                    System.out.println(\"Added: \"+userInput);"
      },
      {
        "lineNumber": 44,
        "author": {
          "gitId": "Yiheng0410"
        },
        "content": "                }"
      },
      {
        "lineNumber": 45,
        "author": {
          "gitId": "Yiheng0410"
        },
        "content": "            }"
      },
      {
        "lineNumber": 46,
        "author": {
          "gitId": "Yiheng0410"
        },
        "content": "            catch (Exception e){"
      },
      {
        "lineNumber": 47,
        "author": {
          "gitId": "Yiheng0410"
        },
        "content": "                System.out.println(\"Sorry,Invalid command. Please enter a valid command.\\n\");"
      },
      {
        "lineNumber": 48,
        "author": {
          "gitId": "Yiheng0410"
        },
        "content": "            }"
      },
      {
        "lineNumber": 49,
        "author": {
          "gitId": "Yiheng0410"
        },
        "content": "            continue;"
      },
      {
        "lineNumber": 50,
        "author": {
          "gitId": "Yiheng0410"
        },
        "content": "        }"
      },
      {
        "lineNumber": 51,
        "author": {
          "gitId": "Yiheng0410"
        },
        "content": ""
      },
      {
        "lineNumber": 52,
        "author": {
          "gitId": "Yiheng0410"
        },
        "content": ""
      },
      {
        "lineNumber": 53,
        "author": {
          "gitId": "Yiheng0410"
        },
        "content": ""
      },
      {
        "lineNumber": 54,
        "author": {
          "gitId": "Yiheng0410"
        },
        "content": ""
      },
      {
        "lineNumber": 55,
        "author": {
          "gitId": "Yiheng0410"
        },
        "content": "    }"
      },
      {
        "lineNumber": 56,
        "author": {
          "gitId": "Yiheng0410"
        },
        "content": "}"
      }
    ],
    "authorContributionMap": {
      "Yiheng0410": 56
    }
  },
  {
    "path": "src/main/java/Task.java",
    "fileType": "java",
    "lines": [
      {
        "lineNumber": 1,
        "author": {
          "gitId": "Yiheng0410"
        },
        "content": "public class Task {"
      },
      {
        "lineNumber": 2,
        "author": {
          "gitId": "Yiheng0410"
        },
        "content": "    protected String description;"
      },
      {
        "lineNumber": 3,
        "author": {
          "gitId": "Yiheng0410"
        },
        "content": "    protected boolean status;"
      },
      {
        "lineNumber": 4,
        "author": {
          "gitId": "Yiheng0410"
        },
        "content": ""
      },
      {
        "lineNumber": 5,
        "author": {
          "gitId": "Yiheng0410"
        },
        "content": "    public Task(String description) {"
      },
      {
        "lineNumber": 6,
        "author": {
          "gitId": "Yiheng0410"
        },
        "content": "        this.description \u003d description;"
      },
      {
        "lineNumber": 7,
        "author": {
          "gitId": "Yiheng0410"
        },
        "content": "        this.status \u003d false;"
      },
      {
        "lineNumber": 8,
        "author": {
          "gitId": "Yiheng0410"
        },
        "content": "    }"
      },
      {
        "lineNumber": 9,
        "author": {
          "gitId": "Yiheng0410"
        },
        "content": ""
      },
      {
        "lineNumber": 10,
        "author": {
          "gitId": "Yiheng0410"
        },
        "content": "    public String getTaskDescription() {"
      },
      {
        "lineNumber": 11,
        "author": {
          "gitId": "Yiheng0410"
        },
        "content": "        return description;"
      },
      {
        "lineNumber": 12,
        "author": {
          "gitId": "Yiheng0410"
        },
        "content": "    }"
      },
      {
        "lineNumber": 13,
        "author": {
          "gitId": "Yiheng0410"
        },
        "content": ""
      },
      {
        "lineNumber": 14,
        "author": {
          "gitId": "Yiheng0410"
        },
        "content": "    public void setTaskStatus(boolean status){"
      },
      {
        "lineNumber": 15,
        "author": {
          "gitId": "Yiheng0410"
        },
        "content": "        this.status\u003dtrue;"
      },
      {
        "lineNumber": 16,
        "author": {
          "gitId": "Yiheng0410"
        },
        "content": ""
      },
      {
        "lineNumber": 17,
        "author": {
          "gitId": "Yiheng0410"
        },
        "content": "    }"
      },
      {
        "lineNumber": 18,
        "author": {
          "gitId": "Yiheng0410"
        },
        "content": ""
      },
      {
        "lineNumber": 19,
        "author": {
          "gitId": "Yiheng0410"
        },
        "content": "    public String getTaskStatus() {"
      },
      {
        "lineNumber": 20,
        "author": {
          "gitId": "Yiheng0410"
        },
        "content": "        return (status ? \"\\u2713\" : \"\\u2718\"); //return tick or cross symbol"
      },
      {
        "lineNumber": 21,
        "author": {
          "gitId": "Yiheng0410"
        },
        "content": "    }"
      },
      {
        "lineNumber": 22,
        "author": {
          "gitId": "Yiheng0410"
        },
        "content": ""
      },
      {
        "lineNumber": 23,
        "author": {
          "gitId": "Yiheng0410"
        },
        "content": "}"
      }
    ],
    "authorContributionMap": {
      "Yiheng0410": 23
    }
  },
  {
    "path": "text-ui-test/runtest.bat",
    "fileType": "bat",
    "lines": [
      {
        "lineNumber": 1,
        "author": {
          "gitId": "Yiheng0410"
        },
        "content": "@ECHO OFF"
      },
      {
        "lineNumber": 2,
        "author": {
          "gitId": "Yiheng0410"
        },
        "content": ""
      },
      {
        "lineNumber": 3,
        "author": {
          "gitId": "Yiheng0410"
        },
        "content": "REM create bin directory if it doesn\u0027t exist"
      },
      {
        "lineNumber": 4,
        "author": {
          "gitId": "Yiheng0410"
        },
        "content": "if not exist ..\\bin mkdir ..\\bin"
      },
      {
        "lineNumber": 5,
        "author": {
          "gitId": "Yiheng0410"
        },
        "content": ""
      },
      {
        "lineNumber": 6,
        "author": {
          "gitId": "Yiheng0410"
        },
        "content": "REM delete output from previous run"
      },
      {
        "lineNumber": 7,
        "author": {
          "gitId": "Yiheng0410"
        },
        "content": "del ACTUAL.TXT"
      },
      {
        "lineNumber": 8,
        "author": {
          "gitId": "Yiheng0410"
        },
        "content": ""
      },
      {
        "lineNumber": 9,
        "author": {
          "gitId": "Yiheng0410"
        },
        "content": "REM compile the code into the bin folder"
      },
      {
        "lineNumber": 10,
        "author": {
          "gitId": "Yiheng0410"
        },
        "content": "javac  -cp ..\\src -Xlint:none -d ..\\bin ..\\src\\main\\java\\Duke.java"
      },
      {
        "lineNumber": 11,
        "author": {
          "gitId": "Yiheng0410"
        },
        "content": "IF ERRORLEVEL 1 ("
      },
      {
        "lineNumber": 12,
        "author": {
          "gitId": "Yiheng0410"
        },
        "content": "    echo ********** BUILD FAILURE **********"
      },
      {
        "lineNumber": 13,
        "author": {
          "gitId": "Yiheng0410"
        },
        "content": "    exit /b 1"
      },
      {
        "lineNumber": 14,
        "author": {
          "gitId": "Yiheng0410"
        },
        "content": ")"
      },
      {
        "lineNumber": 15,
        "author": {
          "gitId": "Yiheng0410"
        },
        "content": "REM no error here, errorlevel \u003d\u003d 0"
      },
      {
        "lineNumber": 16,
        "author": {
          "gitId": "Yiheng0410"
        },
        "content": ""
      },
      {
        "lineNumber": 17,
        "author": {
          "gitId": "Yiheng0410"
        },
        "content": "REM run the program, feed commands from input.txt file and redirect the output to the ACTUAL.TXT"
      },
      {
        "lineNumber": 18,
        "author": {
          "gitId": "Yiheng0410"
        },
        "content": "java -classpath ..\\bin Duke \u003c input.txt \u003e ACTUAL.TXT"
      },
      {
        "lineNumber": 19,
        "author": {
          "gitId": "Yiheng0410"
        },
        "content": ""
      },
      {
        "lineNumber": 20,
        "author": {
          "gitId": "Yiheng0410"
        },
        "content": "REM compare the output to the expected output"
      },
      {
        "lineNumber": 21,
        "author": {
          "gitId": "Yiheng0410"
        },
        "content": "FC ACTUAL.TXT EXPECTED.TXT"
      }
    ],
    "authorContributionMap": {
      "Yiheng0410": 21
    }
  },
  {
    "path": "text-ui-test/runtest.sh",
    "fileType": "sh",
    "lines": [
      {
        "lineNumber": 1,
        "author": {
          "gitId": "Yiheng0410"
        },
        "content": "#!/usr/bin/env bash"
      },
      {
        "lineNumber": 2,
        "author": {
          "gitId": "Yiheng0410"
        },
        "content": ""
      },
      {
        "lineNumber": 3,
        "author": {
          "gitId": "Yiheng0410"
        },
        "content": "# create bin directory if it doesn\u0027t exist"
      },
      {
        "lineNumber": 4,
        "author": {
          "gitId": "Yiheng0410"
        },
        "content": "if [ ! -d \"../bin\" ]"
      },
      {
        "lineNumber": 5,
        "author": {
          "gitId": "Yiheng0410"
        },
        "content": "then"
      },
      {
        "lineNumber": 6,
        "author": {
          "gitId": "Yiheng0410"
        },
        "content": "    mkdir ../bin"
      },
      {
        "lineNumber": 7,
        "author": {
          "gitId": "Yiheng0410"
        },
        "content": "fi"
      },
      {
        "lineNumber": 8,
        "author": {
          "gitId": "Yiheng0410"
        },
        "content": ""
      },
      {
        "lineNumber": 9,
        "author": {
          "gitId": "Yiheng0410"
        },
        "content": "# delete output from previous run"
      },
      {
        "lineNumber": 10,
        "author": {
          "gitId": "Yiheng0410"
        },
        "content": "if [ -e \"./ACTUAL.TXT\" ]"
      },
      {
        "lineNumber": 11,
        "author": {
          "gitId": "Yiheng0410"
        },
        "content": "then"
      },
      {
        "lineNumber": 12,
        "author": {
          "gitId": "Yiheng0410"
        },
        "content": "    rm ACTUAL.TXT"
      },
      {
        "lineNumber": 13,
        "author": {
          "gitId": "Yiheng0410"
        },
        "content": "fi"
      },
      {
        "lineNumber": 14,
        "author": {
          "gitId": "Yiheng0410"
        },
        "content": ""
      },
      {
        "lineNumber": 15,
        "author": {
          "gitId": "Yiheng0410"
        },
        "content": "# compile the code into the bin folder, terminates if error occurred"
      },
      {
        "lineNumber": 16,
        "author": {
          "gitId": "Yiheng0410"
        },
        "content": "if ! javac -cp ../src -Xlint:none -d ../bin ../src/main/java/Duke.java"
      },
      {
        "lineNumber": 17,
        "author": {
          "gitId": "Yiheng0410"
        },
        "content": "then"
      },
      {
        "lineNumber": 18,
        "author": {
          "gitId": "Yiheng0410"
        },
        "content": "    echo \"********** BUILD FAILURE **********\""
      },
      {
        "lineNumber": 19,
        "author": {
          "gitId": "Yiheng0410"
        },
        "content": "    exit 1"
      },
      {
        "lineNumber": 20,
        "author": {
          "gitId": "Yiheng0410"
        },
        "content": "fi"
      },
      {
        "lineNumber": 21,
        "author": {
          "gitId": "Yiheng0410"
        },
        "content": ""
      },
      {
        "lineNumber": 22,
        "author": {
          "gitId": "Yiheng0410"
        },
        "content": "# run the program, feed commands from input.txt file and redirect the output to the ACTUAL.TXT"
      },
      {
        "lineNumber": 23,
        "author": {
          "gitId": "Yiheng0410"
        },
        "content": "java -classpath ../bin Duke \u003c input.txt \u003e ACTUAL.TXT"
      },
      {
        "lineNumber": 24,
        "author": {
          "gitId": "Yiheng0410"
        },
        "content": ""
      },
      {
        "lineNumber": 25,
        "author": {
          "gitId": "Yiheng0410"
        },
        "content": "# convert to UNIX format"
      },
      {
        "lineNumber": 26,
        "author": {
          "gitId": "Yiheng0410"
        },
        "content": "cp EXPECTED.TXT EXPECTED-UNIX.TXT"
      },
      {
        "lineNumber": 27,
        "author": {
          "gitId": "Yiheng0410"
        },
        "content": "dos2unix ACTUAL.TXT EXPECTED-UNIX.TXT"
      },
      {
        "lineNumber": 28,
        "author": {
          "gitId": "Yiheng0410"
        },
        "content": ""
      },
      {
        "lineNumber": 29,
        "author": {
          "gitId": "Yiheng0410"
        },
        "content": "# compare the output to the expected output"
      },
      {
        "lineNumber": 30,
        "author": {
          "gitId": "Yiheng0410"
        },
        "content": "diff ACTUAL.TXT EXPECTED-UNIX.TXT"
      },
      {
        "lineNumber": 31,
        "author": {
          "gitId": "Yiheng0410"
        },
        "content": "if [ $? -eq 0 ]"
      },
      {
        "lineNumber": 32,
        "author": {
          "gitId": "Yiheng0410"
        },
        "content": "then"
      },
      {
        "lineNumber": 33,
        "author": {
          "gitId": "Yiheng0410"
        },
        "content": "    echo \"Test result: PASSED\""
      },
      {
        "lineNumber": 34,
        "author": {
          "gitId": "Yiheng0410"
        },
        "content": "    exit 0"
      },
      {
        "lineNumber": 35,
        "author": {
          "gitId": "Yiheng0410"
        },
        "content": "else"
      },
      {
        "lineNumber": 36,
        "author": {
          "gitId": "Yiheng0410"
        },
        "content": "    echo \"Test result: FAILED\""
      },
      {
        "lineNumber": 37,
        "author": {
          "gitId": "Yiheng0410"
        },
        "content": "    exit 1"
      },
      {
        "lineNumber": 38,
        "author": {
          "gitId": "Yiheng0410"
        },
        "content": "fi"
      }
    ],
    "authorContributionMap": {
      "Yiheng0410": 38
    }
  }
]
