{
  "authorDailyContributionsMap": {
    "Yiheng0410": [
      {
        "date": "2020-08-30",
        "commitResults": [
          {
            "hash": "9d65a9b916f47015bda694745cde7053d5b66906",
            "messageTitle": "Create new fort",
            "messageBody": "",
            "fileTypesAndContributionMap": {
              "java": {
                "insertions": 4,
                "deletions": 0
              }
            }
          },
          {
            "hash": "5b1a3a98a760bbe95fb3efee3d11d18b9729b4ef",
            "messageTitle": "Re commit Level-0 to A-CodingStandard",
            "messageBody": "",
            "tags": [
              "Level-4",
              "Level-3",
              "Level-2",
              "Level-1",
              "Level-0",
              "A-CodingStandard"
            ],
            "fileTypesAndContributionMap": {
              "java": {
                "insertions": 170,
                "deletions": 1
              }
            }
          }
        ]
      },
      {
        "date": "2020-09-04",
        "commitResults": [
          {
            "hash": "7eb6a54d4b3bd9d51ec62d6831040f6049931eba",
            "messageTitle": "Level-5",
            "messageBody": "",
            "tags": [
              "Level-5",
              "A-CodeQuality"
            ],
            "fileTypesAndContributionMap": {
              "java": {
                "insertions": 41,
                "deletions": 10
              }
            }
          },
          {
            "hash": "1cb2588f761779c0dc6d5ee85f7d739779184d98",
            "messageTitle": "Make task a abstract class",
            "messageBody": "",
            "tags": [
              "Level-6",
              "A-Packages",
              "A-AbstractClasses"
            ],
            "fileTypesAndContributionMap": {
              "java": {
                "insertions": 1,
                "deletions": 1
              }
            }
          }
        ]
      }
    ]
  },
  "authorFileTypeContributionMap": {
    "Yiheng0410": {
      "java": 204,
      "md": 0,
      "fxml": 0,
      "sh": 0,
      "bat": 0,
      "gradle": 0,
      "txt": 0
    }
  },
  "authorContributionVariance": {
    "Yiheng0410": 1412.3223
  },
  "authorDisplayNameMap": {
    "Yiheng0410": "TIC4001-1 ZHEN..HENG"
  }
}
