{
  "authorDailyContributionsMap": {
    "Yiheng0410": [
      {
        "date": "2020-08-29",
        "commitResults": [
          {
            "hash": "ef306834ac24f475cefa79c0f86c9d91f932f5bc",
            "messageTitle": "Create new fork",
            "messageBody": "",
            "tags": [
              "Level-4",
              "Level-3",
              "Level-2",
              "Level-1",
              "Level-0",
              "A-CodingStandard"
            ],
            "fileTypesAndContributionMap": {
              "txt": {
                "insertions": 0,
                "deletions": 0
              },
              "java": {
                "insertions": 183,
                "deletions": 0
              },
              "bat": {
                "insertions": 21,
                "deletions": 0
              },
              "sh": {
                "insertions": 38,
                "deletions": 0
              },
              "md": {
                "insertions": 55,
                "deletions": 0
              }
            }
          },
          {
            "hash": "71e7b391c0d7d3188c2297a4154616dc6e55322b",
            "messageTitle": "Create new fork",
            "messageBody": "",
            "fileTypesAndContributionMap": {
              "java": {
                "insertions": 1,
                "deletions": 0
              }
            }
          }
        ]
      }
    ]
  },
  "authorFileTypeContributionMap": {
    "Yiheng0410": {
      "java": 184,
      "md": 55,
      "fxml": 0,
      "sh": 38,
      "bat": 21,
      "gradle": 0,
      "txt": 0
    }
  },
  "authorContributionVariance": {
    "Yiheng0410": 5203.3594
  },
  "authorDisplayNameMap": {
    "Yiheng0410": "ZHEN..HENG"
  }
}
