[
  {
    "path": "src/main/java/Duke.java",
    "fileType": "java",
    "lines": [
      {
        "lineNumber": 1,
        "author": {
          "gitId": "JanuariusJang"
        },
        "content": "import java.io.BufferedReader;"
      },
      {
        "lineNumber": 2,
        "author": {
          "gitId": "JanuariusJang"
        },
        "content": "import java.io.IOException;"
      },
      {
        "lineNumber": 3,
        "author": {
          "gitId": "JanuariusJang"
        },
        "content": "import java.io.InputStreamReader;"
      },
      {
        "lineNumber": 4,
        "author": {
          "gitId": "JanuariusJang"
        },
        "content": "import java.util.ArrayList;"
      },
      {
        "lineNumber": 5,
        "author": {
          "gitId": "JanuariusJang"
        },
        "content": ""
      },
      {
        "lineNumber": 6,
        "author": {
          "gitId": "-"
        },
        "content": "public class Duke {"
      },
      {
        "lineNumber": 7,
        "author": {
          "gitId": "JanuariusJang"
        },
        "content": "    public static void main(String[] args) throws IOException {"
      },
      {
        "lineNumber": 8,
        "author": {
          "gitId": "JanuariusJang"
        },
        "content": ""
      },
      {
        "lineNumber": 9,
        "author": {
          "gitId": "JanuariusJang"
        },
        "content": "        ArrayList\u003cTask\u003e taskList \u003d new ArrayList\u003cTask\u003e();"
      },
      {
        "lineNumber": 10,
        "author": {
          "gitId": "JanuariusJang"
        },
        "content": ""
      },
      {
        "lineNumber": 11,
        "author": {
          "gitId": "JanuariusJang"
        },
        "content": "        System.out.println(\"Hello! I\u0027m Duke\\n\" );"
      },
      {
        "lineNumber": 12,
        "author": {
          "gitId": "JanuariusJang"
        },
        "content": "        System.out.println(\"What can I do for you?\\n\" );"
      },
      {
        "lineNumber": 13,
        "author": {
          "gitId": "JanuariusJang"
        },
        "content": ""
      },
      {
        "lineNumber": 14,
        "author": {
          "gitId": "JanuariusJang"
        },
        "content": "        BufferedReader reader \u003d new BufferedReader(new InputStreamReader(System.in));"
      },
      {
        "lineNumber": 15,
        "author": {
          "gitId": "JanuariusJang"
        },
        "content": "        String textInput \u003d reader.readLine();"
      },
      {
        "lineNumber": 16,
        "author": {
          "gitId": "JanuariusJang"
        },
        "content": ""
      },
      {
        "lineNumber": 17,
        "author": {
          "gitId": "JanuariusJang"
        },
        "content": "        while(!textInput.equals(\"bye\")) {"
      },
      {
        "lineNumber": 18,
        "author": {
          "gitId": "JanuariusJang"
        },
        "content": ""
      },
      {
        "lineNumber": 19,
        "author": {
          "gitId": "JanuariusJang"
        },
        "content": "            String[]arrayOfStr\u003dtextInput.split(\" \",2);"
      },
      {
        "lineNumber": 20,
        "author": {
          "gitId": "JanuariusJang"
        },
        "content": ""
      },
      {
        "lineNumber": 21,
        "author": {
          "gitId": "JanuariusJang"
        },
        "content": "            if (textInput.equals(\"list\")) {"
      },
      {
        "lineNumber": 22,
        "author": {
          "gitId": "JanuariusJang"
        },
        "content": "                //System.out.println(taskList);"
      },
      {
        "lineNumber": 23,
        "author": {
          "gitId": "JanuariusJang"
        },
        "content": "                for (int i \u003d 0; i \u003c taskList.size();i++)"
      },
      {
        "lineNumber": 24,
        "author": {
          "gitId": "JanuariusJang"
        },
        "content": "                {"
      },
      {
        "lineNumber": 25,
        "author": {
          "gitId": "JanuariusJang"
        },
        "content": "                    System.out.println(i+1 + \". \"+ \"[\" +taskList.get(i).getStatusIcon() +\"] \"  +taskList.get(i).getDescription());"
      },
      {
        "lineNumber": 26,
        "author": {
          "gitId": "JanuariusJang"
        },
        "content": "                }"
      },
      {
        "lineNumber": 27,
        "author": {
          "gitId": "JanuariusJang"
        },
        "content": "            }"
      },
      {
        "lineNumber": 28,
        "author": {
          "gitId": "JanuariusJang"
        },
        "content": "            else if(arrayOfStr[0].equals(\"done\")){"
      },
      {
        "lineNumber": 29,
        "author": {
          "gitId": "JanuariusJang"
        },
        "content": "                //System.out.println(\"Done detected\");"
      },
      {
        "lineNumber": 30,
        "author": {
          "gitId": "JanuariusJang"
        },
        "content": "                int index\u003dInteger.parseInt(arrayOfStr[1])-1;"
      },
      {
        "lineNumber": 31,
        "author": {
          "gitId": "JanuariusJang"
        },
        "content": "                taskList.get(index).markAsDone();"
      },
      {
        "lineNumber": 32,
        "author": {
          "gitId": "JanuariusJang"
        },
        "content": "                System.out.println(\"Nice! I\u0027ve marked this task as done: \"+ \"[\" +taskList.get(index).getStatusIcon() +\"] \"  +taskList.get(index).getDescription());"
      },
      {
        "lineNumber": 33,
        "author": {
          "gitId": "JanuariusJang"
        },
        "content": ""
      },
      {
        "lineNumber": 34,
        "author": {
          "gitId": "JanuariusJang"
        },
        "content": ""
      },
      {
        "lineNumber": 35,
        "author": {
          "gitId": "JanuariusJang"
        },
        "content": "            }"
      },
      {
        "lineNumber": 36,
        "author": {
          "gitId": "JanuariusJang"
        },
        "content": "            else {"
      },
      {
        "lineNumber": 37,
        "author": {
          "gitId": "JanuariusJang"
        },
        "content": "                Task t\u003dnew Task(textInput);"
      },
      {
        "lineNumber": 38,
        "author": {
          "gitId": "JanuariusJang"
        },
        "content": "                taskList.add((t));"
      },
      {
        "lineNumber": 39,
        "author": {
          "gitId": "JanuariusJang"
        },
        "content": "                System.out.println(\"added: \" + t.getDescription());"
      },
      {
        "lineNumber": 40,
        "author": {
          "gitId": "JanuariusJang"
        },
        "content": "            }"
      },
      {
        "lineNumber": 41,
        "author": {
          "gitId": "JanuariusJang"
        },
        "content": "            textInput \u003d reader.readLine();"
      },
      {
        "lineNumber": 42,
        "author": {
          "gitId": "JanuariusJang"
        },
        "content": "        }"
      },
      {
        "lineNumber": 43,
        "author": {
          "gitId": "JanuariusJang"
        },
        "content": ""
      },
      {
        "lineNumber": 44,
        "author": {
          "gitId": "JanuariusJang"
        },
        "content": "        System.out.println(\" Bye.Hope to see you again soon!\\n\" );"
      },
      {
        "lineNumber": 45,
        "author": {
          "gitId": "JanuariusJang"
        },
        "content": ""
      },
      {
        "lineNumber": 46,
        "author": {
          "gitId": "JanuariusJang"
        },
        "content": ""
      },
      {
        "lineNumber": 47,
        "author": {
          "gitId": "JanuariusJang"
        },
        "content": ""
      },
      {
        "lineNumber": 48,
        "author": {
          "gitId": "JanuariusJang"
        },
        "content": ""
      },
      {
        "lineNumber": 49,
        "author": {
          "gitId": "JanuariusJang"
        },
        "content": ""
      },
      {
        "lineNumber": 50,
        "author": {
          "gitId": "JanuariusJang"
        },
        "content": ""
      },
      {
        "lineNumber": 51,
        "author": {
          "gitId": "-"
        },
        "content": "    }"
      },
      {
        "lineNumber": 52,
        "author": {
          "gitId": "-"
        },
        "content": "}"
      }
    ],
    "authorContributionMap": {
      "JanuariusJang": 49,
      "-": 3
    }
  },
  {
    "path": "src/main/java/Task.java",
    "fileType": "java",
    "lines": [
      {
        "lineNumber": 1,
        "author": {
          "gitId": "JanuariusJang"
        },
        "content": "public class Task {"
      },
      {
        "lineNumber": 2,
        "author": {
          "gitId": "JanuariusJang"
        },
        "content": "    protected String description;"
      },
      {
        "lineNumber": 3,
        "author": {
          "gitId": "JanuariusJang"
        },
        "content": "    protected boolean isDone;"
      },
      {
        "lineNumber": 4,
        "author": {
          "gitId": "JanuariusJang"
        },
        "content": ""
      },
      {
        "lineNumber": 5,
        "author": {
          "gitId": "JanuariusJang"
        },
        "content": "    public Task(String description) {"
      },
      {
        "lineNumber": 6,
        "author": {
          "gitId": "JanuariusJang"
        },
        "content": "        this.description \u003d description;"
      },
      {
        "lineNumber": 7,
        "author": {
          "gitId": "JanuariusJang"
        },
        "content": "        this.isDone \u003d false;"
      },
      {
        "lineNumber": 8,
        "author": {
          "gitId": "JanuariusJang"
        },
        "content": "    }"
      },
      {
        "lineNumber": 9,
        "author": {
          "gitId": "JanuariusJang"
        },
        "content": ""
      },
      {
        "lineNumber": 10,
        "author": {
          "gitId": "JanuariusJang"
        },
        "content": "    public String getStatusIcon() {"
      },
      {
        "lineNumber": 11,
        "author": {
          "gitId": "JanuariusJang"
        },
        "content": "        return (isDone ? \"\\u2713\" : \"\\u2718\"); //return tick or X symbols"
      },
      {
        "lineNumber": 12,
        "author": {
          "gitId": "JanuariusJang"
        },
        "content": "    }"
      },
      {
        "lineNumber": 13,
        "author": {
          "gitId": "JanuariusJang"
        },
        "content": ""
      },
      {
        "lineNumber": 14,
        "author": {
          "gitId": "JanuariusJang"
        },
        "content": "    public void markAsDone(){"
      },
      {
        "lineNumber": 15,
        "author": {
          "gitId": "JanuariusJang"
        },
        "content": "        this.isDone\u003dtrue;"
      },
      {
        "lineNumber": 16,
        "author": {
          "gitId": "JanuariusJang"
        },
        "content": "    }"
      },
      {
        "lineNumber": 17,
        "author": {
          "gitId": "JanuariusJang"
        },
        "content": ""
      },
      {
        "lineNumber": 18,
        "author": {
          "gitId": "JanuariusJang"
        },
        "content": "    public String getDescription()"
      },
      {
        "lineNumber": 19,
        "author": {
          "gitId": "JanuariusJang"
        },
        "content": "    {"
      },
      {
        "lineNumber": 20,
        "author": {
          "gitId": "JanuariusJang"
        },
        "content": "        return description;"
      },
      {
        "lineNumber": 21,
        "author": {
          "gitId": "JanuariusJang"
        },
        "content": "    }"
      },
      {
        "lineNumber": 22,
        "author": {
          "gitId": "JanuariusJang"
        },
        "content": ""
      },
      {
        "lineNumber": 23,
        "author": {
          "gitId": "JanuariusJang"
        },
        "content": ""
      },
      {
        "lineNumber": 24,
        "author": {
          "gitId": "JanuariusJang"
        },
        "content": "}"
      }
    ],
    "authorContributionMap": {
      "JanuariusJang": 24
    }
  }
]
