[
  {
    "path": "src/main/java/Deadline.java",
    "fileType": "java",
    "lines": [
      {
        "lineNumber": 1,
        "author": {
          "gitId": "JanuariusJang"
        },
        "content": "public class Deadline extends Task {"
      },
      {
        "lineNumber": 2,
        "author": {
          "gitId": "JanuariusJang"
        },
        "content": "    protected String by;"
      },
      {
        "lineNumber": 3,
        "author": {
          "gitId": "JanuariusJang"
        },
        "content": ""
      },
      {
        "lineNumber": 4,
        "author": {
          "gitId": "JanuariusJang"
        },
        "content": "    public Deadline (String description, String by){"
      },
      {
        "lineNumber": 5,
        "author": {
          "gitId": "JanuariusJang"
        },
        "content": "        super(description);"
      },
      {
        "lineNumber": 6,
        "author": {
          "gitId": "JanuariusJang"
        },
        "content": "        this.by\u003dby;"
      },
      {
        "lineNumber": 7,
        "author": {
          "gitId": "JanuariusJang"
        },
        "content": "    }"
      },
      {
        "lineNumber": 8,
        "author": {
          "gitId": "JanuariusJang"
        },
        "content": "    @Override"
      },
      {
        "lineNumber": 9,
        "author": {
          "gitId": "JanuariusJang"
        },
        "content": "    public String toString(){"
      },
      {
        "lineNumber": 10,
        "author": {
          "gitId": "JanuariusJang"
        },
        "content": "        return \"[D]\" + \"[\"+ super.getStatusIcon()+ \"]\" + super.toString() + \" (by: \" + by + \")\";"
      },
      {
        "lineNumber": 11,
        "author": {
          "gitId": "JanuariusJang"
        },
        "content": "    }"
      },
      {
        "lineNumber": 12,
        "author": {
          "gitId": "JanuariusJang"
        },
        "content": "}"
      }
    ],
    "authorContributionMap": {
      "JanuariusJang": 12
    }
  },
  {
    "path": "src/main/java/Duke.java",
    "fileType": "java",
    "lines": [
      {
        "lineNumber": 1,
        "author": {
          "gitId": "JanuariusJang"
        },
        "content": "import java.io.BufferedReader;"
      },
      {
        "lineNumber": 2,
        "author": {
          "gitId": "JanuariusJang"
        },
        "content": "import java.io.IOException;"
      },
      {
        "lineNumber": 3,
        "author": {
          "gitId": "JanuariusJang"
        },
        "content": "import java.io.InputStreamReader;"
      },
      {
        "lineNumber": 4,
        "author": {
          "gitId": "JanuariusJang"
        },
        "content": "import java.util.ArrayList;"
      },
      {
        "lineNumber": 5,
        "author": {
          "gitId": "JanuariusJang"
        },
        "content": ""
      },
      {
        "lineNumber": 6,
        "author": {
          "gitId": "-"
        },
        "content": "public class Duke {"
      },
      {
        "lineNumber": 7,
        "author": {
          "gitId": "JanuariusJang"
        },
        "content": "    public static void main(String[] args) throws IOException {"
      },
      {
        "lineNumber": 8,
        "author": {
          "gitId": "JanuariusJang"
        },
        "content": ""
      },
      {
        "lineNumber": 9,
        "author": {
          "gitId": "JanuariusJang"
        },
        "content": "        ArrayList\u003cTask\u003e taskList \u003d new ArrayList\u003cTask\u003e();"
      },
      {
        "lineNumber": 10,
        "author": {
          "gitId": "JanuariusJang"
        },
        "content": ""
      },
      {
        "lineNumber": 11,
        "author": {
          "gitId": "JanuariusJang"
        },
        "content": "        System.out.println(\"Hello! I\u0027m Duke\\n\" );"
      },
      {
        "lineNumber": 12,
        "author": {
          "gitId": "JanuariusJang"
        },
        "content": "        System.out.println(\"What can I do for you?\\n\" );"
      },
      {
        "lineNumber": 13,
        "author": {
          "gitId": "JanuariusJang"
        },
        "content": ""
      },
      {
        "lineNumber": 14,
        "author": {
          "gitId": "JanuariusJang"
        },
        "content": "        BufferedReader reader \u003d new BufferedReader(new InputStreamReader(System.in));"
      },
      {
        "lineNumber": 15,
        "author": {
          "gitId": "JanuariusJang"
        },
        "content": "        String textInput \u003d reader.readLine();"
      },
      {
        "lineNumber": 16,
        "author": {
          "gitId": "JanuariusJang"
        },
        "content": ""
      },
      {
        "lineNumber": 17,
        "author": {
          "gitId": "JanuariusJang"
        },
        "content": "        while(!textInput.equals(\"bye\")) {"
      },
      {
        "lineNumber": 18,
        "author": {
          "gitId": "JanuariusJang"
        },
        "content": ""
      },
      {
        "lineNumber": 19,
        "author": {
          "gitId": "JanuariusJang"
        },
        "content": "            String[]arrayOfStr\u003dtextInput.split(\" \",2);"
      },
      {
        "lineNumber": 20,
        "author": {
          "gitId": "JanuariusJang"
        },
        "content": ""
      },
      {
        "lineNumber": 21,
        "author": {
          "gitId": "JanuariusJang"
        },
        "content": "            if (textInput.equals(\"list\")) {"
      },
      {
        "lineNumber": 22,
        "author": {
          "gitId": "JanuariusJang"
        },
        "content": "                //System.out.println(taskList);"
      },
      {
        "lineNumber": 23,
        "author": {
          "gitId": "JanuariusJang"
        },
        "content": "                for (int i \u003d 0; i \u003c taskList.size();i++)"
      },
      {
        "lineNumber": 24,
        "author": {
          "gitId": "JanuariusJang"
        },
        "content": "                {"
      },
      {
        "lineNumber": 25,
        "author": {
          "gitId": "JanuariusJang"
        },
        "content": "                    System.out.println(i+1 + taskList.get(i).toString());"
      },
      {
        "lineNumber": 26,
        "author": {
          "gitId": "JanuariusJang"
        },
        "content": "                }"
      },
      {
        "lineNumber": 27,
        "author": {
          "gitId": "JanuariusJang"
        },
        "content": "            }"
      },
      {
        "lineNumber": 28,
        "author": {
          "gitId": "JanuariusJang"
        },
        "content": "            else if(arrayOfStr[0].equals(\"done\")){"
      },
      {
        "lineNumber": 29,
        "author": {
          "gitId": "JanuariusJang"
        },
        "content": "                //System.out.println(\"Done detected\");"
      },
      {
        "lineNumber": 30,
        "author": {
          "gitId": "JanuariusJang"
        },
        "content": "                int index\u003dInteger.parseInt(arrayOfStr[1])-1;"
      },
      {
        "lineNumber": 31,
        "author": {
          "gitId": "JanuariusJang"
        },
        "content": "                taskList.get(index).markAsDone();"
      },
      {
        "lineNumber": 32,
        "author": {
          "gitId": "JanuariusJang"
        },
        "content": "                System.out.println(\"Nice! I\u0027ve marked this task as done: \"+ \"[\" +taskList.get(index).getStatusIcon() +\"] \"  +taskList.get(index).toString());"
      },
      {
        "lineNumber": 33,
        "author": {
          "gitId": "JanuariusJang"
        },
        "content": "            }"
      },
      {
        "lineNumber": 34,
        "author": {
          "gitId": "JanuariusJang"
        },
        "content": "            else if(arrayOfStr[0].equals(\"deadline\")){"
      },
      {
        "lineNumber": 35,
        "author": {
          "gitId": "JanuariusJang"
        },
        "content": "                //System.out.println(\"Done detected\\n\");"
      },
      {
        "lineNumber": 36,
        "author": {
          "gitId": "JanuariusJang"
        },
        "content": "                //System.out.println(\"Body of text:\" + arrayOfStr[1]);"
      },
      {
        "lineNumber": 37,
        "author": {
          "gitId": "JanuariusJang"
        },
        "content": "                String[]arrayOfDoneDetails\u003darrayOfStr[1].split(\"by \",2);"
      },
      {
        "lineNumber": 38,
        "author": {
          "gitId": "JanuariusJang"
        },
        "content": "                //arrayOfDoneDetails[0] contains description, arrayOfDoneDetails[1] contains the date."
      },
      {
        "lineNumber": 39,
        "author": {
          "gitId": "JanuariusJang"
        },
        "content": "                //System.out.println(\"by: \" + arrayOfDoneStr[1]);"
      },
      {
        "lineNumber": 40,
        "author": {
          "gitId": "JanuariusJang"
        },
        "content": "                Task t\u003dnew Deadline(arrayOfDoneDetails[0],arrayOfDoneDetails[1] );"
      },
      {
        "lineNumber": 41,
        "author": {
          "gitId": "JanuariusJang"
        },
        "content": "                taskList.add((t));"
      },
      {
        "lineNumber": 42,
        "author": {
          "gitId": "JanuariusJang"
        },
        "content": "                System.out.println(\"Got it. I\u0027ve added this task: \\n\" + t.toString());"
      },
      {
        "lineNumber": 43,
        "author": {
          "gitId": "JanuariusJang"
        },
        "content": "                System.out.println(\"Now you have \" + taskList.size()+ \" tasks in the list\");"
      },
      {
        "lineNumber": 44,
        "author": {
          "gitId": "JanuariusJang"
        },
        "content": "            }"
      },
      {
        "lineNumber": 45,
        "author": {
          "gitId": "JanuariusJang"
        },
        "content": "            else if(arrayOfStr[0].equals(\"event\")){"
      },
      {
        "lineNumber": 46,
        "author": {
          "gitId": "JanuariusJang"
        },
        "content": "                //System.out.println(\"Done detected\\n\");"
      },
      {
        "lineNumber": 47,
        "author": {
          "gitId": "JanuariusJang"
        },
        "content": "                //System.out.println(\"Body of text:\" + arrayOfStr[1]);"
      },
      {
        "lineNumber": 48,
        "author": {
          "gitId": "JanuariusJang"
        },
        "content": "                String[]arrayOfDoneDetails\u003darrayOfStr[1].split(\"at \",2);"
      },
      {
        "lineNumber": 49,
        "author": {
          "gitId": "JanuariusJang"
        },
        "content": "                //arrayOfDoneDetails[0] contains description, arrayOfDoneDetails[1] contains the date."
      },
      {
        "lineNumber": 50,
        "author": {
          "gitId": "JanuariusJang"
        },
        "content": "                //System.out.println(\"by: \" + arrayOfDoneStr[1]);"
      },
      {
        "lineNumber": 51,
        "author": {
          "gitId": "JanuariusJang"
        },
        "content": "                Task t\u003dnew Event(arrayOfDoneDetails[0],arrayOfDoneDetails[1] );"
      },
      {
        "lineNumber": 52,
        "author": {
          "gitId": "JanuariusJang"
        },
        "content": "                taskList.add((t));"
      },
      {
        "lineNumber": 53,
        "author": {
          "gitId": "JanuariusJang"
        },
        "content": "                System.out.println(\"Got it. I\u0027ve added this task: \\n\" + t.toString());"
      },
      {
        "lineNumber": 54,
        "author": {
          "gitId": "JanuariusJang"
        },
        "content": "                System.out.println(\"Now you have \" + taskList.size()+ \" tasks in the list\");"
      },
      {
        "lineNumber": 55,
        "author": {
          "gitId": "JanuariusJang"
        },
        "content": "            }"
      },
      {
        "lineNumber": 56,
        "author": {
          "gitId": "JanuariusJang"
        },
        "content": "            else if(arrayOfStr[0].equals(\"todo\")){"
      },
      {
        "lineNumber": 57,
        "author": {
          "gitId": "JanuariusJang"
        },
        "content": ""
      },
      {
        "lineNumber": 58,
        "author": {
          "gitId": "JanuariusJang"
        },
        "content": "                Task t\u003dnew Todo(arrayOfStr[1]);"
      },
      {
        "lineNumber": 59,
        "author": {
          "gitId": "JanuariusJang"
        },
        "content": "                taskList.add((t));"
      },
      {
        "lineNumber": 60,
        "author": {
          "gitId": "JanuariusJang"
        },
        "content": "                System.out.println(\"Got it. I\u0027ve added this task: \\n\" + t.toString());"
      },
      {
        "lineNumber": 61,
        "author": {
          "gitId": "JanuariusJang"
        },
        "content": "                System.out.println(\"Now you have \" + taskList.size()+ \" tasks in the list\");"
      },
      {
        "lineNumber": 62,
        "author": {
          "gitId": "JanuariusJang"
        },
        "content": "            }"
      },
      {
        "lineNumber": 63,
        "author": {
          "gitId": "JanuariusJang"
        },
        "content": "            else {"
      },
      {
        "lineNumber": 64,
        "author": {
          "gitId": "JanuariusJang"
        },
        "content": "                Task t\u003dnew Task(textInput);"
      },
      {
        "lineNumber": 65,
        "author": {
          "gitId": "JanuariusJang"
        },
        "content": "                taskList.add((t));"
      },
      {
        "lineNumber": 66,
        "author": {
          "gitId": "JanuariusJang"
        },
        "content": "                System.out.println(\"added: \" + t.toString());"
      },
      {
        "lineNumber": 67,
        "author": {
          "gitId": "JanuariusJang"
        },
        "content": "            }"
      },
      {
        "lineNumber": 68,
        "author": {
          "gitId": "JanuariusJang"
        },
        "content": "            textInput \u003d reader.readLine();"
      },
      {
        "lineNumber": 69,
        "author": {
          "gitId": "JanuariusJang"
        },
        "content": "        }"
      },
      {
        "lineNumber": 70,
        "author": {
          "gitId": "JanuariusJang"
        },
        "content": ""
      },
      {
        "lineNumber": 71,
        "author": {
          "gitId": "JanuariusJang"
        },
        "content": "        System.out.println(\" Bye.Hope to see you again soon!\\n\" );"
      },
      {
        "lineNumber": 72,
        "author": {
          "gitId": "JanuariusJang"
        },
        "content": ""
      },
      {
        "lineNumber": 73,
        "author": {
          "gitId": "JanuariusJang"
        },
        "content": ""
      },
      {
        "lineNumber": 74,
        "author": {
          "gitId": "JanuariusJang"
        },
        "content": ""
      },
      {
        "lineNumber": 75,
        "author": {
          "gitId": "JanuariusJang"
        },
        "content": ""
      },
      {
        "lineNumber": 76,
        "author": {
          "gitId": "JanuariusJang"
        },
        "content": ""
      },
      {
        "lineNumber": 77,
        "author": {
          "gitId": "JanuariusJang"
        },
        "content": ""
      },
      {
        "lineNumber": 78,
        "author": {
          "gitId": "-"
        },
        "content": "    }"
      },
      {
        "lineNumber": 79,
        "author": {
          "gitId": "-"
        },
        "content": "}"
      }
    ],
    "authorContributionMap": {
      "JanuariusJang": 76,
      "-": 3
    }
  },
  {
    "path": "src/main/java/Event.java",
    "fileType": "java",
    "lines": [
      {
        "lineNumber": 1,
        "author": {
          "gitId": "JanuariusJang"
        },
        "content": "public class Event extends Task{"
      },
      {
        "lineNumber": 2,
        "author": {
          "gitId": "JanuariusJang"
        },
        "content": "    protected String by;"
      },
      {
        "lineNumber": 3,
        "author": {
          "gitId": "JanuariusJang"
        },
        "content": ""
      },
      {
        "lineNumber": 4,
        "author": {
          "gitId": "JanuariusJang"
        },
        "content": "    public Event (String description, String by){"
      },
      {
        "lineNumber": 5,
        "author": {
          "gitId": "JanuariusJang"
        },
        "content": "        super(description);"
      },
      {
        "lineNumber": 6,
        "author": {
          "gitId": "JanuariusJang"
        },
        "content": "        this.by\u003dby;"
      },
      {
        "lineNumber": 7,
        "author": {
          "gitId": "JanuariusJang"
        },
        "content": "    }"
      },
      {
        "lineNumber": 8,
        "author": {
          "gitId": "JanuariusJang"
        },
        "content": "    @Override"
      },
      {
        "lineNumber": 9,
        "author": {
          "gitId": "JanuariusJang"
        },
        "content": "    public String toString(){"
      },
      {
        "lineNumber": 10,
        "author": {
          "gitId": "JanuariusJang"
        },
        "content": "        return \"[E]\" + \"[\"+ super.getStatusIcon()+ \"]\" + super.toString() + \" (by: \" + by + \")\";"
      },
      {
        "lineNumber": 11,
        "author": {
          "gitId": "JanuariusJang"
        },
        "content": "    }"
      },
      {
        "lineNumber": 12,
        "author": {
          "gitId": "JanuariusJang"
        },
        "content": ""
      },
      {
        "lineNumber": 13,
        "author": {
          "gitId": "JanuariusJang"
        },
        "content": "}"
      }
    ],
    "authorContributionMap": {
      "JanuariusJang": 13
    }
  },
  {
    "path": "src/main/java/Task.java",
    "fileType": "java",
    "lines": [
      {
        "lineNumber": 1,
        "author": {
          "gitId": "JanuariusJang"
        },
        "content": "public class Task {"
      },
      {
        "lineNumber": 2,
        "author": {
          "gitId": "JanuariusJang"
        },
        "content": "    protected String description;"
      },
      {
        "lineNumber": 3,
        "author": {
          "gitId": "JanuariusJang"
        },
        "content": "    protected boolean isDone;"
      },
      {
        "lineNumber": 4,
        "author": {
          "gitId": "JanuariusJang"
        },
        "content": ""
      },
      {
        "lineNumber": 5,
        "author": {
          "gitId": "JanuariusJang"
        },
        "content": "    public Task(String description) {"
      },
      {
        "lineNumber": 6,
        "author": {
          "gitId": "JanuariusJang"
        },
        "content": "        this.description \u003d description;"
      },
      {
        "lineNumber": 7,
        "author": {
          "gitId": "JanuariusJang"
        },
        "content": "        this.isDone \u003d false;"
      },
      {
        "lineNumber": 8,
        "author": {
          "gitId": "JanuariusJang"
        },
        "content": "    }"
      },
      {
        "lineNumber": 9,
        "author": {
          "gitId": "JanuariusJang"
        },
        "content": ""
      },
      {
        "lineNumber": 10,
        "author": {
          "gitId": "JanuariusJang"
        },
        "content": "    public String getStatusIcon() {"
      },
      {
        "lineNumber": 11,
        "author": {
          "gitId": "JanuariusJang"
        },
        "content": "        return (isDone ? \"\\u2713\" : \"\\u2718\"); //return tick or X symbols"
      },
      {
        "lineNumber": 12,
        "author": {
          "gitId": "JanuariusJang"
        },
        "content": "    }"
      },
      {
        "lineNumber": 13,
        "author": {
          "gitId": "JanuariusJang"
        },
        "content": ""
      },
      {
        "lineNumber": 14,
        "author": {
          "gitId": "JanuariusJang"
        },
        "content": "    public void markAsDone(){"
      },
      {
        "lineNumber": 15,
        "author": {
          "gitId": "JanuariusJang"
        },
        "content": "        this.isDone\u003dtrue;"
      },
      {
        "lineNumber": 16,
        "author": {
          "gitId": "JanuariusJang"
        },
        "content": "    }"
      },
      {
        "lineNumber": 17,
        "author": {
          "gitId": "JanuariusJang"
        },
        "content": ""
      },
      {
        "lineNumber": 18,
        "author": {
          "gitId": "JanuariusJang"
        },
        "content": "    public String toString()"
      },
      {
        "lineNumber": 19,
        "author": {
          "gitId": "JanuariusJang"
        },
        "content": "    {"
      },
      {
        "lineNumber": 20,
        "author": {
          "gitId": "JanuariusJang"
        },
        "content": "        return description;"
      },
      {
        "lineNumber": 21,
        "author": {
          "gitId": "JanuariusJang"
        },
        "content": "    }"
      },
      {
        "lineNumber": 22,
        "author": {
          "gitId": "JanuariusJang"
        },
        "content": ""
      },
      {
        "lineNumber": 23,
        "author": {
          "gitId": "JanuariusJang"
        },
        "content": ""
      },
      {
        "lineNumber": 24,
        "author": {
          "gitId": "JanuariusJang"
        },
        "content": "}"
      }
    ],
    "authorContributionMap": {
      "JanuariusJang": 24
    }
  },
  {
    "path": "src/main/java/Todo.java",
    "fileType": "java",
    "lines": [
      {
        "lineNumber": 1,
        "author": {
          "gitId": "JanuariusJang"
        },
        "content": "public class Todo extends Task {"
      },
      {
        "lineNumber": 2,
        "author": {
          "gitId": "JanuariusJang"
        },
        "content": "    public Todo (String description){"
      },
      {
        "lineNumber": 3,
        "author": {
          "gitId": "JanuariusJang"
        },
        "content": "        super(description);"
      },
      {
        "lineNumber": 4,
        "author": {
          "gitId": "JanuariusJang"
        },
        "content": "    }"
      },
      {
        "lineNumber": 5,
        "author": {
          "gitId": "JanuariusJang"
        },
        "content": ""
      },
      {
        "lineNumber": 6,
        "author": {
          "gitId": "JanuariusJang"
        },
        "content": "    @Override"
      },
      {
        "lineNumber": 7,
        "author": {
          "gitId": "JanuariusJang"
        },
        "content": "    public String toString(){"
      },
      {
        "lineNumber": 8,
        "author": {
          "gitId": "JanuariusJang"
        },
        "content": "        return \"[T]\" + \"[\"+ super.getStatusIcon()+ \"]\" + super.toString() ;"
      },
      {
        "lineNumber": 9,
        "author": {
          "gitId": "JanuariusJang"
        },
        "content": "    }"
      },
      {
        "lineNumber": 10,
        "author": {
          "gitId": "JanuariusJang"
        },
        "content": "}"
      }
    ],
    "authorContributionMap": {
      "JanuariusJang": 10
    }
  }
]
