{
  "authorDailyContributionsMap": {
    "JanuariusJang": [
      {
        "date": "2020-08-27",
        "commitResults": [
          {
            "hash": "e81f323d025910217b63701d5bcf20a61856a53a",
            "messageTitle": "Made greetings",
            "messageBody": "",
            "tags": [
              "Level-0"
            ],
            "fileTypesAndContributionMap": {
              "java": {
                "insertions": 5,
                "deletions": 6
              }
            }
          },
          {
            "hash": "575ae4884dfd9bb096e7b16f53d78c9403342c40",
            "messageTitle": "program exit using Bye keyword",
            "messageBody": "",
            "tags": [
              "Level-1"
            ],
            "fileTypesAndContributionMap": {
              "java": {
                "insertions": 19,
                "deletions": 2
              }
            }
          },
          {
            "hash": "d97fa8f4042cabd8557307e763c29d2a4403ecca",
            "messageTitle": "added Arraylist to hold the tasks",
            "messageBody": "",
            "tags": [
              "Level-2"
            ],
            "fileTypesAndContributionMap": {
              "java": {
                "insertions": 17,
                "deletions": 2
              }
            }
          }
        ]
      },
      {
        "date": "2020-08-28",
        "commitResults": [
          {
            "hash": "8df50f10180a187de2744db4d235f117444b08e2",
            "messageTitle": "added Task class. Add mark as done function",
            "messageBody": "",
            "tags": [
              "Level-3"
            ],
            "fileTypesAndContributionMap": {
              "java": {
                "insertions": 39,
                "deletions": 4
              }
            }
          }
        ]
      },
      {
        "date": "2020-08-30",
        "commitResults": [
          {
            "hash": "d28f8a51d38274aa249b49eee1f0ce43ea9c0a9f",
            "messageTitle": "Added Todo, Event and Deadline.",
            "messageBody": "",
            "tags": [
              "Level-4"
            ],
            "fileTypesAndContributionMap": {
              "java": {
                "insertions": 67,
                "deletions": 5
              }
            }
          }
        ]
      },
      {
        "date": "2020-08-31",
        "commitResults": [
          {
            "hash": "a7141d26f67632ed5d955f8fe857dae00021b849",
            "messageTitle": "cleaned up some comments",
            "messageBody": "",
            "tags": [
              "A-CodingStandard"
            ],
            "fileTypesAndContributionMap": {
              "java": {
                "insertions": 0,
                "deletions": 7
              }
            }
          },
          {
            "hash": "949919c3d966ca433ea6aabc7b5809f966b497e6",
            "messageTitle": "changed from if else to switch case for readability",
            "messageBody": "",
            "fileTypesAndContributionMap": {
              "java": {
                "insertions": 41,
                "deletions": 38
              }
            }
          }
        ]
      },
      {
        "date": "2020-09-06",
        "commitResults": [
          {
            "hash": "87c5b48416e51ca4fd7d4cdeb9dfda0ba2a10a27",
            "messageTitle": "committing text UI files and some initial error handling",
            "messageBody": "",
            "tags": [
              "A-TextUiTesting"
            ],
            "fileTypesAndContributionMap": {
              "txt": {
                "insertions": 23,
                "deletions": 0
              },
              "java": {
                "insertions": 35,
                "deletions": 20
              }
            }
          }
        ]
      },
      {
        "date": "2020-09-09",
        "commitResults": [
          {
            "hash": "56a414c8c50a3a593662e3df0a76c6c59f67e471",
            "messageTitle": "Added Duke Exception",
            "messageBody": "",
            "tags": [
              "Level-5"
            ],
            "fileTypesAndContributionMap": {
              "java": {
                "insertions": 2,
                "deletions": 0
              }
            }
          }
        ]
      },
      {
        "date": "2020-09-13",
        "commitResults": [
          {
            "hash": "74807b3e8e91d77478adc5bc28e70c062e146b70",
            "messageTitle": "checked coding standards",
            "messageBody": "",
            "tags": [
              "A-CodeQuality"
            ],
            "fileTypesAndContributionMap": {
              "java": {
                "insertions": 1,
                "deletions": 6
              }
            }
          }
        ]
      },
      {
        "date": "2020-09-17",
        "commitResults": [
          {
            "hash": "7c18bc55d97dfb4023fe9db52c8e34bdc95c3142",
            "messageTitle": "Added Abstract classes and methods.",
            "messageBody": "",
            "tags": [
              "A-AbstractClasses"
            ],
            "fileTypesAndContributionMap": {
              "java": {
                "insertions": 12,
                "deletions": 7
              }
            }
          },
          {
            "hash": "2bbefc4fc3132e30c956edb2b14c9e2ff367cf2f",
            "messageTitle": "Moved into com.example.duke package",
            "messageBody": "",
            "tags": [
              "A-Packages"
            ],
            "fileTypesAndContributionMap": {
              "java": {
                "insertions": 12,
                "deletions": 0
              }
            }
          }
        ]
      },
      {
        "date": "2020-09-18",
        "commitResults": [
          {
            "hash": "d94f2661b38866d185454ab97809e99cfcab8442",
            "messageTitle": "added the delete task function",
            "messageBody": "",
            "fileTypesAndContributionMap": {
              "java": {
                "insertions": 15,
                "deletions": 0
              }
            }
          },
          {
            "hash": "46be0267753d4a9d97c3be977a8c489c25a1cb23",
            "messageTitle": "Implemented the save function",
            "messageBody": "",
            "fileTypesAndContributionMap": {
              "txt": {
                "insertions": 2,
                "deletions": 0
              },
              "java": {
                "insertions": 48,
                "deletions": 0
              }
            }
          }
        ]
      },
      {
        "date": "2020-09-20",
        "commitResults": [
          {
            "hash": "9415e2ddf09830b75c2de59867fddfbfcb644362",
            "messageTitle": "implemented load feature",
            "messageBody": "",
            "fileTypesAndContributionMap": {
              "txt": {
                "insertions": 3,
                "deletions": 2
              },
              "java": {
                "insertions": 120,
                "deletions": 2
              }
            }
          },
          {
            "hash": "e8b9fc5c2d3f5288ecacbfa5b5e64760c4b93e6e",
            "messageTitle": "implemented JavaDocs",
            "messageBody": "",
            "tags": [
              "v0.1",
              "Level-7",
              "A-JavaDoc"
            ],
            "fileTypesAndContributionMap": {
              "java": {
                "insertions": 33,
                "deletions": 1
              }
            }
          }
        ]
      }
    ]
  },
  "authorFileTypeContributionMap": {
    "JanuariusJang": {
      "java": 373,
      "md": 0,
      "fxml": 0,
      "sh": 0,
      "bat": 0,
      "gradle": 0,
      "txt": 26
    }
  },
  "authorContributionVariance": {
    "JanuariusJang": 1182.2687
  },
  "authorDisplayNameMap": {
    "JanuariusJang": "JANU.. LIM"
  }
}
