{
  "authorDailyContributionsMap": {
    "JanuariusJang": [
      {
        "date": "2020-08-27",
        "commitResults": [
          {
            "hash": "e81f323d025910217b63701d5bcf20a61856a53a",
            "messageTitle": "Made greetings",
            "messageBody": "",
            "tags": [
              "Level-0"
            ],
            "fileTypesAndContributionMap": {
              "java": {
                "insertions": 5,
                "deletions": 6
              }
            }
          },
          {
            "hash": "575ae4884dfd9bb096e7b16f53d78c9403342c40",
            "messageTitle": "program exit using Bye keyword",
            "messageBody": "",
            "tags": [
              "Level-1"
            ],
            "fileTypesAndContributionMap": {
              "java": {
                "insertions": 19,
                "deletions": 2
              }
            }
          },
          {
            "hash": "d97fa8f4042cabd8557307e763c29d2a4403ecca",
            "messageTitle": "added Arraylist to hold the tasks",
            "messageBody": "",
            "tags": [
              "Level-2"
            ],
            "fileTypesAndContributionMap": {
              "java": {
                "insertions": 17,
                "deletions": 2
              }
            }
          }
        ]
      },
      {
        "date": "2020-08-28",
        "commitResults": [
          {
            "hash": "8df50f10180a187de2744db4d235f117444b08e2",
            "messageTitle": "added Task class. Add mark as done function",
            "messageBody": "",
            "tags": [
              "Level-3"
            ],
            "fileTypesAndContributionMap": {
              "java": {
                "insertions": 39,
                "deletions": 4
              }
            }
          }
        ]
      },
      {
        "date": "2020-08-30",
        "commitResults": [
          {
            "hash": "d28f8a51d38274aa249b49eee1f0ce43ea9c0a9f",
            "messageTitle": "Added Todo, Event and Deadline.",
            "messageBody": "",
            "tags": [
              "Level-4"
            ],
            "fileTypesAndContributionMap": {
              "java": {
                "insertions": 67,
                "deletions": 5
              }
            }
          }
        ]
      },
      {
        "date": "2020-08-31",
        "commitResults": [
          {
            "hash": "a7141d26f67632ed5d955f8fe857dae00021b849",
            "messageTitle": "cleaned up some comments",
            "messageBody": "",
            "tags": [
              "A-CodingStandard"
            ],
            "fileTypesAndContributionMap": {
              "java": {
                "insertions": 0,
                "deletions": 7
              }
            }
          },
          {
            "hash": "949919c3d966ca433ea6aabc7b5809f966b497e6",
            "messageTitle": "changed from if else to switch case for readability",
            "messageBody": "",
            "fileTypesAndContributionMap": {
              "java": {
                "insertions": 41,
                "deletions": 38
              }
            }
          }
        ]
      },
      {
        "date": "2020-09-06",
        "commitResults": [
          {
            "hash": "87c5b48416e51ca4fd7d4cdeb9dfda0ba2a10a27",
            "messageTitle": "committing text UI files and some initial error handling",
            "messageBody": "",
            "tags": [
              "A-TextUiTesting"
            ],
            "fileTypesAndContributionMap": {
              "txt": {
                "insertions": 23,
                "deletions": 0
              },
              "java": {
                "insertions": 35,
                "deletions": 20
              }
            }
          }
        ]
      },
      {
        "date": "2020-09-09",
        "commitResults": [
          {
            "hash": "56a414c8c50a3a593662e3df0a76c6c59f67e471",
            "messageTitle": "Added Duke Exception",
            "messageBody": "",
            "tags": [
              "Level-5"
            ],
            "fileTypesAndContributionMap": {
              "java": {
                "insertions": 2,
                "deletions": 0
              }
            }
          }
        ]
      },
      {
        "date": "2020-09-13",
        "commitResults": [
          {
            "hash": "74807b3e8e91d77478adc5bc28e70c062e146b70",
            "messageTitle": "checked coding standards",
            "messageBody": "",
            "tags": [
              "A-CodeQuality"
            ],
            "fileTypesAndContributionMap": {
              "java": {
                "insertions": 1,
                "deletions": 6
              }
            }
          }
        ]
      },
      {
        "date": "2020-09-17",
        "commitResults": [
          {
            "hash": "7c18bc55d97dfb4023fe9db52c8e34bdc95c3142",
            "messageTitle": "Added Abstract classes and methods.",
            "messageBody": "",
            "tags": [
              "A-AbstractClasses"
            ],
            "fileTypesAndContributionMap": {
              "java": {
                "insertions": 12,
                "deletions": 7
              }
            }
          },
          {
            "hash": "2bbefc4fc3132e30c956edb2b14c9e2ff367cf2f",
            "messageTitle": "Moved into com.example.duke package",
            "messageBody": "",
            "tags": [
              "A-Packages"
            ],
            "fileTypesAndContributionMap": {
              "java": {
                "insertions": 12,
                "deletions": 0
              }
            }
          }
        ]
      },
      {
        "date": "2020-09-18",
        "commitResults": [
          {
            "hash": "d94f2661b38866d185454ab97809e99cfcab8442",
            "messageTitle": "added the delete task function",
            "messageBody": "",
            "fileTypesAndContributionMap": {
              "java": {
                "insertions": 15,
                "deletions": 0
              }
            }
          },
          {
            "hash": "46be0267753d4a9d97c3be977a8c489c25a1cb23",
            "messageTitle": "Implemented the save function",
            "messageBody": "",
            "fileTypesAndContributionMap": {
              "txt": {
                "insertions": 2,
                "deletions": 0
              },
              "java": {
                "insertions": 48,
                "deletions": 0
              }
            }
          }
        ]
      },
      {
        "date": "2020-09-20",
        "commitResults": [
          {
            "hash": "9415e2ddf09830b75c2de59867fddfbfcb644362",
            "messageTitle": "implemented load feature",
            "messageBody": "",
            "fileTypesAndContributionMap": {
              "txt": {
                "insertions": 3,
                "deletions": 2
              },
              "java": {
                "insertions": 120,
                "deletions": 2
              }
            }
          },
          {
            "hash": "e8b9fc5c2d3f5288ecacbfa5b5e64760c4b93e6e",
            "messageTitle": "implemented JavaDocs",
            "messageBody": "",
            "tags": [
              "v0.1",
              "Level-7",
              "A-JavaDoc"
            ],
            "fileTypesAndContributionMap": {
              "java": {
                "insertions": 33,
                "deletions": 1
              }
            }
          }
        ]
      },
      {
        "date": "2020-09-21",
        "commitResults": [
          {
            "hash": "b474530f83a3586d528e4744646abab8ba4a0d31",
            "messageTitle": "partial OOP progress",
            "messageBody": "",
            "fileTypesAndContributionMap": {
              "java": {
                "insertions": 78,
                "deletions": 2
              }
            }
          }
        ]
      },
      {
        "date": "2020-09-22",
        "commitResults": [
          {
            "hash": "0a5bb2938ae6f947c7d043d4d7a09cc4e376d97f",
            "messageTitle": "more OOP",
            "messageBody": "",
            "fileTypesAndContributionMap": {
              "java": {
                "insertions": 30,
                "deletions": 5
              }
            }
          }
        ]
      },
      {
        "date": "2020-09-24",
        "commitResults": [
          {
            "hash": "58dc53aa5e07acba197c2c12f0d3ebeab02f016c",
            "messageTitle": "more oop",
            "messageBody": "",
            "fileTypesAndContributionMap": {
              "java": {
                "insertions": 62,
                "deletions": 3
              }
            }
          }
        ]
      },
      {
        "date": "2020-09-25",
        "commitResults": [
          {
            "hash": "761a992bb8eb4d777aed15b6e6c8ce30465ab7f8",
            "messageTitle": "more OOP",
            "messageBody": "",
            "fileTypesAndContributionMap": {
              "java": {
                "insertions": 52,
                "deletions": 8
              }
            }
          }
        ]
      },
      {
        "date": "2020-09-28",
        "commitResults": [
          {
            "hash": "b8aa9cd70e4b6cf7b81fd4a1a96ab5dc2822b7c9",
            "messageTitle": "More OOP",
            "messageBody": "",
            "fileTypesAndContributionMap": {
              "java": {
                "insertions": 75,
                "deletions": 15
              }
            }
          },
          {
            "hash": "78d18e6c3b536ee97db88696fca77ad36a24f125",
            "messageTitle": "More OOP",
            "messageBody": "",
            "fileTypesAndContributionMap": {
              "java": {
                "insertions": 21,
                "deletions": 113
              }
            }
          },
          {
            "hash": "f2820d7b6da283b1aa2209164f13eae932285e46",
            "messageTitle": "Fixed some bugs related to creating of tasks",
            "messageBody": "",
            "tags": [
              "A-MoreOOP"
            ],
            "fileTypesAndContributionMap": {
              "java": {
                "insertions": 4,
                "deletions": 5
              }
            }
          },
          {
            "hash": "2363a780f30cd592407ed37bd7bc92bc1fb91dd1",
            "messageTitle": "Implemented Find feature",
            "messageBody": "",
            "tags": [
              "Level-9"
            ],
            "fileTypesAndContributionMap": {
              "java": {
                "insertions": 20,
                "deletions": 0
              }
            }
          },
          {
            "hash": "2cd91afff451176e74ef4482abdd64050efa28bb",
            "messageTitle": "Added JUnit testing",
            "messageBody": "",
            "tags": [
              "A-JUnit"
            ],
            "fileTypesAndContributionMap": {
              "java": {
                "insertions": 28,
                "deletions": 0
              }
            }
          },
          {
            "hash": "bce9f1f89d6e1e8cd3f5946fad1e8b0be6a6e658",
            "messageTitle": "Updated user guide",
            "messageBody": "",
            "tags": [
              "A-UserGuide"
            ],
            "fileTypesAndContributionMap": {
              "md": {
                "insertions": 119,
                "deletions": 8
              }
            }
          },
          {
            "hash": "4d701e21509bfa00a14806e7afd79feb81fffab7",
            "messageTitle": "uploading the Text file used for loading the Tasks",
            "messageBody": "",
            "tags": [
              "v0.2",
              "A-Release"
            ],
            "fileTypesAndContributionMap": {
              "txt": {
                "insertions": 7,
                "deletions": 3
              }
            }
          }
        ]
      }
    ]
  },
  "authorFileTypeContributionMap": {
    "JanuariusJang": {
      "java": 593,
      "md": 119,
      "fxml": 0,
      "sh": 0,
      "bat": 0,
      "gradle": 0,
      "txt": 30
    }
  },
  "authorContributionVariance": {
    "JanuariusJang": 4570.932
  },
  "authorDisplayNameMap": {
    "JanuariusJang": "TIC4001-3 JANU.. LIM"
  }
}
