{
  "authorDailyContributionsMap": {
    "JanuariusJang": [
      {
        "date": "2020-08-27",
        "commitResults": [
          {
            "hash": "e81f323d025910217b63701d5bcf20a61856a53a",
            "messageTitle": "Made greetings",
            "messageBody": "",
            "tags": [
              "Level-0"
            ],
            "fileTypesAndContributionMap": {
              "java": {
                "insertions": 5,
                "deletions": 6
              }
            }
          },
          {
            "hash": "575ae4884dfd9bb096e7b16f53d78c9403342c40",
            "messageTitle": "program exit using Bye keyword",
            "messageBody": "",
            "tags": [
              "Level-1"
            ],
            "fileTypesAndContributionMap": {
              "java": {
                "insertions": 19,
                "deletions": 2
              }
            }
          },
          {
            "hash": "d97fa8f4042cabd8557307e763c29d2a4403ecca",
            "messageTitle": "added Arraylist to hold the tasks",
            "messageBody": "",
            "tags": [
              "Level-2"
            ],
            "fileTypesAndContributionMap": {
              "java": {
                "insertions": 17,
                "deletions": 2
              }
            }
          }
        ]
      },
      {
        "date": "2020-08-28",
        "commitResults": [
          {
            "hash": "8df50f10180a187de2744db4d235f117444b08e2",
            "messageTitle": "added Task class. Add mark as done function",
            "messageBody": "",
            "tags": [
              "Level-3"
            ],
            "fileTypesAndContributionMap": {
              "java": {
                "insertions": 39,
                "deletions": 4
              }
            }
          }
        ]
      },
      {
        "date": "2020-08-30",
        "commitResults": [
          {
            "hash": "d28f8a51d38274aa249b49eee1f0ce43ea9c0a9f",
            "messageTitle": "Added Todo, Event and Deadline.",
            "messageBody": "",
            "tags": [
              "Level-4"
            ],
            "fileTypesAndContributionMap": {
              "java": {
                "insertions": 67,
                "deletions": 5
              }
            }
          }
        ]
      }
    ]
  },
  "authorFileTypeContributionMap": {
    "JanuariusJang": {
      "java": 135,
      "md": 0,
      "fxml": 0,
      "sh": 0,
      "bat": 0,
      "gradle": 0,
      "txt": 0
    }
  },
  "authorContributionVariance": {
    "JanuariusJang": 471.3564
  },
  "authorDisplayNameMap": {
    "JanuariusJang": "JANU.. LIM"
  }
}
