[
  {
    "path": "src/main/java/Duke.java",
    "fileType": "java",
    "lines": [
      {
        "lineNumber": 1,
        "author": {
          "gitId": "e02161618"
        },
        "content": "import java.util.Scanner;"
      },
      {
        "lineNumber": 2,
        "author": {
          "gitId": "e02161618"
        },
        "content": ""
      },
      {
        "lineNumber": 3,
        "author": {
          "gitId": "-"
        },
        "content": "public class Duke {"
      },
      {
        "lineNumber": 4,
        "author": {
          "gitId": "-"
        },
        "content": "    public static void main(String[] args) {"
      },
      {
        "lineNumber": 5,
        "author": {
          "gitId": "e02161618"
        },
        "content": "        /*  Sample Code"
      },
      {
        "lineNumber": 6,
        "author": {
          "gitId": "-"
        },
        "content": "                String logo \u003d \" ____        _        \\n\""
      },
      {
        "lineNumber": 7,
        "author": {
          "gitId": "-"
        },
        "content": "                + \"|  _ \\\\ _   _| | _____ \\n\""
      },
      {
        "lineNumber": 8,
        "author": {
          "gitId": "-"
        },
        "content": "                + \"| | | | | | | |/ / _ \\\\\\n\""
      },
      {
        "lineNumber": 9,
        "author": {
          "gitId": "-"
        },
        "content": "                + \"| |_| | |_| |   \u003c  __/\\n\""
      },
      {
        "lineNumber": 10,
        "author": {
          "gitId": "-"
        },
        "content": "                + \"|____/ \\\\__,_|_|\\\\_\\\\___|\\n\";"
      },
      {
        "lineNumber": 11,
        "author": {
          "gitId": "e02161618"
        },
        "content": "                System.out.println(\"Hello from\\n\" + logo);*/"
      },
      {
        "lineNumber": 12,
        "author": {
          "gitId": "e02161618"
        },
        "content": ""
      },
      {
        "lineNumber": 13,
        "author": {
          "gitId": "e02161618"
        },
        "content": "        /* Level 0. Greet"
      },
      {
        "lineNumber": 14,
        "author": {
          "gitId": "e02161618"
        },
        "content": "                System.out.println(\"____________________________________________________________\\n\" +"
      },
      {
        "lineNumber": 15,
        "author": {
          "gitId": "e02161618"
        },
        "content": "                \" Hello! I\u0027m Duke\\n\" +"
      },
      {
        "lineNumber": 16,
        "author": {
          "gitId": "e02161618"
        },
        "content": "                \" What can I do for you?\\n\" +"
      },
      {
        "lineNumber": 17,
        "author": {
          "gitId": "e02161618"
        },
        "content": "                \"____________________________________________________________\\n\" +"
      },
      {
        "lineNumber": 18,
        "author": {
          "gitId": "e02161618"
        },
        "content": "                \" Bye. Hope to see you again soon!\\n\" +"
      },
      {
        "lineNumber": 19,
        "author": {
          "gitId": "e02161618"
        },
        "content": "                \"____________________________________________________________\");*/"
      },
      {
        "lineNumber": 20,
        "author": {
          "gitId": "e02161618"
        },
        "content": ""
      },
      {
        "lineNumber": 21,
        "author": {
          "gitId": "e02161618"
        },
        "content": "        /*Level 1. Greet, Echo, Exit*/"
      },
      {
        "lineNumber": 22,
        "author": {
          "gitId": "e02161618"
        },
        "content": "        Scanner scanner \u003d new Scanner(System.in);"
      },
      {
        "lineNumber": 23,
        "author": {
          "gitId": "e02161618"
        },
        "content": ""
      },
      {
        "lineNumber": 24,
        "author": {
          "gitId": "e02161618"
        },
        "content": "        //  prompt for the user\u0027s name"
      },
      {
        "lineNumber": 25,
        "author": {
          "gitId": "e02161618"
        },
        "content": "        System.out.print(\"____________________________________________________________\\n\" +"
      },
      {
        "lineNumber": 26,
        "author": {
          "gitId": "e02161618"
        },
        "content": "                \"     Hello! I\u0027m Duke\\n\" +"
      },
      {
        "lineNumber": 27,
        "author": {
          "gitId": "e02161618"
        },
        "content": "                \"     What can I do for you? \");"
      },
      {
        "lineNumber": 28,
        "author": {
          "gitId": "e02161618"
        },
        "content": ""
      },
      {
        "lineNumber": 29,
        "author": {
          "gitId": "e02161618"
        },
        "content": "        // get their input as a String"
      },
      {
        "lineNumber": 30,
        "author": {
          "gitId": "e02161618"
        },
        "content": "        String command \u003d scanner.next();"
      },
      {
        "lineNumber": 31,
        "author": {
          "gitId": "e02161618"
        },
        "content": ""
      },
      {
        "lineNumber": 32,
        "author": {
          "gitId": "e02161618"
        },
        "content": "        if(command.equals(\"list\")) {"
      },
      {
        "lineNumber": 33,
        "author": {
          "gitId": "e02161618"
        },
        "content": ""
      },
      {
        "lineNumber": 34,
        "author": {
          "gitId": "e02161618"
        },
        "content": "            // Print out List"
      },
      {
        "lineNumber": 35,
        "author": {
          "gitId": "e02161618"
        },
        "content": "            System.out.print(\"  ____________________________________________________________\\n\" +"
      },
      {
        "lineNumber": 36,
        "author": {
          "gitId": "e02161618"
        },
        "content": "                    \"     list\\n\" +"
      },
      {
        "lineNumber": 37,
        "author": {
          "gitId": "e02161618"
        },
        "content": "                    \"    ____________________________________________________________ \");"
      },
      {
        "lineNumber": 38,
        "author": {
          "gitId": "e02161618"
        },
        "content": ""
      },
      {
        "lineNumber": 39,
        "author": {
          "gitId": "-"
        },
        "content": "        }"
      },
      {
        "lineNumber": 40,
        "author": {
          "gitId": "e02161618"
        },
        "content": ""
      },
      {
        "lineNumber": 41,
        "author": {
          "gitId": "e02161618"
        },
        "content": "        if (command.equals(\"blah\")) {"
      },
      {
        "lineNumber": 42,
        "author": {
          "gitId": "e02161618"
        },
        "content": "            System.out.print(\"____________________________________________________________\\n\" +"
      },
      {
        "lineNumber": 43,
        "author": {
          "gitId": "e02161618"
        },
        "content": "                    \"     blah\\n\" +"
      },
      {
        "lineNumber": 44,
        "author": {
          "gitId": "e02161618"
        },
        "content": "                    \"    ____________________________________________________________ \");"
      },
      {
        "lineNumber": 45,
        "author": {
          "gitId": "e02161618"
        },
        "content": "        }"
      },
      {
        "lineNumber": 46,
        "author": {
          "gitId": "e02161618"
        },
        "content": ""
      },
      {
        "lineNumber": 47,
        "author": {
          "gitId": "e02161618"
        },
        "content": "        if (command.equals(\"bye\")) {"
      },
      {
        "lineNumber": 48,
        "author": {
          "gitId": "e02161618"
        },
        "content": "            System.out.print(\" ____________________________________________________________\\n\" +"
      },
      {
        "lineNumber": 49,
        "author": {
          "gitId": "e02161618"
        },
        "content": "                    \"     Bye. Hope to see you again soon!\\n\" +"
      },
      {
        "lineNumber": 50,
        "author": {
          "gitId": "e02161618"
        },
        "content": "                    \"    ____________________________________________________________\");"
      },
      {
        "lineNumber": 51,
        "author": {
          "gitId": "e02161618"
        },
        "content": "        }"
      },
      {
        "lineNumber": 52,
        "author": {
          "gitId": "e02161618"
        },
        "content": ""
      },
      {
        "lineNumber": 53,
        "author": {
          "gitId": "e02161618"
        },
        "content": "        if (command.equals(\"\")) {"
      },
      {
        "lineNumber": 54,
        "author": {
          "gitId": "e02161618"
        },
        "content": "            System.out.print(\"empty\");"
      },
      {
        "lineNumber": 55,
        "author": {
          "gitId": "e02161618"
        },
        "content": "        }"
      },
      {
        "lineNumber": 56,
        "author": {
          "gitId": "e02161618"
        },
        "content": ""
      },
      {
        "lineNumber": 57,
        "author": {
          "gitId": "-"
        },
        "content": "    }"
      },
      {
        "lineNumber": 58,
        "author": {
          "gitId": "e02161618"
        },
        "content": ""
      },
      {
        "lineNumber": 59,
        "author": {
          "gitId": "e02161618"
        },
        "content": ""
      },
      {
        "lineNumber": 60,
        "author": {
          "gitId": "-"
        },
        "content": "}"
      }
    ],
    "authorContributionMap": {
      "e02161618": 50,
      "-": 10
    }
  }
]
