{
  "authorDailyContributionsMap": {
    "e02161618": [
      {
        "date": "2020-08-21",
        "commitResults": [
          {
            "hash": "e52aac972ffb43f36d9d21944bb83bd55e680460",
            "messageTitle": "Level-1: Greet, Echo, Exit (Test Commit and push)",
            "messageBody": "",
            "fileTypesAndContributionMap": {
              "java": {
                "insertions": 52,
                "deletions": 2
              }
            }
          }
        ]
      }
    ]
  },
  "authorFileTypeContributionMap": {
    "e02161618": {
      "java": 50,
      "md": 0,
      "fxml": 0,
      "sh": 0,
      "bat": 0,
      "gradle": 0,
      "txt": 0
    }
  },
  "authorContributionVariance": {
    "e02161618": 318.9375
  },
  "authorDisplayNameMap": {
    "e02161618": "HNGO.. WEN"
  }
}
