{
  "authorDailyContributionsMap": {
    "e02161618": [
      {
        "insertions": 52,
        "deletions": 2,
        "date": "2020-08-21",
        "commitResults": [
          {
            "hash": "e52aac972ffb43f36d9d21944bb83bd55e680460",
            "messageTitle": "Level-1: Greet, Echo, Exit (Test Commit and push)",
            "messageBody": "",
            "insertions": 52,
            "deletions": 2
          }
        ]
      }
    ]
  },
  "authorFinalContributionMap": {
    "e02161618": 50
  },
  "authorFileTypeContributionMap": {
    "e02161618": {
      "java": 50
    }
  },
  "authorContributionVariance": {
    "e02161618": 93.96
  },
  "authorDisplayNameMap": {
    "e02161618": "HNGO.. WEN"
  }
}
