{
  "authorDailyContributionsMap": {
    "Chilaiping": [
      {
        "date": "2020-08-15",
        "commitResults": [
          {
            "hash": "4655c6b961211c0d8e1e04f67feaf7335081f582",
            "messageTitle": "Level 0 - Greet",
            "messageBody": "",
            "tags": [
              "Level-0"
            ],
            "fileTypesAndContributionMap": {
              "java": {
                "insertions": 20,
                "deletions": 0
              }
            }
          },
          {
            "hash": "55c147ec6ea4303c5354d5c18d46e360e4ab62fa",
            "messageTitle": "Level 1 - Greet, Echo, Exit",
            "messageBody": "",
            "tags": [
              "Level-1"
            ],
            "fileTypesAndContributionMap": {
              "java": {
                "insertions": 22,
                "deletions": 3
              }
            }
          },
          {
            "hash": "9d8398dcb795b5c3627e2c1e40178770b79d70a2",
            "messageTitle": "Level 2 - Add, List",
            "messageBody": "",
            "tags": [
              "Level-2"
            ],
            "fileTypesAndContributionMap": {
              "java": {
                "insertions": 38,
                "deletions": 14
              }
            }
          },
          {
            "hash": "3336464ecd09a6970d0134b23d25379c89fc5fa6",
            "messageTitle": "Level 3 - Mark as Done",
            "messageBody": "",
            "tags": [
              "Level-3",
              "A-Classes"
            ],
            "fileTypesAndContributionMap": {
              "java": {
                "insertions": 82,
                "deletions": 12
              }
            }
          }
        ]
      },
      {
        "date": "2020-08-23",
        "commitResults": [
          {
            "hash": "cd67670fbefefb2c0d223ff420feb3e9557ec71f",
            "messageTitle": "Level 4 - ToDos, Events, Deadlines",
            "messageBody": "",
            "tags": [
              "Level-4",
              "A-Inheritance"
            ],
            "fileTypesAndContributionMap": {
              "java": {
                "insertions": 113,
                "deletions": 12
              }
            }
          }
        ]
      },
      {
        "date": "2020-08-27",
        "commitResults": [
          {
            "hash": "2ac615896c0be4a2afafd30454fc85c6515ff31b",
            "messageTitle": "A-TextUiTesting: Automated Text UI Testing",
            "messageBody": "",
            "tags": [
              "A-TextUiTesting"
            ],
            "fileTypesAndContributionMap": {
              "txt": {
                "insertions": 7,
                "deletions": 0
              },
              "java": {
                "insertions": 15,
                "deletions": 7
              },
              "sh": {
                "insertions": 6,
                "deletions": 5
              }
            }
          }
        ]
      },
      {
        "date": "2020-08-28",
        "commitResults": [
          {
            "hash": "88eef02b052f11d15bf7ec6ef0d2acf452b169f4",
            "messageTitle": "A-CodingStandard: Follow the Coding Standard",
            "messageBody": "",
            "tags": [
              "A-CodingStandard"
            ],
            "fileTypesAndContributionMap": {
              "java": {
                "insertions": 91,
                "deletions": 93
              }
            }
          }
        ]
      },
      {
        "date": "2020-08-30",
        "commitResults": [
          {
            "hash": "7341480c0b11c71e87a9ef64005925d2ccff8ec7",
            "messageTitle": "Level 5. Handle Errors",
            "messageBody": "",
            "tags": [
              "Level-5",
              "A-Exceptions"
            ],
            "fileTypesAndContributionMap": {
              "java": {
                "insertions": 90,
                "deletions": 53
              }
            }
          },
          {
            "hash": "ebff90755dac2278b16f7f21254f44d3f9bb94f3",
            "messageTitle": "Level-5. Remove unnecessary comment",
            "messageBody": "",
            "fileTypesAndContributionMap": {
              "java": {
                "insertions": 7,
                "deletions": 9
              }
            }
          },
          {
            "hash": "2d8f07ff7c49cb663a0b629731b5abc500c402cf",
            "messageTitle": "Branch Testing (W/o ff)",
            "messageBody": "",
            "fileTypesAndContributionMap": {
              "java": {
                "insertions": 10,
                "deletions": 8
              }
            }
          },
          {
            "hash": "34f4fdc2fbc3b85aa308f7ba31d6155a8e262928",
            "messageTitle": "Branch Testing 2 (W/o ff)",
            "messageBody": "",
            "fileTypesAndContributionMap": {
              "java": {
                "insertions": 1,
                "deletions": 1
              }
            }
          }
        ]
      },
      {
        "date": "2020-09-04",
        "commitResults": [
          {
            "hash": "f9496215bbd2c83b83a1aadd79aaa9dda3d08627",
            "messageTitle": "A-CodeQuality : Improve Code Quality",
            "messageBody": "",
            "tags": [
              "A-CodeQuality"
            ],
            "fileTypesAndContributionMap": {
              "java": {
                "insertions": 36,
                "deletions": 35
              }
            }
          }
        ]
      },
      {
        "date": "2020-09-05",
        "commitResults": [
          {
            "hash": "16ab9b854ac23fe8981299d29286076bed068320",
            "messageTitle": "A-AbstractClasses: Use Abstract Classes",
            "messageBody": "",
            "tags": [
              "A-AbstractClasses"
            ],
            "fileTypesAndContributionMap": {
              "java": {
                "insertions": 13,
                "deletions": 8
              }
            }
          },
          {
            "hash": "ee9f47ae1c415e21b209d483a2946f5419fdbc5f",
            "messageTitle": "A-Packages: Organize into Packages - Adding Duke Package",
            "messageBody": "",
            "fileTypesAndContributionMap": {
              "java": {
                "insertions": 12,
                "deletions": 1
              }
            }
          }
        ]
      },
      {
        "date": "2020-09-06",
        "commitResults": [
          {
            "hash": "acdb4a39ae3a3a848ee7f7b5b7aec6c4668c686d",
            "messageTitle": "A-Packages: Organize into Packages - Divide into multiples packages",
            "messageBody": "",
            "fileTypesAndContributionMap": {
              "java": {
                "insertions": 6,
                "deletions": 185
              }
            }
          },
          {
            "hash": "f5405e4cb6f3c659c1c8cfa3fe6eaf3550cf0833",
            "messageTitle": "A-Packages: Organize into Packages - Upload packages file",
            "messageBody": "",
            "tags": [
              "A-Packages"
            ],
            "fileTypesAndContributionMap": {
              "java": {
                "insertions": 214,
                "deletions": 0
              }
            }
          },
          {
            "hash": "3efa1fd1640c41ca391fdacfffae85f464a51217",
            "messageTitle": "Level-6: Delete Function",
            "messageBody": "",
            "fileTypesAndContributionMap": {
              "java": {
                "insertions": 57,
                "deletions": 16
              }
            }
          },
          {
            "hash": "e56acfce98f5aa4b632fc74a707073b86084d666",
            "messageTitle": "Level-6: Delete Function - Tidy up some code",
            "messageBody": "",
            "tags": [
              "Level-6",
              "A-Collections"
            ],
            "fileTypesAndContributionMap": {
              "java": {
                "insertions": 6,
                "deletions": 4
              }
            }
          }
        ]
      },
      {
        "date": "2020-09-10",
        "commitResults": [
          {
            "hash": "384b911502de336af06bc8783ead3470bee68553",
            "messageTitle": "Level-7: Save - Added File Handling",
            "messageBody": "",
            "tags": [
              "Level-7"
            ],
            "fileTypesAndContributionMap": {
              "java": {
                "insertions": 114,
                "deletions": 2
              }
            }
          },
          {
            "hash": "a1e4f40e854c04ce740d34bfb5fc84737019855f",
            "messageTitle": "A-JavaDoc - Added Some Comments for testing",
            "messageBody": "",
            "fileTypesAndContributionMap": {
              "java": {
                "insertions": 27,
                "deletions": 2
              }
            }
          },
          {
            "hash": "c70dd74539c752c0d5f3857ffe8bb42766bb20a8",
            "messageTitle": "Revert \"A-JavaDoc - Added Some Comments for testing\"",
            "messageBody": "This reverts commit a1e4f40e854c04ce740d34bfb5fc84737019855f.\n",
            "fileTypesAndContributionMap": {
              "java": {
                "insertions": 2,
                "deletions": 27
              }
            }
          },
          {
            "hash": "53979aefc89f4aa3107a69368c7c83ccd6fc6748",
            "messageTitle": "A-JavaDoc - Added Some Comments for testing",
            "messageBody": "",
            "tags": [
              "A-JavaDoc"
            ],
            "fileTypesAndContributionMap": {
              "java": {
                "insertions": 22,
                "deletions": 1
              }
            }
          }
        ]
      },
      {
        "date": "2020-09-11",
        "commitResults": [
          {
            "hash": "4c65a2c41af5c7e2fe8c6998ab25a20467bc0119",
            "messageTitle": "A-Jar: Create a JAR File",
            "messageBody": "",
            "tags": [
              "A-Jar"
            ],
            "fileTypesAndContributionMap": {
              "java": {
                "insertions": 1,
                "deletions": 6
              }
            }
          }
        ]
      },
      {
        "date": "2020-09-17",
        "commitResults": [
          {
            "hash": "a25751bc193098221721e756fc8faf83083abad5",
            "messageTitle": "A-MoreOOP: Use More OOP",
            "messageBody": "",
            "tags": [
              "A-MoreOOP"
            ],
            "fileTypesAndContributionMap": {
              "java": {
                "insertions": 1,
                "deletions": 0
              }
            }
          }
        ]
      },
      {
        "date": "2020-09-18",
        "commitResults": [
          {
            "hash": "be5bfe5951c24f9232281f1b6f56162696c21bd8",
            "messageTitle": "A-MoreOOP: Use More OOP - extract minimum classes required",
            "messageBody": "",
            "fileTypesAndContributionMap": {
              "java": {
                "insertions": 165,
                "deletions": 38
              }
            }
          }
        ]
      }
    ]
  },
  "authorFileTypeContributionMap": {
    "Chilaiping": {
      "java": 639,
      "md": 0,
      "fxml": 0,
      "sh": 5,
      "bat": 0,
      "gradle": 0,
      "txt": 7
    }
  },
  "authorContributionVariance": {
    "Chilaiping": 10050.951
  },
  "authorDisplayNameMap": {
    "Chilaiping": "CHI ..PING"
  }
}
