{
  "authorDailyContributionsMap": {
    "Impala36": [
      {
        "date": "2020-08-20",
        "commitResults": [
          {
            "hash": "35d92ca36e84bc46ec46e6b4141f16e93d1d82d6",
            "messageTitle": "Level 0. Greet",
            "messageBody": "",
            "tags": [
              "Level-0"
            ],
            "fileTypesAndContributionMap": {
              "java": {
                "insertions": 17,
                "deletions": 0
              }
            }
          },
          {
            "hash": "57b57045c950a99909418edee18a53b89c328422",
            "messageTitle": "Level 0. Greet",
            "messageBody": "",
            "fileTypesAndContributionMap": {
              "java": {
                "insertions": 48,
                "deletions": 5
              }
            }
          }
        ]
      },
      {
        "date": "2020-08-21",
        "commitResults": [
          {
            "hash": "13473b3b21e73db719a0c009fc048c21e3d3e066",
            "messageTitle": "Level 2. Add, List",
            "messageBody": "",
            "tags": [
              "Level-2"
            ],
            "fileTypesAndContributionMap": {
              "java": {
                "insertions": 25,
                "deletions": 7
              }
            }
          },
          {
            "hash": "2c84b2aac8744bb31ad57370a51802067abfe0bc",
            "messageTitle": "Level 3. Mark as Done",
            "messageBody": "",
            "tags": [
              "Level-3"
            ],
            "fileTypesAndContributionMap": {
              "java": {
                "insertions": 125,
                "deletions": 17
              }
            }
          }
        ]
      },
      {
        "date": "2020-08-29",
        "commitResults": [
          {
            "hash": "bbe87d56d32a21b4bbc55dbac605fcb1a14bec1b",
            "messageTitle": "Level 4. ToDos, Events, Deadlines",
            "messageBody": "",
            "tags": [
              "Level-4"
            ],
            "fileTypesAndContributionMap": {
              "java": {
                "insertions": 147,
                "deletions": 14
              }
            }
          },
          {
            "hash": "3005764c80c48ddc08c1bbea736d696f2d0fd43f",
            "messageTitle": "Level 5. Handle Errors A-AbstractClasses A-Packages",
            "messageBody": "",
            "tags": [
              "Level-5",
              "A-CodingQuality1",
              "A-CodingQuality"
            ],
            "fileTypesAndContributionMap": {
              "java": {
                "insertions": 65,
                "deletions": 38
              },
              "bat": {
                "insertions": 2,
                "deletions": 2
              }
            }
          }
        ]
      }
    ]
  },
  "authorFileTypeContributionMap": {
    "Impala36": {
      "java": 347,
      "md": 0,
      "fxml": 0,
      "sh": 0,
      "bat": 2,
      "gradle": 0,
      "txt": 0
    }
  },
  "authorContributionVariance": {
    "Impala36": 5663.5
  },
  "authorDisplayNameMap": {
    "Impala36": "WANG..QUAN"
  }
}
