{
  "authorDailyContributionsMap": {
    "Chenduo1412": [
      {
        "date": "2020-08-21",
        "commitResults": [
          {
            "hash": "9f4c91ceb8a69a797476ec527fd5009d1af8c283",
            "messageTitle": "Level-0",
            "messageBody": "",
            "tags": [
              "Level-1"
            ],
            "fileTypesAndContributionMap": {
              "java": {
                "insertions": 9,
                "deletions": 0
              }
            }
          },
          {
            "hash": "8243de5f52d7068b888eaf4a4bea3e84cb609d01",
            "messageTitle": "Level-1",
            "messageBody": "",
            "tags": [
              "Level-2"
            ],
            "fileTypesAndContributionMap": {
              "java": {
                "insertions": 20,
                "deletions": 1
              }
            }
          }
        ]
      },
      {
        "date": "2020-08-22",
        "commitResults": [
          {
            "hash": "888d94bd296dc51cd4aa9ecc8f14cd2be66a2d2e",
            "messageTitle": "Level-2 Add list",
            "messageBody": "",
            "tags": [
              "Level-3"
            ],
            "fileTypesAndContributionMap": {
              "java": {
                "insertions": 67,
                "deletions": 17
              }
            }
          }
        ]
      },
      {
        "date": "2020-08-23",
        "commitResults": [
          {
            "hash": "bc0504f91b214f47f2fce65cba045fec57b38ae8",
            "messageTitle": "Level-3 Mark done",
            "messageBody": "",
            "tags": [
              "level-4"
            ],
            "fileTypesAndContributionMap": {
              "java": {
                "insertions": 58,
                "deletions": 33
              }
            }
          }
        ]
      },
      {
        "date": "2020-08-27",
        "commitResults": [
          {
            "hash": "1b952ad85be6ca37154d66df1c64bfac5d2cb346",
            "messageTitle": "level-4",
            "messageBody": "",
            "tags": [
              "A-CodingStandard"
            ],
            "fileTypesAndContributionMap": {
              "java": {
                "insertions": 77,
                "deletions": 16
              }
            }
          }
        ]
      },
      {
        "date": "2020-09-03",
        "commitResults": [
          {
            "hash": "0f122609828bb4e874d7f1a7450396886d4f7c06",
            "messageTitle": "A-CodingStandard",
            "messageBody": "",
            "tags": [
              "level-5"
            ],
            "fileTypesAndContributionMap": {
              "java": {
                "insertions": 6,
                "deletions": 6
              }
            }
          }
        ]
      }
    ]
  },
  "authorFileTypeContributionMap": {
    "Chenduo1412": {
      "java": 170,
      "md": 0,
      "fxml": 0,
      "sh": 0,
      "bat": 0,
      "gradle": 0,
      "txt": 0
    }
  },
  "authorContributionVariance": {
    "Chenduo1412": 973.99115
  },
  "authorDisplayNameMap": {
    "Chenduo1412": "CHEN.. DUO"
  }
}
