[
  {
    "path": "src/main/java/duke/Duke.java",
    "fileType": "java",
    "lines": [
      {
        "lineNumber": 1,
        "author": {
          "gitId": "-"
        },
        "content": "package duke;"
      },
      {
        "lineNumber": 2,
        "author": {
          "gitId": "-"
        },
        "content": ""
      },
      {
        "lineNumber": 3,
        "author": {
          "gitId": "-"
        },
        "content": "import duke.command.CommandHandler;"
      },
      {
        "lineNumber": 4,
        "author": {
          "gitId": "-"
        },
        "content": "import duke.input.InputHandler;"
      },
      {
        "lineNumber": 5,
        "author": {
          "gitId": "-"
        },
        "content": "import duke.input.InputParser;"
      },
      {
        "lineNumber": 6,
        "author": {
          "gitId": "-"
        },
        "content": "import duke.output.DisplayHandler;"
      },
      {
        "lineNumber": 7,
        "author": {
          "gitId": "-"
        },
        "content": "import duke.storage.ListHandler;"
      },
      {
        "lineNumber": 8,
        "author": {
          "gitId": "-"
        },
        "content": ""
      },
      {
        "lineNumber": 9,
        "author": {
          "gitId": "-"
        },
        "content": "public class Duke {"
      },
      {
        "lineNumber": 10,
        "author": {
          "gitId": "-"
        },
        "content": "    public static void main(String[] args) {"
      },
      {
        "lineNumber": 11,
        "author": {
          "gitId": "tototto"
        },
        "content": ""
      },
      {
        "lineNumber": 12,
        "author": {
          "gitId": "tototto"
        },
        "content": "        // Instantiate program components"
      },
      {
        "lineNumber": 13,
        "author": {
          "gitId": "-"
        },
        "content": "        DisplayHandler displayHandler \u003d new DisplayHandler();"
      },
      {
        "lineNumber": 14,
        "author": {
          "gitId": "-"
        },
        "content": "        InputHandler inputHandler \u003d new InputHandler();"
      },
      {
        "lineNumber": 15,
        "author": {
          "gitId": "-"
        },
        "content": "        InputParser parser \u003d new InputParser();"
      },
      {
        "lineNumber": 16,
        "author": {
          "gitId": "-"
        },
        "content": "        ListHandler list \u003d new ListHandler();"
      },
      {
        "lineNumber": 17,
        "author": {
          "gitId": "-"
        },
        "content": "        CommandHandler command \u003d new CommandHandler();"
      },
      {
        "lineNumber": 18,
        "author": {
          "gitId": "tototto"
        },
        "content": ""
      },
      {
        "lineNumber": 19,
        "author": {
          "gitId": "tototto"
        },
        "content": "        // Uses a Facade to Manage Individual Modular Components"
      },
      {
        "lineNumber": 20,
        "author": {
          "gitId": "-"
        },
        "content": "        displayHandler.ProgramOpening();"
      },
      {
        "lineNumber": 21,
        "author": {
          "gitId": "tototto"
        },
        "content": ""
      },
      {
        "lineNumber": 22,
        "author": {
          "gitId": "tototto"
        },
        "content": "        while(true) {"
      },
      {
        "lineNumber": 23,
        "author": {
          "gitId": "tototto"
        },
        "content": ""
      },
      {
        "lineNumber": 24,
        "author": {
          "gitId": "-"
        },
        "content": "            // Get User input"
      },
      {
        "lineNumber": 25,
        "author": {
          "gitId": "-"
        },
        "content": "            String input \u003d inputHandler.getUserInput();"
      },
      {
        "lineNumber": 26,
        "author": {
          "gitId": "-"
        },
        "content": "            // Parse User input"
      },
      {
        "lineNumber": 27,
        "author": {
          "gitId": "-"
        },
        "content": "            String keyWord \u003d parser.extractKeyWord(input);"
      },
      {
        "lineNumber": 28,
        "author": {
          "gitId": "-"
        },
        "content": "            String body \u003d parser.extractKeyWordBody(input, keyWord);"
      },
      {
        "lineNumber": 29,
        "author": {
          "gitId": "tototto"
        },
        "content": ""
      },
      {
        "lineNumber": 30,
        "author": {
          "gitId": "-"
        },
        "content": "            // If input is not recognised Keyword"
      },
      {
        "lineNumber": 31,
        "author": {
          "gitId": "-"
        },
        "content": "            if (parser.checkIfKeyWord(keyWord) \u003d\u003d false) {"
      },
      {
        "lineNumber": 32,
        "author": {
          "gitId": "-"
        },
        "content": "                displayHandler.DisplayInvalidInput();"
      },
      {
        "lineNumber": 33,
        "author": {
          "gitId": "-"
        },
        "content": "            }"
      },
      {
        "lineNumber": 34,
        "author": {
          "gitId": "-"
        },
        "content": "            // If input is a recognised Keyword"
      },
      {
        "lineNumber": 35,
        "author": {
          "gitId": "-"
        },
        "content": "            else {"
      },
      {
        "lineNumber": 36,
        "author": {
          "gitId": "-"
        },
        "content": "                command.checkCommandType(keyWord, body, list);"
      },
      {
        "lineNumber": 37,
        "author": {
          "gitId": "tototto"
        },
        "content": "            }"
      },
      {
        "lineNumber": 38,
        "author": {
          "gitId": "-"
        },
        "content": ""
      },
      {
        "lineNumber": 39,
        "author": {
          "gitId": "-"
        },
        "content": "        }"
      },
      {
        "lineNumber": 40,
        "author": {
          "gitId": "-"
        },
        "content": "    }"
      },
      {
        "lineNumber": 41,
        "author": {
          "gitId": "-"
        },
        "content": "}"
      }
    ],
    "authorContributionMap": {
      "tototto": 9,
      "-": 32
    }
  },
  {
    "path": "src/main/java/duke/command/CommandHandler.java",
    "fileType": "java",
    "lines": [
      {
        "lineNumber": 1,
        "author": {
          "gitId": "-"
        },
        "content": "package duke.command;//import jdk.internal.util.xml.impl.Input;"
      },
      {
        "lineNumber": 2,
        "author": {
          "gitId": "-"
        },
        "content": ""
      },
      {
        "lineNumber": 3,
        "author": {
          "gitId": "-"
        },
        "content": "import duke.output.DisplayHandler;"
      },
      {
        "lineNumber": 4,
        "author": {
          "gitId": "-"
        },
        "content": "import duke.storage.ListHandler;"
      },
      {
        "lineNumber": 5,
        "author": {
          "gitId": "-"
        },
        "content": "import duke.exception.IncorrectInputException;"
      },
      {
        "lineNumber": 6,
        "author": {
          "gitId": "-"
        },
        "content": "import duke.input.InputParser;"
      },
      {
        "lineNumber": 7,
        "author": {
          "gitId": "-"
        },
        "content": "import duke.task.Task;"
      },
      {
        "lineNumber": 8,
        "author": {
          "gitId": "tototto"
        },
        "content": ""
      },
      {
        "lineNumber": 9,
        "author": {
          "gitId": "tototto"
        },
        "content": "public class CommandHandler {"
      },
      {
        "lineNumber": 10,
        "author": {
          "gitId": "tototto"
        },
        "content": ""
      },
      {
        "lineNumber": 11,
        "author": {
          "gitId": "-"
        },
        "content": "    DisplayHandler displayHandler \u003d new DisplayHandler();"
      },
      {
        "lineNumber": 12,
        "author": {
          "gitId": "-"
        },
        "content": "    InputParser inputParser \u003d new InputParser();"
      },
      {
        "lineNumber": 13,
        "author": {
          "gitId": "tototto"
        },
        "content": ""
      },
      {
        "lineNumber": 14,
        "author": {
          "gitId": "tototto"
        },
        "content": "    public void checkCommandType(String KeyWord, String Body, ListHandler List) {"
      },
      {
        "lineNumber": 15,
        "author": {
          "gitId": "tototto"
        },
        "content": ""
      },
      {
        "lineNumber": 16,
        "author": {
          "gitId": "tototto"
        },
        "content": "        KEYWORD keyword \u003d KEYWORD.valueOf(KeyWord.toUpperCase());"
      },
      {
        "lineNumber": 17,
        "author": {
          "gitId": "tototto"
        },
        "content": ""
      },
      {
        "lineNumber": 18,
        "author": {
          "gitId": "tototto"
        },
        "content": "        try{"
      },
      {
        "lineNumber": 19,
        "author": {
          "gitId": "tototto"
        },
        "content": ""
      },
      {
        "lineNumber": 20,
        "author": {
          "gitId": "tototto"
        },
        "content": "            switch(keyword){"
      },
      {
        "lineNumber": 21,
        "author": {
          "gitId": "tototto"
        },
        "content": "                case TODO:"
      },
      {
        "lineNumber": 22,
        "author": {
          "gitId": "-"
        },
        "content": "                    String todoBody \u003d inputParser.extractTodoBody(Body);"
      },
      {
        "lineNumber": 23,
        "author": {
          "gitId": "tototto"
        },
        "content": "                    List.addToDo(todoBody);"
      },
      {
        "lineNumber": 24,
        "author": {
          "gitId": "tototto"
        },
        "content": "                    Task todoTaskAdded \u003d (Task) List.GetList().lastElement();"
      },
      {
        "lineNumber": 25,
        "author": {
          "gitId": "-"
        },
        "content": "                    displayHandler.ShowTaskAdded(List.GetList().size(), todoTaskAdded);"
      },
      {
        "lineNumber": 26,
        "author": {
          "gitId": "tototto"
        },
        "content": "                    break;"
      },
      {
        "lineNumber": 27,
        "author": {
          "gitId": "tototto"
        },
        "content": ""
      },
      {
        "lineNumber": 28,
        "author": {
          "gitId": "tototto"
        },
        "content": "                case DEADLINE:"
      },
      {
        "lineNumber": 29,
        "author": {
          "gitId": "-"
        },
        "content": "                    String deadlineBody \u003d inputParser.extractDeadlineBody(Body);"
      },
      {
        "lineNumber": 30,
        "author": {
          "gitId": "-"
        },
        "content": "                    String deadlineByDate \u003d inputParser.extractDeadlineByDay(Body);"
      },
      {
        "lineNumber": 31,
        "author": {
          "gitId": "-"
        },
        "content": "                    String deadlineByTime \u003d inputParser.extractDeadlineByTime(Body);"
      },
      {
        "lineNumber": 32,
        "author": {
          "gitId": "tototto"
        },
        "content": "                    List.addDeadline(deadlineBody, deadlineByDate, deadlineByTime);"
      },
      {
        "lineNumber": 33,
        "author": {
          "gitId": "tototto"
        },
        "content": "                    Task deadlineTaskAdded \u003d (Task) List.GetList().lastElement();"
      },
      {
        "lineNumber": 34,
        "author": {
          "gitId": "-"
        },
        "content": "                    displayHandler.ShowTaskAdded(List.GetList().size(), deadlineTaskAdded);"
      },
      {
        "lineNumber": 35,
        "author": {
          "gitId": "tototto"
        },
        "content": "                    break;"
      },
      {
        "lineNumber": 36,
        "author": {
          "gitId": "tototto"
        },
        "content": ""
      },
      {
        "lineNumber": 37,
        "author": {
          "gitId": "tototto"
        },
        "content": "                case EVENT:"
      },
      {
        "lineNumber": 38,
        "author": {
          "gitId": "-"
        },
        "content": "                    String eventBody \u003d inputParser.extractEventBody(Body);"
      },
      {
        "lineNumber": 39,
        "author": {
          "gitId": "-"
        },
        "content": "                    String eventDay \u003d inputParser.extractEventAtDay(Body);;"
      },
      {
        "lineNumber": 40,
        "author": {
          "gitId": "-"
        },
        "content": "                    String eventTime \u003d inputParser.extractEventAtTime(Body);"
      },
      {
        "lineNumber": 41,
        "author": {
          "gitId": "tototto"
        },
        "content": "                    List.addEvent(eventBody, eventDay, eventTime);"
      },
      {
        "lineNumber": 42,
        "author": {
          "gitId": "tototto"
        },
        "content": "                    Task EventTaskAdded \u003d (Task) List.GetList().lastElement();"
      },
      {
        "lineNumber": 43,
        "author": {
          "gitId": "-"
        },
        "content": "                    displayHandler.ShowTaskAdded(List.GetList().size(), EventTaskAdded);"
      },
      {
        "lineNumber": 44,
        "author": {
          "gitId": "tototto"
        },
        "content": "                    break;"
      },
      {
        "lineNumber": 45,
        "author": {
          "gitId": "tototto"
        },
        "content": ""
      },
      {
        "lineNumber": 46,
        "author": {
          "gitId": "tototto"
        },
        "content": "                case LIST:"
      },
      {
        "lineNumber": 47,
        "author": {
          "gitId": "-"
        },
        "content": "                    displayHandler.DisplayList(List.GetList());"
      },
      {
        "lineNumber": 48,
        "author": {
          "gitId": "tototto"
        },
        "content": "                    break;"
      },
      {
        "lineNumber": 49,
        "author": {
          "gitId": "tototto"
        },
        "content": ""
      },
      {
        "lineNumber": 50,
        "author": {
          "gitId": "tototto"
        },
        "content": "                case DONE:"
      },
      {
        "lineNumber": 51,
        "author": {
          "gitId": "-"
        },
        "content": "                    Task taskDone \u003d List.UpdateListItem(Body);"
      },
      {
        "lineNumber": 52,
        "author": {
          "gitId": "-"
        },
        "content": "                    displayHandler.DisplayChanges(taskDone);"
      },
      {
        "lineNumber": 53,
        "author": {
          "gitId": "-"
        },
        "content": "                    break;"
      },
      {
        "lineNumber": 54,
        "author": {
          "gitId": "-"
        },
        "content": ""
      },
      {
        "lineNumber": 55,
        "author": {
          "gitId": "-"
        },
        "content": "                case DELETE:"
      },
      {
        "lineNumber": 56,
        "author": {
          "gitId": "-"
        },
        "content": "                    Task taskDeleted \u003d List.DeleteListItem(Body);"
      },
      {
        "lineNumber": 57,
        "author": {
          "gitId": "-"
        },
        "content": "                    displayHandler.DisplayDeleteResult(List.GetList().size(), taskDeleted);"
      },
      {
        "lineNumber": 58,
        "author": {
          "gitId": "tototto"
        },
        "content": "                    break;"
      },
      {
        "lineNumber": 59,
        "author": {
          "gitId": "tototto"
        },
        "content": ""
      },
      {
        "lineNumber": 60,
        "author": {
          "gitId": "tototto"
        },
        "content": "                case BYE:"
      },
      {
        "lineNumber": 61,
        "author": {
          "gitId": "-"
        },
        "content": "                    displayHandler.ProgramEnding();"
      },
      {
        "lineNumber": 62,
        "author": {
          "gitId": "tototto"
        },
        "content": "                    System.exit(0);"
      },
      {
        "lineNumber": 63,
        "author": {
          "gitId": "tototto"
        },
        "content": "                    break;"
      },
      {
        "lineNumber": 64,
        "author": {
          "gitId": "tototto"
        },
        "content": "            }"
      },
      {
        "lineNumber": 65,
        "author": {
          "gitId": "tototto"
        },
        "content": ""
      },
      {
        "lineNumber": 66,
        "author": {
          "gitId": "tototto"
        },
        "content": "        } catch (Exception e){"
      },
      {
        "lineNumber": 67,
        "author": {
          "gitId": "tototto"
        },
        "content": "            if(e instanceof IncorrectInputException){"
      },
      {
        "lineNumber": 68,
        "author": {
          "gitId": "-"
        },
        "content": "                displayHandler.DisplayCustomException(e);"
      },
      {
        "lineNumber": 69,
        "author": {
          "gitId": "tototto"
        },
        "content": "            }"
      },
      {
        "lineNumber": 70,
        "author": {
          "gitId": "tototto"
        },
        "content": "            else {"
      },
      {
        "lineNumber": 71,
        "author": {
          "gitId": "-"
        },
        "content": "                displayHandler.DisplayInvalidInput();"
      },
      {
        "lineNumber": 72,
        "author": {
          "gitId": "tototto"
        },
        "content": "            }"
      },
      {
        "lineNumber": 73,
        "author": {
          "gitId": "tototto"
        },
        "content": "        }"
      },
      {
        "lineNumber": 74,
        "author": {
          "gitId": "tototto"
        },
        "content": "    }"
      },
      {
        "lineNumber": 75,
        "author": {
          "gitId": "tototto"
        },
        "content": "}"
      }
    ],
    "authorContributionMap": {
      "tototto": 45,
      "-": 30
    }
  },
  {
    "path": "src/main/java/duke/command/KEYWORD.java",
    "fileType": "java",
    "lines": [
      {
        "lineNumber": 1,
        "author": {
          "gitId": "-"
        },
        "content": "package duke.command;"
      },
      {
        "lineNumber": 2,
        "author": {
          "gitId": "tototto"
        },
        "content": ""
      },
      {
        "lineNumber": 3,
        "author": {
          "gitId": "tototto"
        },
        "content": "public enum KEYWORD {"
      },
      {
        "lineNumber": 4,
        "author": {
          "gitId": "tototto"
        },
        "content": "        TODO,"
      },
      {
        "lineNumber": 5,
        "author": {
          "gitId": "tototto"
        },
        "content": "        DEADLINE,"
      },
      {
        "lineNumber": 6,
        "author": {
          "gitId": "tototto"
        },
        "content": "        EVENT,"
      },
      {
        "lineNumber": 7,
        "author": {
          "gitId": "tototto"
        },
        "content": "        LIST,"
      },
      {
        "lineNumber": 8,
        "author": {
          "gitId": "tototto"
        },
        "content": "        DONE,"
      },
      {
        "lineNumber": 9,
        "author": {
          "gitId": "-"
        },
        "content": "        DELETE,"
      },
      {
        "lineNumber": 10,
        "author": {
          "gitId": "tototto"
        },
        "content": "        BYE"
      },
      {
        "lineNumber": 11,
        "author": {
          "gitId": "tototto"
        },
        "content": "    }"
      },
      {
        "lineNumber": 12,
        "author": {
          "gitId": "tototto"
        },
        "content": ""
      }
    ],
    "authorContributionMap": {
      "tototto": 10,
      "-": 2
    }
  },
  {
    "path": "src/main/java/duke/exception/IncorrectInputException.java",
    "fileType": "java",
    "lines": [
      {
        "lineNumber": 1,
        "author": {
          "gitId": "-"
        },
        "content": "package duke.exception;"
      },
      {
        "lineNumber": 2,
        "author": {
          "gitId": "-"
        },
        "content": ""
      },
      {
        "lineNumber": 3,
        "author": {
          "gitId": "tototto"
        },
        "content": "public class IncorrectInputException extends Exception {"
      },
      {
        "lineNumber": 4,
        "author": {
          "gitId": "tototto"
        },
        "content": "    public IncorrectInputException(String message){"
      },
      {
        "lineNumber": 5,
        "author": {
          "gitId": "tototto"
        },
        "content": "        super(message);"
      },
      {
        "lineNumber": 6,
        "author": {
          "gitId": "tototto"
        },
        "content": "    }"
      },
      {
        "lineNumber": 7,
        "author": {
          "gitId": "tototto"
        },
        "content": "}"
      }
    ],
    "authorContributionMap": {
      "tototto": 5,
      "-": 2
    }
  },
  {
    "path": "src/main/java/duke/input/InputHandler.java",
    "fileType": "java",
    "lines": [
      {
        "lineNumber": 1,
        "author": {
          "gitId": "-"
        },
        "content": "package duke.input;"
      },
      {
        "lineNumber": 2,
        "author": {
          "gitId": "-"
        },
        "content": ""
      },
      {
        "lineNumber": 3,
        "author": {
          "gitId": "tototto"
        },
        "content": "import java.util.Scanner;"
      },
      {
        "lineNumber": 4,
        "author": {
          "gitId": "tototto"
        },
        "content": ""
      },
      {
        "lineNumber": 5,
        "author": {
          "gitId": "tototto"
        },
        "content": "public class InputHandler {"
      },
      {
        "lineNumber": 6,
        "author": {
          "gitId": "tototto"
        },
        "content": ""
      },
      {
        "lineNumber": 7,
        "author": {
          "gitId": "tototto"
        },
        "content": "    static private Scanner fromInputStream \u003d new Scanner(System.in);"
      },
      {
        "lineNumber": 8,
        "author": {
          "gitId": "tototto"
        },
        "content": ""
      },
      {
        "lineNumber": 9,
        "author": {
          "gitId": "tototto"
        },
        "content": "    public String getUserInput(){"
      },
      {
        "lineNumber": 10,
        "author": {
          "gitId": "tototto"
        },
        "content": ""
      },
      {
        "lineNumber": 11,
        "author": {
          "gitId": "tototto"
        },
        "content": "        String command \u003d fromInputStream.nextLine();"
      },
      {
        "lineNumber": 12,
        "author": {
          "gitId": "tototto"
        },
        "content": ""
      },
      {
        "lineNumber": 13,
        "author": {
          "gitId": "tototto"
        },
        "content": "        return command;"
      },
      {
        "lineNumber": 14,
        "author": {
          "gitId": "tototto"
        },
        "content": "    }"
      },
      {
        "lineNumber": 15,
        "author": {
          "gitId": "tototto"
        },
        "content": "}"
      }
    ],
    "authorContributionMap": {
      "tototto": 13,
      "-": 2
    }
  },
  {
    "path": "src/main/java/duke/input/InputParser.java",
    "fileType": "java",
    "lines": [
      {
        "lineNumber": 1,
        "author": {
          "gitId": "-"
        },
        "content": "package duke.input;"
      },
      {
        "lineNumber": 2,
        "author": {
          "gitId": "-"
        },
        "content": ""
      },
      {
        "lineNumber": 3,
        "author": {
          "gitId": "-"
        },
        "content": "import duke.output.DisplayHandler;"
      },
      {
        "lineNumber": 4,
        "author": {
          "gitId": "-"
        },
        "content": "import duke.command.KEYWORD;"
      },
      {
        "lineNumber": 5,
        "author": {
          "gitId": "-"
        },
        "content": "import duke.exception.IncorrectInputException;"
      },
      {
        "lineNumber": 6,
        "author": {
          "gitId": "-"
        },
        "content": ""
      },
      {
        "lineNumber": 7,
        "author": {
          "gitId": "tototto"
        },
        "content": "public class InputParser {"
      },
      {
        "lineNumber": 8,
        "author": {
          "gitId": "tototto"
        },
        "content": ""
      },
      {
        "lineNumber": 9,
        "author": {
          "gitId": "tototto"
        },
        "content": "    // Check if First Word is Keyword"
      },
      {
        "lineNumber": 10,
        "author": {
          "gitId": "-"
        },
        "content": "    public boolean checkIfKeyWord(String input) {"
      },
      {
        "lineNumber": 11,
        "author": {
          "gitId": "tototto"
        },
        "content": ""
      },
      {
        "lineNumber": 12,
        "author": {
          "gitId": "tototto"
        },
        "content": "        try {"
      },
      {
        "lineNumber": 13,
        "author": {
          "gitId": "-"
        },
        "content": "            KEYWORD.valueOf(input.toUpperCase());"
      },
      {
        "lineNumber": 14,
        "author": {
          "gitId": "tototto"
        },
        "content": "            return true;"
      },
      {
        "lineNumber": 15,
        "author": {
          "gitId": "tototto"
        },
        "content": ""
      },
      {
        "lineNumber": 16,
        "author": {
          "gitId": "tototto"
        },
        "content": "        } catch (IllegalArgumentException e) {"
      },
      {
        "lineNumber": 17,
        "author": {
          "gitId": "tototto"
        },
        "content": "            return false;"
      },
      {
        "lineNumber": 18,
        "author": {
          "gitId": "tototto"
        },
        "content": "        }"
      },
      {
        "lineNumber": 19,
        "author": {
          "gitId": "tototto"
        },
        "content": "    }"
      },
      {
        "lineNumber": 20,
        "author": {
          "gitId": "tototto"
        },
        "content": ""
      },
      {
        "lineNumber": 21,
        "author": {
          "gitId": "tototto"
        },
        "content": "    // Extract Keyword from Input"
      },
      {
        "lineNumber": 22,
        "author": {
          "gitId": "-"
        },
        "content": "    public String extractKeyWord(String input) {"
      },
      {
        "lineNumber": 23,
        "author": {
          "gitId": "-"
        },
        "content": "        String[] Array \u003d input.split(\" \");"
      },
      {
        "lineNumber": 24,
        "author": {
          "gitId": "tototto"
        },
        "content": "        return Array[0];"
      },
      {
        "lineNumber": 25,
        "author": {
          "gitId": "tototto"
        },
        "content": "    }"
      },
      {
        "lineNumber": 26,
        "author": {
          "gitId": "tototto"
        },
        "content": ""
      },
      {
        "lineNumber": 27,
        "author": {
          "gitId": "tototto"
        },
        "content": "    // Extract Body from Input"
      },
      {
        "lineNumber": 28,
        "author": {
          "gitId": "-"
        },
        "content": "    public String extractKeyWordBody(String input, String keyword) {"
      },
      {
        "lineNumber": 29,
        "author": {
          "gitId": "tototto"
        },
        "content": "        try {"
      },
      {
        "lineNumber": 30,
        "author": {
          "gitId": "-"
        },
        "content": "            return input.replaceFirst(keyword, \"\");"
      },
      {
        "lineNumber": 31,
        "author": {
          "gitId": "tototto"
        },
        "content": ""
      },
      {
        "lineNumber": 32,
        "author": {
          "gitId": "tototto"
        },
        "content": "        } catch(ArrayIndexOutOfBoundsException e){ // May not be used anymore"
      },
      {
        "lineNumber": 33,
        "author": {
          "gitId": "tototto"
        },
        "content": "            return null;"
      },
      {
        "lineNumber": 34,
        "author": {
          "gitId": "tototto"
        },
        "content": "        }"
      },
      {
        "lineNumber": 35,
        "author": {
          "gitId": "tototto"
        },
        "content": "    }"
      },
      {
        "lineNumber": 36,
        "author": {
          "gitId": "tototto"
        },
        "content": ""
      },
      {
        "lineNumber": 37,
        "author": {
          "gitId": "tototto"
        },
        "content": "    // For Todos"
      },
      {
        "lineNumber": 38,
        "author": {
          "gitId": "-"
        },
        "content": "    public String extractTodoBody(String todoInput) throws IncorrectInputException {"
      },
      {
        "lineNumber": 39,
        "author": {
          "gitId": "-"
        },
        "content": "        if(todoInput.isEmpty())"
      },
      {
        "lineNumber": 40,
        "author": {
          "gitId": "tototto"
        },
        "content": "            throw new IncorrectInputException(DisplayHandler.EMPTY_TODO);"
      },
      {
        "lineNumber": 41,
        "author": {
          "gitId": "tototto"
        },
        "content": ""
      },
      {
        "lineNumber": 42,
        "author": {
          "gitId": "-"
        },
        "content": "        return todoInput;"
      },
      {
        "lineNumber": 43,
        "author": {
          "gitId": "tototto"
        },
        "content": "    }"
      },
      {
        "lineNumber": 44,
        "author": {
          "gitId": "tototto"
        },
        "content": ""
      },
      {
        "lineNumber": 45,
        "author": {
          "gitId": "tototto"
        },
        "content": "    // For Deadlines"
      },
      {
        "lineNumber": 46,
        "author": {
          "gitId": "-"
        },
        "content": "    public String extractDeadlineBody(String deadlineInput) throws IncorrectInputException {"
      },
      {
        "lineNumber": 47,
        "author": {
          "gitId": "tototto"
        },
        "content": "        String result \u003d \"\";"
      },
      {
        "lineNumber": 48,
        "author": {
          "gitId": "tototto"
        },
        "content": "        try{"
      },
      {
        "lineNumber": 49,
        "author": {
          "gitId": "-"
        },
        "content": "            int indx \u003d deadlineInput.indexOf(\"/by\");"
      },
      {
        "lineNumber": 50,
        "author": {
          "gitId": "-"
        },
        "content": "            result \u003d deadlineInput.substring(0, indx);"
      },
      {
        "lineNumber": 51,
        "author": {
          "gitId": "tototto"
        },
        "content": ""
      },
      {
        "lineNumber": 52,
        "author": {
          "gitId": "tototto"
        },
        "content": "        } catch (Exception e){"
      },
      {
        "lineNumber": 53,
        "author": {
          "gitId": "tototto"
        },
        "content": "            if(result.length() \u003c 1){"
      },
      {
        "lineNumber": 54,
        "author": {
          "gitId": "tototto"
        },
        "content": "                throw new IncorrectInputException(DisplayHandler.EMPTY_DEADLINE_DESC);"
      },
      {
        "lineNumber": 55,
        "author": {
          "gitId": "tototto"
        },
        "content": "            }"
      },
      {
        "lineNumber": 56,
        "author": {
          "gitId": "tototto"
        },
        "content": "        }"
      },
      {
        "lineNumber": 57,
        "author": {
          "gitId": "tototto"
        },
        "content": "        return result;"
      },
      {
        "lineNumber": 58,
        "author": {
          "gitId": "tototto"
        },
        "content": "    }"
      },
      {
        "lineNumber": 59,
        "author": {
          "gitId": "tototto"
        },
        "content": ""
      },
      {
        "lineNumber": 60,
        "author": {
          "gitId": "-"
        },
        "content": "    public String extractDeadlineByDay(String deadlineInput) throws IncorrectInputException{"
      },
      {
        "lineNumber": 61,
        "author": {
          "gitId": "tototto"
        },
        "content": "        String day \u003d \"\";"
      },
      {
        "lineNumber": 62,
        "author": {
          "gitId": "tototto"
        },
        "content": "        try{"
      },
      {
        "lineNumber": 63,
        "author": {
          "gitId": "-"
        },
        "content": "            int indx \u003d deadlineInput.indexOf(\"/by\");"
      },
      {
        "lineNumber": 64,
        "author": {
          "gitId": "-"
        },
        "content": "            String by \u003d deadlineInput.substring(indx, deadlineInput.length());"
      },
      {
        "lineNumber": 65,
        "author": {
          "gitId": "tototto"
        },
        "content": "            String[] array \u003d by.split(\" \");"
      },
      {
        "lineNumber": 66,
        "author": {
          "gitId": "tototto"
        },
        "content": "            day \u003d array[1];"
      },
      {
        "lineNumber": 67,
        "author": {
          "gitId": "tototto"
        },
        "content": "            return day;"
      },
      {
        "lineNumber": 68,
        "author": {
          "gitId": "tototto"
        },
        "content": ""
      },
      {
        "lineNumber": 69,
        "author": {
          "gitId": "tototto"
        },
        "content": "        }catch (Exception e) {"
      },
      {
        "lineNumber": 70,
        "author": {
          "gitId": "tototto"
        },
        "content": "            if(day.length() \u003c 1){"
      },
      {
        "lineNumber": 71,
        "author": {
          "gitId": "tototto"
        },
        "content": "                throw new IncorrectInputException(DisplayHandler.EMPTY_DEADLINE_DAY);"
      },
      {
        "lineNumber": 72,
        "author": {
          "gitId": "tototto"
        },
        "content": "            }"
      },
      {
        "lineNumber": 73,
        "author": {
          "gitId": "tototto"
        },
        "content": "        }"
      },
      {
        "lineNumber": 74,
        "author": {
          "gitId": "tototto"
        },
        "content": ""
      },
      {
        "lineNumber": 75,
        "author": {
          "gitId": "tototto"
        },
        "content": "        return day;"
      },
      {
        "lineNumber": 76,
        "author": {
          "gitId": "tototto"
        },
        "content": "    }"
      },
      {
        "lineNumber": 77,
        "author": {
          "gitId": "tototto"
        },
        "content": ""
      },
      {
        "lineNumber": 78,
        "author": {
          "gitId": "-"
        },
        "content": "    public String extractDeadlineByTime(String deadlineInput) throws IncorrectInputException {"
      },
      {
        "lineNumber": 79,
        "author": {
          "gitId": "tototto"
        },
        "content": "        String time \u003d \"\";"
      },
      {
        "lineNumber": 80,
        "author": {
          "gitId": "tototto"
        },
        "content": "        try{"
      },
      {
        "lineNumber": 81,
        "author": {
          "gitId": "-"
        },
        "content": "            int indx \u003d deadlineInput.indexOf(\"/by\");"
      },
      {
        "lineNumber": 82,
        "author": {
          "gitId": "-"
        },
        "content": "            String by \u003d deadlineInput.substring(indx);"
      },
      {
        "lineNumber": 83,
        "author": {
          "gitId": "tototto"
        },
        "content": "            String[] array \u003d by.split(\" \");"
      },
      {
        "lineNumber": 84,
        "author": {
          "gitId": "tototto"
        },
        "content": "            time \u003d array[2];"
      },
      {
        "lineNumber": 85,
        "author": {
          "gitId": "tototto"
        },
        "content": ""
      },
      {
        "lineNumber": 86,
        "author": {
          "gitId": "tototto"
        },
        "content": "        } catch (Exception e) {"
      },
      {
        "lineNumber": 87,
        "author": {
          "gitId": "tototto"
        },
        "content": "            if(time.length() \u003c 1){"
      },
      {
        "lineNumber": 88,
        "author": {
          "gitId": "tototto"
        },
        "content": "                throw new IncorrectInputException(DisplayHandler.EMPTY_DEADLINE_TIME);"
      },
      {
        "lineNumber": 89,
        "author": {
          "gitId": "tototto"
        },
        "content": "            }"
      },
      {
        "lineNumber": 90,
        "author": {
          "gitId": "tototto"
        },
        "content": "        }"
      },
      {
        "lineNumber": 91,
        "author": {
          "gitId": "tototto"
        },
        "content": ""
      },
      {
        "lineNumber": 92,
        "author": {
          "gitId": "tototto"
        },
        "content": "        return time;"
      },
      {
        "lineNumber": 93,
        "author": {
          "gitId": "tototto"
        },
        "content": "    }"
      },
      {
        "lineNumber": 94,
        "author": {
          "gitId": "tototto"
        },
        "content": ""
      },
      {
        "lineNumber": 95,
        "author": {
          "gitId": "tototto"
        },
        "content": "    // For Events"
      },
      {
        "lineNumber": 96,
        "author": {
          "gitId": "-"
        },
        "content": "    public String extractEventBody(String eventInput) throws IncorrectInputException {"
      },
      {
        "lineNumber": 97,
        "author": {
          "gitId": "tototto"
        },
        "content": "        String result \u003d \"\";"
      },
      {
        "lineNumber": 98,
        "author": {
          "gitId": "tototto"
        },
        "content": ""
      },
      {
        "lineNumber": 99,
        "author": {
          "gitId": "tototto"
        },
        "content": "        try{"
      },
      {
        "lineNumber": 100,
        "author": {
          "gitId": "-"
        },
        "content": "            int indx \u003d eventInput.indexOf(\"/at\");"
      },
      {
        "lineNumber": 101,
        "author": {
          "gitId": "-"
        },
        "content": "            result \u003d eventInput.substring(0, indx);"
      },
      {
        "lineNumber": 102,
        "author": {
          "gitId": "tototto"
        },
        "content": ""
      },
      {
        "lineNumber": 103,
        "author": {
          "gitId": "tototto"
        },
        "content": "        }catch (Exception e){"
      },
      {
        "lineNumber": 104,
        "author": {
          "gitId": "tototto"
        },
        "content": "            if(result.length() \u003c 1){"
      },
      {
        "lineNumber": 105,
        "author": {
          "gitId": "tototto"
        },
        "content": "                throw new IncorrectInputException(DisplayHandler.EMPTY_EVENT_DESC);"
      },
      {
        "lineNumber": 106,
        "author": {
          "gitId": "tototto"
        },
        "content": "            }"
      },
      {
        "lineNumber": 107,
        "author": {
          "gitId": "tototto"
        },
        "content": "        }"
      },
      {
        "lineNumber": 108,
        "author": {
          "gitId": "tototto"
        },
        "content": ""
      },
      {
        "lineNumber": 109,
        "author": {
          "gitId": "tototto"
        },
        "content": "        return result;"
      },
      {
        "lineNumber": 110,
        "author": {
          "gitId": "tototto"
        },
        "content": "    }"
      },
      {
        "lineNumber": 111,
        "author": {
          "gitId": "tototto"
        },
        "content": ""
      },
      {
        "lineNumber": 112,
        "author": {
          "gitId": "-"
        },
        "content": "    public String extractEventAtDay(String eventInput) throws IncorrectInputException{"
      },
      {
        "lineNumber": 113,
        "author": {
          "gitId": "tototto"
        },
        "content": "        String day \u003d \"\";"
      },
      {
        "lineNumber": 114,
        "author": {
          "gitId": "tototto"
        },
        "content": ""
      },
      {
        "lineNumber": 115,
        "author": {
          "gitId": "tototto"
        },
        "content": "        try {"
      },
      {
        "lineNumber": 116,
        "author": {
          "gitId": "-"
        },
        "content": "            int indx \u003d eventInput.indexOf(\"/at\");"
      },
      {
        "lineNumber": 117,
        "author": {
          "gitId": "-"
        },
        "content": "            String by \u003d eventInput.substring(indx, eventInput.length());"
      },
      {
        "lineNumber": 118,
        "author": {
          "gitId": "tototto"
        },
        "content": "            String[] array \u003d by.split(\" \");"
      },
      {
        "lineNumber": 119,
        "author": {
          "gitId": "tototto"
        },
        "content": "            day \u003d array[1];"
      },
      {
        "lineNumber": 120,
        "author": {
          "gitId": "tototto"
        },
        "content": ""
      },
      {
        "lineNumber": 121,
        "author": {
          "gitId": "tototto"
        },
        "content": "        }catch (Exception e) {"
      },
      {
        "lineNumber": 122,
        "author": {
          "gitId": "tototto"
        },
        "content": "            if(day.length() \u003c 1){"
      },
      {
        "lineNumber": 123,
        "author": {
          "gitId": "tototto"
        },
        "content": "                throw new IncorrectInputException(DisplayHandler.EMPTY_EVENT_DAY);"
      },
      {
        "lineNumber": 124,
        "author": {
          "gitId": "tototto"
        },
        "content": "            }"
      },
      {
        "lineNumber": 125,
        "author": {
          "gitId": "tototto"
        },
        "content": "        }"
      },
      {
        "lineNumber": 126,
        "author": {
          "gitId": "tototto"
        },
        "content": "        return day;"
      },
      {
        "lineNumber": 127,
        "author": {
          "gitId": "tototto"
        },
        "content": "    }"
      },
      {
        "lineNumber": 128,
        "author": {
          "gitId": "tototto"
        },
        "content": ""
      },
      {
        "lineNumber": 129,
        "author": {
          "gitId": "-"
        },
        "content": "    public String extractEventAtTime(String eventInput) throws IncorrectInputException {"
      },
      {
        "lineNumber": 130,
        "author": {
          "gitId": "tototto"
        },
        "content": "        String time \u003d \"\";"
      },
      {
        "lineNumber": 131,
        "author": {
          "gitId": "tototto"
        },
        "content": ""
      },
      {
        "lineNumber": 132,
        "author": {
          "gitId": "tototto"
        },
        "content": "        try{"
      },
      {
        "lineNumber": 133,
        "author": {
          "gitId": "-"
        },
        "content": "            int indx \u003d eventInput.indexOf(\"/at\");"
      },
      {
        "lineNumber": 134,
        "author": {
          "gitId": "-"
        },
        "content": "            String by \u003d eventInput.substring(indx);"
      },
      {
        "lineNumber": 135,
        "author": {
          "gitId": "tototto"
        },
        "content": "            String[] array \u003d by.split(\" \");"
      },
      {
        "lineNumber": 136,
        "author": {
          "gitId": "tototto"
        },
        "content": "            time \u003d array[2];"
      },
      {
        "lineNumber": 137,
        "author": {
          "gitId": "tototto"
        },
        "content": ""
      },
      {
        "lineNumber": 138,
        "author": {
          "gitId": "tototto"
        },
        "content": "        } catch (Exception e) {"
      },
      {
        "lineNumber": 139,
        "author": {
          "gitId": "tototto"
        },
        "content": "            if(time.length() \u003c 1){"
      },
      {
        "lineNumber": 140,
        "author": {
          "gitId": "tototto"
        },
        "content": "                throw new IncorrectInputException(DisplayHandler.EMPTY_EVENT_TIME);"
      },
      {
        "lineNumber": 141,
        "author": {
          "gitId": "tototto"
        },
        "content": "            }"
      },
      {
        "lineNumber": 142,
        "author": {
          "gitId": "tototto"
        },
        "content": "        }"
      },
      {
        "lineNumber": 143,
        "author": {
          "gitId": "tototto"
        },
        "content": ""
      },
      {
        "lineNumber": 144,
        "author": {
          "gitId": "tototto"
        },
        "content": "        return time;"
      },
      {
        "lineNumber": 145,
        "author": {
          "gitId": "tototto"
        },
        "content": "    }"
      },
      {
        "lineNumber": 146,
        "author": {
          "gitId": "tototto"
        },
        "content": "}"
      }
    ],
    "authorContributionMap": {
      "tototto": 113,
      "-": 33
    }
  },
  {
    "path": "src/main/java/duke/output/DisplayHandler.java",
    "fileType": "java",
    "lines": [
      {
        "lineNumber": 1,
        "author": {
          "gitId": "-"
        },
        "content": "package duke.output;"
      },
      {
        "lineNumber": 2,
        "author": {
          "gitId": "-"
        },
        "content": ""
      },
      {
        "lineNumber": 3,
        "author": {
          "gitId": "-"
        },
        "content": "import duke.task.Task;"
      },
      {
        "lineNumber": 4,
        "author": {
          "gitId": "-"
        },
        "content": ""
      },
      {
        "lineNumber": 5,
        "author": {
          "gitId": "tototto"
        },
        "content": "import java.util.Vector;"
      },
      {
        "lineNumber": 6,
        "author": {
          "gitId": "tototto"
        },
        "content": "import java.util.*;"
      },
      {
        "lineNumber": 7,
        "author": {
          "gitId": "tototto"
        },
        "content": ""
      },
      {
        "lineNumber": 8,
        "author": {
          "gitId": "tototto"
        },
        "content": "public class DisplayHandler {"
      },
      {
        "lineNumber": 9,
        "author": {
          "gitId": "tototto"
        },
        "content": ""
      },
      {
        "lineNumber": 10,
        "author": {
          "gitId": "tototto"
        },
        "content": "    final private String LOGO_ICON \u003d \" ____        _        \\n\""
      },
      {
        "lineNumber": 11,
        "author": {
          "gitId": "tototto"
        },
        "content": "                                    + \"|  _ \\\\ _   _| | _____ \\n\""
      },
      {
        "lineNumber": 12,
        "author": {
          "gitId": "tototto"
        },
        "content": "                                    + \"| | | | | | | |/ / _ \\\\\\n\""
      },
      {
        "lineNumber": 13,
        "author": {
          "gitId": "tototto"
        },
        "content": "                                    + \"| |_| | |_| |   \u003c  __/\\n\""
      },
      {
        "lineNumber": 14,
        "author": {
          "gitId": "tototto"
        },
        "content": "                                    + \"|____/ \\\\__,_|_|\\\\_\\\\___|\\n\";"
      },
      {
        "lineNumber": 15,
        "author": {
          "gitId": "tototto"
        },
        "content": ""
      },
      {
        "lineNumber": 16,
        "author": {
          "gitId": "-"
        },
        "content": "    final private String GREETING_MSG \u003d \" Hello! I\u0027m duke.Duke\\n What can I do for you?\";"
      },
      {
        "lineNumber": 17,
        "author": {
          "gitId": "tototto"
        },
        "content": "    final private String SUCCESS_MSG \u003d \" Got it. I\u0027ve added this task: \";"
      },
      {
        "lineNumber": 18,
        "author": {
          "gitId": "tototto"
        },
        "content": "    final private String LIST_MSG \u003d \" Here are the tasks in your list:\";"
      },
      {
        "lineNumber": 19,
        "author": {
          "gitId": "tototto"
        },
        "content": "    final private String LIST_NUMBER \u003d \" Now you have %d tasks in the list.\\n\";"
      },
      {
        "lineNumber": 20,
        "author": {
          "gitId": "tototto"
        },
        "content": "    final private String DONE_MSG \u003d \" Nice! I\u0027ve marked this task as done: \";"
      },
      {
        "lineNumber": 21,
        "author": {
          "gitId": "-"
        },
        "content": "    final private String INVALID_INPUT_MSG \u003d \" OOPS!!! I\u0027m sorry, but I don\u0027t know what that means :-(\";"
      },
      {
        "lineNumber": 22,
        "author": {
          "gitId": "-"
        },
        "content": "    final private String DELETE_TASK \u003d \" Noted. I\u0027ve removed this task:\";"
      },
      {
        "lineNumber": 23,
        "author": {
          "gitId": "tototto"
        },
        "content": "    final private String GOODBYE_MSG \u003d \" Bye. Hope to see you again soon!\";"
      },
      {
        "lineNumber": 24,
        "author": {
          "gitId": "tototto"
        },
        "content": "    final private String LINE_DIVIDER \u003d \"----------------------------------------\";"
      },
      {
        "lineNumber": 25,
        "author": {
          "gitId": "-"
        },
        "content": "    final static public String EMPTY_TODO \u003d \" OOPS!!! The description of a todo cannot be empty\";"
      },
      {
        "lineNumber": 26,
        "author": {
          "gitId": "-"
        },
        "content": "    final static public String EMPTY_DEADLINE_DESC \u003d \" OOPS!!! The description of a duke Deadline cannot be empty \u0026 must be accompanied by Date and Time\";"
      },
      {
        "lineNumber": 27,
        "author": {
          "gitId": "-"
        },
        "content": "    final static public String EMPTY_DEADLINE_DAY \u003d \" OOPS!!! The description of duke\u0027s Deadline Day cannot be empty\";"
      },
      {
        "lineNumber": 28,
        "author": {
          "gitId": "-"
        },
        "content": "    final static public String EMPTY_DEADLINE_TIME \u003d \" OOPS!!! The description of duke\u0027s Deadline Time cannot be empty\";"
      },
      {
        "lineNumber": 29,
        "author": {
          "gitId": "-"
        },
        "content": "    final static public String EMPTY_EVENT_DESC \u003d \" OOPS!!! The description of a duke Event cannot be empty \u0026 must be accompanied by Date and Time Range\";"
      },
      {
        "lineNumber": 30,
        "author": {
          "gitId": "-"
        },
        "content": "    final static public String EMPTY_EVENT_DAY \u003d \" OOPS!!! The description of a duke\u0027s Event Day cannot be empty\";"
      },
      {
        "lineNumber": 31,
        "author": {
          "gitId": "-"
        },
        "content": "    final static public String EMPTY_EVENT_TIME \u003d \" OOPS!!! The description of a duke\u0027s Event Time cannot be empty\";"
      },
      {
        "lineNumber": 32,
        "author": {
          "gitId": "tototto"
        },
        "content": ""
      },
      {
        "lineNumber": 33,
        "author": {
          "gitId": "tototto"
        },
        "content": "    private void Greeter(){"
      },
      {
        "lineNumber": 34,
        "author": {
          "gitId": "tototto"
        },
        "content": "        System.out.println(GREETING_MSG);"
      },
      {
        "lineNumber": 35,
        "author": {
          "gitId": "tototto"
        },
        "content": "    }"
      },
      {
        "lineNumber": 36,
        "author": {
          "gitId": "tototto"
        },
        "content": ""
      },
      {
        "lineNumber": 37,
        "author": {
          "gitId": "tototto"
        },
        "content": "    private void Goodbye(){"
      },
      {
        "lineNumber": 38,
        "author": {
          "gitId": "tototto"
        },
        "content": "        System.out.println(GOODBYE_MSG);"
      },
      {
        "lineNumber": 39,
        "author": {
          "gitId": "tototto"
        },
        "content": "    }"
      },
      {
        "lineNumber": 40,
        "author": {
          "gitId": "tototto"
        },
        "content": ""
      },
      {
        "lineNumber": 41,
        "author": {
          "gitId": "tototto"
        },
        "content": "    private void Divider(){"
      },
      {
        "lineNumber": 42,
        "author": {
          "gitId": "tototto"
        },
        "content": "        System.out.println(LINE_DIVIDER);"
      },
      {
        "lineNumber": 43,
        "author": {
          "gitId": "tototto"
        },
        "content": "    }"
      },
      {
        "lineNumber": 44,
        "author": {
          "gitId": "tototto"
        },
        "content": ""
      },
      {
        "lineNumber": 45,
        "author": {
          "gitId": "tototto"
        },
        "content": "    private void Logo(){"
      },
      {
        "lineNumber": 46,
        "author": {
          "gitId": "tototto"
        },
        "content": "        System.out.println(LOGO_ICON);"
      },
      {
        "lineNumber": 47,
        "author": {
          "gitId": "tototto"
        },
        "content": "    }"
      },
      {
        "lineNumber": 48,
        "author": {
          "gitId": "tototto"
        },
        "content": ""
      },
      {
        "lineNumber": 49,
        "author": {
          "gitId": "tototto"
        },
        "content": "    private void Success(){"
      },
      {
        "lineNumber": 50,
        "author": {
          "gitId": "tototto"
        },
        "content": "        System.out.println(SUCCESS_MSG);"
      },
      {
        "lineNumber": 51,
        "author": {
          "gitId": "tototto"
        },
        "content": "    }"
      },
      {
        "lineNumber": 52,
        "author": {
          "gitId": "tototto"
        },
        "content": ""
      },
      {
        "lineNumber": 53,
        "author": {
          "gitId": "tototto"
        },
        "content": "    private void InvalidInput(){"
      },
      {
        "lineNumber": 54,
        "author": {
          "gitId": "tototto"
        },
        "content": "        System.out.println(INVALID_INPUT_MSG);"
      },
      {
        "lineNumber": 55,
        "author": {
          "gitId": "tototto"
        },
        "content": "    }"
      },
      {
        "lineNumber": 56,
        "author": {
          "gitId": "tototto"
        },
        "content": ""
      },
      {
        "lineNumber": 57,
        "author": {
          "gitId": "tototto"
        },
        "content": "    private void ShowListMsg() { System.out.println(LIST_MSG); }"
      },
      {
        "lineNumber": 58,
        "author": {
          "gitId": "tototto"
        },
        "content": ""
      },
      {
        "lineNumber": 59,
        "author": {
          "gitId": "tototto"
        },
        "content": "    public void DisplayNumAddedTask(int listNum) {"
      },
      {
        "lineNumber": 60,
        "author": {
          "gitId": "tototto"
        },
        "content": "        System.out.printf(LIST_NUMBER, listNum);"
      },
      {
        "lineNumber": 61,
        "author": {
          "gitId": "tototto"
        },
        "content": "    }"
      },
      {
        "lineNumber": 62,
        "author": {
          "gitId": "tototto"
        },
        "content": ""
      },
      {
        "lineNumber": 63,
        "author": {
          "gitId": "tototto"
        },
        "content": "    public void Done(){"
      },
      {
        "lineNumber": 64,
        "author": {
          "gitId": "tototto"
        },
        "content": "        System.out.println(DONE_MSG);"
      },
      {
        "lineNumber": 65,
        "author": {
          "gitId": "tototto"
        },
        "content": "    }"
      },
      {
        "lineNumber": 66,
        "author": {
          "gitId": "tototto"
        },
        "content": ""
      },
      {
        "lineNumber": 67,
        "author": {
          "gitId": "-"
        },
        "content": "    public void PrintDeleteMsg() {"
      },
      {
        "lineNumber": 68,
        "author": {
          "gitId": "-"
        },
        "content": "        System.out.println(DELETE_TASK);"
      },
      {
        "lineNumber": 69,
        "author": {
          "gitId": "-"
        },
        "content": "    }"
      },
      {
        "lineNumber": 70,
        "author": {
          "gitId": "-"
        },
        "content": ""
      },
      {
        "lineNumber": 71,
        "author": {
          "gitId": "tototto"
        },
        "content": "    public void DisplayIndividualTask(Task task){"
      },
      {
        "lineNumber": 72,
        "author": {
          "gitId": "tototto"
        },
        "content": "        System.out.println(\"   \" + task);"
      },
      {
        "lineNumber": 73,
        "author": {
          "gitId": "tototto"
        },
        "content": "    }"
      },
      {
        "lineNumber": 74,
        "author": {
          "gitId": "tototto"
        },
        "content": ""
      },
      {
        "lineNumber": 75,
        "author": {
          "gitId": "tototto"
        },
        "content": "    private void ListResult(Vector result){"
      },
      {
        "lineNumber": 76,
        "author": {
          "gitId": "tototto"
        },
        "content": ""
      },
      {
        "lineNumber": 77,
        "author": {
          "gitId": "tototto"
        },
        "content": "        ShowListMsg();"
      },
      {
        "lineNumber": 78,
        "author": {
          "gitId": "tototto"
        },
        "content": "        Iterator iter \u003d result.iterator();"
      },
      {
        "lineNumber": 79,
        "author": {
          "gitId": "tototto"
        },
        "content": ""
      },
      {
        "lineNumber": 80,
        "author": {
          "gitId": "tototto"
        },
        "content": "        for(int i \u003d 0; iter.hasNext(); i++){"
      },
      {
        "lineNumber": 81,
        "author": {
          "gitId": "tototto"
        },
        "content": "            int currIndex \u003d i + 1 ;"
      },
      {
        "lineNumber": 82,
        "author": {
          "gitId": "tototto"
        },
        "content": "            Task element \u003d (Task)iter.next();"
      },
      {
        "lineNumber": 83,
        "author": {
          "gitId": "tototto"
        },
        "content": "            System.out.println(\" \" + currIndex + \".\" + element);"
      },
      {
        "lineNumber": 84,
        "author": {
          "gitId": "tototto"
        },
        "content": "        }"
      },
      {
        "lineNumber": 85,
        "author": {
          "gitId": "tototto"
        },
        "content": "    }"
      },
      {
        "lineNumber": 86,
        "author": {
          "gitId": "tototto"
        },
        "content": ""
      },
      {
        "lineNumber": 87,
        "author": {
          "gitId": "tototto"
        },
        "content": "    public void DisplayInvalidInput(){"
      },
      {
        "lineNumber": 88,
        "author": {
          "gitId": "tototto"
        },
        "content": "        InvalidInput();"
      },
      {
        "lineNumber": 89,
        "author": {
          "gitId": "tototto"
        },
        "content": "    }"
      },
      {
        "lineNumber": 90,
        "author": {
          "gitId": "tototto"
        },
        "content": ""
      },
      {
        "lineNumber": 91,
        "author": {
          "gitId": "tototto"
        },
        "content": "    public void DisplayChanges(Task task) {"
      },
      {
        "lineNumber": 92,
        "author": {
          "gitId": "tototto"
        },
        "content": "        Divider();"
      },
      {
        "lineNumber": 93,
        "author": {
          "gitId": "tototto"
        },
        "content": "        try{"
      },
      {
        "lineNumber": 94,
        "author": {
          "gitId": "tototto"
        },
        "content": "            task.getStatusIcon(); // check if exception will be thrown, this line has no functional usage"
      },
      {
        "lineNumber": 95,
        "author": {
          "gitId": "tototto"
        },
        "content": ""
      },
      {
        "lineNumber": 96,
        "author": {
          "gitId": "tototto"
        },
        "content": "            Done();"
      },
      {
        "lineNumber": 97,
        "author": {
          "gitId": "tototto"
        },
        "content": "            System.out.println(task);"
      },
      {
        "lineNumber": 98,
        "author": {
          "gitId": "tototto"
        },
        "content": ""
      },
      {
        "lineNumber": 99,
        "author": {
          "gitId": "tototto"
        },
        "content": "        } catch (NullPointerException e) {"
      },
      {
        "lineNumber": 100,
        "author": {
          "gitId": "tototto"
        },
        "content": "            InvalidInput();"
      },
      {
        "lineNumber": 101,
        "author": {
          "gitId": "tototto"
        },
        "content": "        }"
      },
      {
        "lineNumber": 102,
        "author": {
          "gitId": "tototto"
        },
        "content": "        Divider();"
      },
      {
        "lineNumber": 103,
        "author": {
          "gitId": "tototto"
        },
        "content": "    }"
      },
      {
        "lineNumber": 104,
        "author": {
          "gitId": "tototto"
        },
        "content": ""
      },
      {
        "lineNumber": 105,
        "author": {
          "gitId": "-"
        },
        "content": "    public void DisplayDeleteResult(int ListNum, Task task) {"
      },
      {
        "lineNumber": 106,
        "author": {
          "gitId": "-"
        },
        "content": "        Divider();"
      },
      {
        "lineNumber": 107,
        "author": {
          "gitId": "-"
        },
        "content": "        PrintDeleteMsg();"
      },
      {
        "lineNumber": 108,
        "author": {
          "gitId": "-"
        },
        "content": "        System.out.println(task);"
      },
      {
        "lineNumber": 109,
        "author": {
          "gitId": "-"
        },
        "content": "        DisplayNumAddedTask(ListNum);"
      },
      {
        "lineNumber": 110,
        "author": {
          "gitId": "-"
        },
        "content": "        Divider();"
      },
      {
        "lineNumber": 111,
        "author": {
          "gitId": "-"
        },
        "content": "    }"
      },
      {
        "lineNumber": 112,
        "author": {
          "gitId": "-"
        },
        "content": ""
      },
      {
        "lineNumber": 113,
        "author": {
          "gitId": "tototto"
        },
        "content": "    public void DisplayList(Vector result) {"
      },
      {
        "lineNumber": 114,
        "author": {
          "gitId": "tototto"
        },
        "content": "        Divider();"
      },
      {
        "lineNumber": 115,
        "author": {
          "gitId": "tototto"
        },
        "content": "        ListResult(result);"
      },
      {
        "lineNumber": 116,
        "author": {
          "gitId": "tototto"
        },
        "content": "        Divider();"
      },
      {
        "lineNumber": 117,
        "author": {
          "gitId": "tototto"
        },
        "content": "    }"
      },
      {
        "lineNumber": 118,
        "author": {
          "gitId": "tototto"
        },
        "content": ""
      },
      {
        "lineNumber": 119,
        "author": {
          "gitId": "tototto"
        },
        "content": "    public void ShowTaskAdded(int ListNum, Task task){"
      },
      {
        "lineNumber": 120,
        "author": {
          "gitId": "tototto"
        },
        "content": "        Divider();"
      },
      {
        "lineNumber": 121,
        "author": {
          "gitId": "tototto"
        },
        "content": "        Success();"
      },
      {
        "lineNumber": 122,
        "author": {
          "gitId": "tototto"
        },
        "content": "        DisplayIndividualTask(task);"
      },
      {
        "lineNumber": 123,
        "author": {
          "gitId": "tototto"
        },
        "content": "        DisplayNumAddedTask(ListNum);"
      },
      {
        "lineNumber": 124,
        "author": {
          "gitId": "tototto"
        },
        "content": "        Divider();"
      },
      {
        "lineNumber": 125,
        "author": {
          "gitId": "tototto"
        },
        "content": "    }"
      },
      {
        "lineNumber": 126,
        "author": {
          "gitId": "tototto"
        },
        "content": ""
      },
      {
        "lineNumber": 127,
        "author": {
          "gitId": "tototto"
        },
        "content": "    public void ProgramOpening(){"
      },
      {
        "lineNumber": 128,
        "author": {
          "gitId": "tototto"
        },
        "content": "        // User Interface Display Section"
      },
      {
        "lineNumber": 129,
        "author": {
          "gitId": "tototto"
        },
        "content": "        Divider();"
      },
      {
        "lineNumber": 130,
        "author": {
          "gitId": "tototto"
        },
        "content": "        Logo();"
      },
      {
        "lineNumber": 131,
        "author": {
          "gitId": "tototto"
        },
        "content": "        Greeter();"
      },
      {
        "lineNumber": 132,
        "author": {
          "gitId": "tototto"
        },
        "content": "        Divider();"
      },
      {
        "lineNumber": 133,
        "author": {
          "gitId": "tototto"
        },
        "content": "    }"
      },
      {
        "lineNumber": 134,
        "author": {
          "gitId": "tototto"
        },
        "content": ""
      },
      {
        "lineNumber": 135,
        "author": {
          "gitId": "tototto"
        },
        "content": "    public void ProgramEnding(){"
      },
      {
        "lineNumber": 136,
        "author": {
          "gitId": "tototto"
        },
        "content": "        Divider();"
      },
      {
        "lineNumber": 137,
        "author": {
          "gitId": "tototto"
        },
        "content": "        Goodbye();"
      },
      {
        "lineNumber": 138,
        "author": {
          "gitId": "tototto"
        },
        "content": "        Divider();"
      },
      {
        "lineNumber": 139,
        "author": {
          "gitId": "tototto"
        },
        "content": "    }"
      },
      {
        "lineNumber": 140,
        "author": {
          "gitId": "tototto"
        },
        "content": ""
      },
      {
        "lineNumber": 141,
        "author": {
          "gitId": "tototto"
        },
        "content": "    public void DisplayCustomException(Exception e) {"
      },
      {
        "lineNumber": 142,
        "author": {
          "gitId": "tototto"
        },
        "content": "        System.out.println(e.getMessage());"
      },
      {
        "lineNumber": 143,
        "author": {
          "gitId": "tototto"
        },
        "content": "    }"
      },
      {
        "lineNumber": 144,
        "author": {
          "gitId": "tototto"
        },
        "content": "}"
      }
    ],
    "authorContributionMap": {
      "tototto": 118,
      "-": 26
    }
  },
  {
    "path": "src/main/java/duke/storage/ListHandler.java",
    "fileType": "java",
    "lines": [
      {
        "lineNumber": 1,
        "author": {
          "gitId": "-"
        },
        "content": "package duke.storage;"
      },
      {
        "lineNumber": 2,
        "author": {
          "gitId": "-"
        },
        "content": ""
      },
      {
        "lineNumber": 3,
        "author": {
          "gitId": "-"
        },
        "content": "import duke.task.Deadline;"
      },
      {
        "lineNumber": 4,
        "author": {
          "gitId": "-"
        },
        "content": "import duke.task.Event;"
      },
      {
        "lineNumber": 5,
        "author": {
          "gitId": "-"
        },
        "content": "import duke.task.Task;"
      },
      {
        "lineNumber": 6,
        "author": {
          "gitId": "-"
        },
        "content": "import duke.task.Todo;"
      },
      {
        "lineNumber": 7,
        "author": {
          "gitId": "-"
        },
        "content": ""
      },
      {
        "lineNumber": 8,
        "author": {
          "gitId": "tototto"
        },
        "content": "import java.util.*;"
      },
      {
        "lineNumber": 9,
        "author": {
          "gitId": "tototto"
        },
        "content": ""
      },
      {
        "lineNumber": 10,
        "author": {
          "gitId": "tototto"
        },
        "content": "public class ListHandler {"
      },
      {
        "lineNumber": 11,
        "author": {
          "gitId": "tototto"
        },
        "content": ""
      },
      {
        "lineNumber": 12,
        "author": {
          "gitId": "tototto"
        },
        "content": "    private Vector ListStorage \u003d new Vector();"
      },
      {
        "lineNumber": 13,
        "author": {
          "gitId": "tototto"
        },
        "content": ""
      },
      {
        "lineNumber": 14,
        "author": {
          "gitId": "tototto"
        },
        "content": "    public void addToDo(String body){"
      },
      {
        "lineNumber": 15,
        "author": {
          "gitId": "tototto"
        },
        "content": "        ListStorage.add(new Todo(body));"
      },
      {
        "lineNumber": 16,
        "author": {
          "gitId": "tototto"
        },
        "content": "    }"
      },
      {
        "lineNumber": 17,
        "author": {
          "gitId": "tototto"
        },
        "content": ""
      },
      {
        "lineNumber": 18,
        "author": {
          "gitId": "tototto"
        },
        "content": "    public void addDeadline(String body, String by, String time){"
      },
      {
        "lineNumber": 19,
        "author": {
          "gitId": "tototto"
        },
        "content": "        ListStorage.add(new Deadline(body, by, time));"
      },
      {
        "lineNumber": 20,
        "author": {
          "gitId": "tototto"
        },
        "content": "    }"
      },
      {
        "lineNumber": 21,
        "author": {
          "gitId": "tototto"
        },
        "content": ""
      },
      {
        "lineNumber": 22,
        "author": {
          "gitId": "tototto"
        },
        "content": "    public void addEvent(String body, String at, String timePeriod){"
      },
      {
        "lineNumber": 23,
        "author": {
          "gitId": "tototto"
        },
        "content": "        ListStorage.add(new Event(body, at, timePeriod));"
      },
      {
        "lineNumber": 24,
        "author": {
          "gitId": "tototto"
        },
        "content": "    }"
      },
      {
        "lineNumber": 25,
        "author": {
          "gitId": "tototto"
        },
        "content": ""
      },
      {
        "lineNumber": 26,
        "author": {
          "gitId": "tototto"
        },
        "content": "    public Vector GetList(){"
      },
      {
        "lineNumber": 27,
        "author": {
          "gitId": "tototto"
        },
        "content": "        return ListStorage;"
      },
      {
        "lineNumber": 28,
        "author": {
          "gitId": "tototto"
        },
        "content": "    }"
      },
      {
        "lineNumber": 29,
        "author": {
          "gitId": "tototto"
        },
        "content": ""
      },
      {
        "lineNumber": 30,
        "author": {
          "gitId": "tototto"
        },
        "content": "    public Task UpdateListItem(String index){"
      },
      {
        "lineNumber": 31,
        "author": {
          "gitId": "tototto"
        },
        "content": "        try {"
      },
      {
        "lineNumber": 32,
        "author": {
          "gitId": "tototto"
        },
        "content": "            int idx \u003d Integer.parseInt(index.trim());"
      },
      {
        "lineNumber": 33,
        "author": {
          "gitId": "tototto"
        },
        "content": "            Task task \u003d (Task) ListStorage.get(idx - 1);"
      },
      {
        "lineNumber": 34,
        "author": {
          "gitId": "tototto"
        },
        "content": "            task.markAsDone();"
      },
      {
        "lineNumber": 35,
        "author": {
          "gitId": "tototto"
        },
        "content": ""
      },
      {
        "lineNumber": 36,
        "author": {
          "gitId": "tototto"
        },
        "content": "            return task;"
      },
      {
        "lineNumber": 37,
        "author": {
          "gitId": "tototto"
        },
        "content": ""
      },
      {
        "lineNumber": 38,
        "author": {
          "gitId": "-"
        },
        "content": "        } catch (NumberFormatException e) { }"
      },
      {
        "lineNumber": 39,
        "author": {
          "gitId": "-"
        },
        "content": "          catch (ArrayIndexOutOfBoundsException e) { }"
      },
      {
        "lineNumber": 40,
        "author": {
          "gitId": "-"
        },
        "content": ""
      },
      {
        "lineNumber": 41,
        "author": {
          "gitId": "-"
        },
        "content": "        return null;"
      },
      {
        "lineNumber": 42,
        "author": {
          "gitId": "-"
        },
        "content": "    }"
      },
      {
        "lineNumber": 43,
        "author": {
          "gitId": "-"
        },
        "content": ""
      },
      {
        "lineNumber": 44,
        "author": {
          "gitId": "-"
        },
        "content": "    public Task DeleteListItem(String index){"
      },
      {
        "lineNumber": 45,
        "author": {
          "gitId": "-"
        },
        "content": "        try {"
      },
      {
        "lineNumber": 46,
        "author": {
          "gitId": "-"
        },
        "content": "            int idx \u003d Integer.parseInt(index.trim());"
      },
      {
        "lineNumber": 47,
        "author": {
          "gitId": "-"
        },
        "content": "            Task task \u003d (Task) ListStorage.remove(idx - 1);"
      },
      {
        "lineNumber": 48,
        "author": {
          "gitId": "-"
        },
        "content": "            return task;"
      },
      {
        "lineNumber": 49,
        "author": {
          "gitId": "-"
        },
        "content": ""
      },
      {
        "lineNumber": 50,
        "author": {
          "gitId": "-"
        },
        "content": "        } catch (Exception e) {}"
      },
      {
        "lineNumber": 51,
        "author": {
          "gitId": "tototto"
        },
        "content": ""
      },
      {
        "lineNumber": 52,
        "author": {
          "gitId": "tototto"
        },
        "content": "        return null;"
      },
      {
        "lineNumber": 53,
        "author": {
          "gitId": "tototto"
        },
        "content": "    }"
      },
      {
        "lineNumber": 54,
        "author": {
          "gitId": "tototto"
        },
        "content": "}"
      }
    ],
    "authorContributionMap": {
      "tototto": 34,
      "-": 20
    }
  },
  {
    "path": "src/main/java/duke/task/Deadline.java",
    "fileType": "java",
    "lines": [
      {
        "lineNumber": 1,
        "author": {
          "gitId": "-"
        },
        "content": "package duke.task;"
      },
      {
        "lineNumber": 2,
        "author": {
          "gitId": "tototto"
        },
        "content": ""
      },
      {
        "lineNumber": 3,
        "author": {
          "gitId": "tototto"
        },
        "content": "public class Deadline extends Task {"
      },
      {
        "lineNumber": 4,
        "author": {
          "gitId": "tototto"
        },
        "content": ""
      },
      {
        "lineNumber": 5,
        "author": {
          "gitId": "tototto"
        },
        "content": "    public Deadline(String description, String by, String time) {"
      },
      {
        "lineNumber": 6,
        "author": {
          "gitId": "tototto"
        },
        "content": "        super(description);"
      },
      {
        "lineNumber": 7,
        "author": {
          "gitId": "tototto"
        },
        "content": "        this.by \u003d by;"
      },
      {
        "lineNumber": 8,
        "author": {
          "gitId": "tototto"
        },
        "content": "        this.time \u003d time;"
      },
      {
        "lineNumber": 9,
        "author": {
          "gitId": "tototto"
        },
        "content": "    }"
      },
      {
        "lineNumber": 10,
        "author": {
          "gitId": "tototto"
        },
        "content": ""
      },
      {
        "lineNumber": 11,
        "author": {
          "gitId": "tototto"
        },
        "content": "    protected String by;"
      },
      {
        "lineNumber": 12,
        "author": {
          "gitId": "tototto"
        },
        "content": "    protected String time;"
      },
      {
        "lineNumber": 13,
        "author": {
          "gitId": "tototto"
        },
        "content": ""
      },
      {
        "lineNumber": 14,
        "author": {
          "gitId": "tototto"
        },
        "content": "    @Override"
      },
      {
        "lineNumber": 15,
        "author": {
          "gitId": "tototto"
        },
        "content": "    public String toString() {"
      },
      {
        "lineNumber": 16,
        "author": {
          "gitId": "tototto"
        },
        "content": "        return \"[D]\" + super.toString() + \"(by: \" + by + \" \" + time +\")\";"
      },
      {
        "lineNumber": 17,
        "author": {
          "gitId": "tototto"
        },
        "content": "    }"
      },
      {
        "lineNumber": 18,
        "author": {
          "gitId": "tototto"
        },
        "content": "}"
      }
    ],
    "authorContributionMap": {
      "tototto": 17,
      "-": 1
    }
  },
  {
    "path": "src/main/java/duke/task/Event.java",
    "fileType": "java",
    "lines": [
      {
        "lineNumber": 1,
        "author": {
          "gitId": "-"
        },
        "content": "package duke.task;"
      },
      {
        "lineNumber": 2,
        "author": {
          "gitId": "-"
        },
        "content": ""
      },
      {
        "lineNumber": 3,
        "author": {
          "gitId": "tototto"
        },
        "content": "public class Event extends Task{"
      },
      {
        "lineNumber": 4,
        "author": {
          "gitId": "tototto"
        },
        "content": ""
      },
      {
        "lineNumber": 5,
        "author": {
          "gitId": "tototto"
        },
        "content": "    public Event(String description, String at, String timePeriod) {"
      },
      {
        "lineNumber": 6,
        "author": {
          "gitId": "tototto"
        },
        "content": "        super(description);"
      },
      {
        "lineNumber": 7,
        "author": {
          "gitId": "tototto"
        },
        "content": "        this.at \u003d at;"
      },
      {
        "lineNumber": 8,
        "author": {
          "gitId": "tototto"
        },
        "content": "        this.timePeriod \u003d timePeriod;"
      },
      {
        "lineNumber": 9,
        "author": {
          "gitId": "tototto"
        },
        "content": "    }"
      },
      {
        "lineNumber": 10,
        "author": {
          "gitId": "tototto"
        },
        "content": ""
      },
      {
        "lineNumber": 11,
        "author": {
          "gitId": "tototto"
        },
        "content": "    protected String at;"
      },
      {
        "lineNumber": 12,
        "author": {
          "gitId": "tototto"
        },
        "content": "    protected String timePeriod;"
      },
      {
        "lineNumber": 13,
        "author": {
          "gitId": "tototto"
        },
        "content": ""
      },
      {
        "lineNumber": 14,
        "author": {
          "gitId": "tototto"
        },
        "content": "    @Override"
      },
      {
        "lineNumber": 15,
        "author": {
          "gitId": "tototto"
        },
        "content": "    public String toString() {"
      },
      {
        "lineNumber": 16,
        "author": {
          "gitId": "tototto"
        },
        "content": "        return \"[E]\" + super.toString() + \"(at: \" + at + \" \" + timePeriod +\")\";"
      },
      {
        "lineNumber": 17,
        "author": {
          "gitId": "tototto"
        },
        "content": "    }"
      },
      {
        "lineNumber": 18,
        "author": {
          "gitId": "tototto"
        },
        "content": "}"
      }
    ],
    "authorContributionMap": {
      "tototto": 16,
      "-": 2
    }
  },
  {
    "path": "src/main/java/duke/task/Task.java",
    "fileType": "java",
    "lines": [
      {
        "lineNumber": 1,
        "author": {
          "gitId": "-"
        },
        "content": "package duke.task;"
      },
      {
        "lineNumber": 2,
        "author": {
          "gitId": "-"
        },
        "content": ""
      },
      {
        "lineNumber": 3,
        "author": {
          "gitId": "-"
        },
        "content": "public abstract class Task {"
      },
      {
        "lineNumber": 4,
        "author": {
          "gitId": "tototto"
        },
        "content": "    protected String description;"
      },
      {
        "lineNumber": 5,
        "author": {
          "gitId": "tototto"
        },
        "content": "    protected boolean isDone;"
      },
      {
        "lineNumber": 6,
        "author": {
          "gitId": "tototto"
        },
        "content": ""
      },
      {
        "lineNumber": 7,
        "author": {
          "gitId": "tototto"
        },
        "content": "    public Task(String description) {"
      },
      {
        "lineNumber": 8,
        "author": {
          "gitId": "tototto"
        },
        "content": "        this.description \u003d description;"
      },
      {
        "lineNumber": 9,
        "author": {
          "gitId": "tototto"
        },
        "content": "        this.isDone \u003d false;"
      },
      {
        "lineNumber": 10,
        "author": {
          "gitId": "tototto"
        },
        "content": "    }"
      },
      {
        "lineNumber": 11,
        "author": {
          "gitId": "tototto"
        },
        "content": ""
      },
      {
        "lineNumber": 12,
        "author": {
          "gitId": "tototto"
        },
        "content": "    public String getStatusIcon() {"
      },
      {
        "lineNumber": 13,
        "author": {
          "gitId": "tototto"
        },
        "content": "        return (isDone ? \"\\u2713\" : \"\\u2718\"); //return tick or X symbols"
      },
      {
        "lineNumber": 14,
        "author": {
          "gitId": "tototto"
        },
        "content": "    }"
      },
      {
        "lineNumber": 15,
        "author": {
          "gitId": "tototto"
        },
        "content": ""
      },
      {
        "lineNumber": 16,
        "author": {
          "gitId": "tototto"
        },
        "content": "    public String getTaskDescription() {"
      },
      {
        "lineNumber": 17,
        "author": {
          "gitId": "tototto"
        },
        "content": "        return description;"
      },
      {
        "lineNumber": 18,
        "author": {
          "gitId": "tototto"
        },
        "content": "    }"
      },
      {
        "lineNumber": 19,
        "author": {
          "gitId": "tototto"
        },
        "content": ""
      },
      {
        "lineNumber": 20,
        "author": {
          "gitId": "tototto"
        },
        "content": "    public void markAsDone(){"
      },
      {
        "lineNumber": 21,
        "author": {
          "gitId": "tototto"
        },
        "content": "        isDone \u003d !isDone;"
      },
      {
        "lineNumber": 22,
        "author": {
          "gitId": "tototto"
        },
        "content": "    }"
      },
      {
        "lineNumber": 23,
        "author": {
          "gitId": "tototto"
        },
        "content": ""
      },
      {
        "lineNumber": 24,
        "author": {
          "gitId": "tototto"
        },
        "content": "    @Override"
      },
      {
        "lineNumber": 25,
        "author": {
          "gitId": "tototto"
        },
        "content": "    public String toString() {"
      },
      {
        "lineNumber": 26,
        "author": {
          "gitId": "tototto"
        },
        "content": "        return  \"[\" + getStatusIcon() + \"]\" + \"\" + getTaskDescription();"
      },
      {
        "lineNumber": 27,
        "author": {
          "gitId": "tototto"
        },
        "content": "    }"
      },
      {
        "lineNumber": 28,
        "author": {
          "gitId": "tototto"
        },
        "content": "}"
      }
    ],
    "authorContributionMap": {
      "tototto": 25,
      "-": 3
    }
  },
  {
    "path": "src/main/java/duke/task/Todo.java",
    "fileType": "java",
    "lines": [
      {
        "lineNumber": 1,
        "author": {
          "gitId": "-"
        },
        "content": "package duke.task;"
      },
      {
        "lineNumber": 2,
        "author": {
          "gitId": "-"
        },
        "content": ""
      },
      {
        "lineNumber": 3,
        "author": {
          "gitId": "tototto"
        },
        "content": "public class Todo extends Task {"
      },
      {
        "lineNumber": 4,
        "author": {
          "gitId": "tototto"
        },
        "content": ""
      },
      {
        "lineNumber": 5,
        "author": {
          "gitId": "tototto"
        },
        "content": "    public Todo(String description) {"
      },
      {
        "lineNumber": 6,
        "author": {
          "gitId": "tototto"
        },
        "content": "        super(description);"
      },
      {
        "lineNumber": 7,
        "author": {
          "gitId": "tototto"
        },
        "content": "    }"
      },
      {
        "lineNumber": 8,
        "author": {
          "gitId": "tototto"
        },
        "content": ""
      },
      {
        "lineNumber": 9,
        "author": {
          "gitId": "tototto"
        },
        "content": "    @Override"
      },
      {
        "lineNumber": 10,
        "author": {
          "gitId": "tototto"
        },
        "content": "    public String toString() {"
      },
      {
        "lineNumber": 11,
        "author": {
          "gitId": "tototto"
        },
        "content": "        return \"[T]\" + super.toString();"
      },
      {
        "lineNumber": 12,
        "author": {
          "gitId": "tototto"
        },
        "content": "    }"
      },
      {
        "lineNumber": 13,
        "author": {
          "gitId": "tototto"
        },
        "content": "}"
      }
    ],
    "authorContributionMap": {
      "tototto": 11,
      "-": 2
    }
  },
  {
    "path": "text-ui-test/input.txt",
    "fileType": "txt",
    "lines": [
      {
        "lineNumber": 1,
        "author": {
          "gitId": "tototto"
        },
        "content": "todo read book"
      },
      {
        "lineNumber": 2,
        "author": {
          "gitId": "tototto"
        },
        "content": "deadline return book /by 12/12/12 6pm"
      },
      {
        "lineNumber": 3,
        "author": {
          "gitId": "tototto"
        },
        "content": "bye"
      }
    ],
    "authorContributionMap": {
      "tototto": 3
    }
  }
]
