{
  "authorDailyContributionsMap": {
    "tototto": [
      {
        "date": "2020-08-15",
        "commitResults": [
          {
            "hash": "269e3ffe4ae035b374341db4a231ec52463db94b",
            "messageTitle": "Level 1 to 3",
            "messageBody": "",
            "tags": [
              "Level-4"
            ],
            "fileTypesAndContributionMap": {
              "java": {
                "insertions": 258,
                "deletions": 6
              }
            }
          }
        ]
      },
      {
        "date": "2020-08-22",
        "commitResults": [
          {
            "hash": "0f099801419b7fddb94c5814358e59f16f85029d",
            "messageTitle": "Finished Level 4",
            "messageBody": "",
            "tags": [
              "Level-3",
              "Level-2",
              "Level-1",
              "Level-0"
            ],
            "fileTypesAndContributionMap": {
              "java": {
                "insertions": 199,
                "deletions": 47
              },
              "sh": {
                "insertions": 34,
                "deletions": 0
              }
            }
          }
        ]
      },
      {
        "date": "2020-08-28",
        "commitResults": [
          {
            "hash": "d20f84a590cc884b48620b5db49cf9838beaddf0",
            "messageTitle": "A-TextUiTesting",
            "messageBody": "",
            "tags": [
              "A-TextUiTesting"
            ],
            "fileTypesAndContributionMap": {
              "txt": {
                "insertions": 3,
                "deletions": 0
              },
              "java": {
                "insertions": 4,
                "deletions": 2
              },
              "sh": {
                "insertions": 1,
                "deletions": 1
              }
            }
          },
          {
            "hash": "eeb75babfd1c3b6a042381c1fc1ce7733c55b00a",
            "messageTitle": "A-CodingStandard",
            "messageBody": "",
            "tags": [
              "A-CodingStandard"
            ],
            "fileTypesAndContributionMap": {
              "java": {
                "insertions": 13,
                "deletions": 17
              }
            }
          }
        ]
      },
      {
        "date": "2020-08-29",
        "commitResults": [
          {
            "hash": "5d75ff9621104f44a08a3b3ed065ef8063df4c2c",
            "messageTitle": "branch-Level-5",
            "messageBody": "",
            "tags": [
              "branch-Level-5"
            ],
            "fileTypesAndContributionMap": {
              "java": {
                "insertions": 113,
                "deletions": 30
              }
            }
          }
        ]
      },
      {
        "date": "2020-09-18",
        "commitResults": [
          {
            "hash": "ef20fc2ed78bef3087f2c55594462e7019d0805b",
            "messageTitle": "Created User Guide",
            "messageBody": "",
            "fileTypesAndContributionMap": {
              "md": {
                "insertions": 71,
                "deletions": 8
              }
            }
          },
          {
            "hash": "999160303143e56254f25ce7fa4d84696b5eb1aa",
            "messageTitle": "Changed format",
            "messageBody": "",
            "fileTypesAndContributionMap": {
              "md": {
                "insertions": 10,
                "deletions": 10
              }
            }
          },
          {
            "hash": "bd7293b4ab007a87784499a7b1f01795e300f159",
            "messageTitle": "Update README.md",
            "messageBody": "",
            "fileTypesAndContributionMap": {
              "md": {
                "insertions": 16,
                "deletions": 16
              }
            }
          }
        ]
      },
      {
        "date": "2020-09-19",
        "commitResults": [
          {
            "hash": "0bea9410be91dfb01ee34c2c88d632275226f07c",
            "messageTitle": "Update README.md",
            "messageBody": "",
            "fileTypesAndContributionMap": {
              "md": {
                "insertions": 8,
                "deletions": 0
              }
            }
          }
        ]
      }
    ]
  },
  "authorFileTypeContributionMap": {
    "tototto": {
      "java": 412,
      "md": 77,
      "fxml": 0,
      "sh": 0,
      "bat": 0,
      "gradle": 0,
      "txt": 3
    }
  },
  "authorContributionVariance": {
    "tototto": 4517.1636
  },
  "authorDisplayNameMap": {
    "tototto": "TIC4001-3 TAY .. WEN"
  }
}
