{
  "authorDailyContributionsMap": {
    "tototto": [
      {
        "date": "2020-08-15",
        "commitResults": [
          {
            "hash": "269e3ffe4ae035b374341db4a231ec52463db94b",
            "messageTitle": "Level 1 to 3",
            "messageBody": "",
            "tags": [
              "Level-4"
            ],
            "fileTypesAndContributionMap": {
              "java": {
                "insertions": 258,
                "deletions": 6
              }
            }
          }
        ]
      },
      {
        "date": "2020-08-22",
        "commitResults": [
          {
            "hash": "0f099801419b7fddb94c5814358e59f16f85029d",
            "messageTitle": "Finished Level 4",
            "messageBody": "",
            "tags": [
              "Level-3",
              "Level-2",
              "Level-1",
              "Level-0"
            ],
            "fileTypesAndContributionMap": {
              "java": {
                "insertions": 199,
                "deletions": 47
              },
              "sh": {
                "insertions": 34,
                "deletions": 0
              }
            }
          }
        ]
      },
      {
        "date": "2020-08-28",
        "commitResults": [
          {
            "hash": "d20f84a590cc884b48620b5db49cf9838beaddf0",
            "messageTitle": "A-TextUiTesting",
            "messageBody": "",
            "tags": [
              "A-TextUiTesting"
            ],
            "fileTypesAndContributionMap": {
              "txt": {
                "insertions": 3,
                "deletions": 0
              },
              "java": {
                "insertions": 4,
                "deletions": 2
              },
              "sh": {
                "insertions": 1,
                "deletions": 1
              }
            }
          },
          {
            "hash": "eeb75babfd1c3b6a042381c1fc1ce7733c55b00a",
            "messageTitle": "A-CodingStandard",
            "messageBody": "",
            "tags": [
              "A-CodingStandard"
            ],
            "fileTypesAndContributionMap": {
              "java": {
                "insertions": 13,
                "deletions": 17
              }
            }
          }
        ]
      }
    ]
  },
  "authorFileTypeContributionMap": {
    "tototto": {
      "java": 408,
      "md": 0,
      "fxml": 0,
      "sh": 35,
      "bat": 0,
      "gradle": 0,
      "txt": 3
    }
  },
  "authorContributionVariance": {
    "tototto": 8464.134
  },
  "authorDisplayNameMap": {
    "tototto": "TAY .. WEN"
  }
}
