[
  {
    "path": "src/main/java/Deadline.java",
    "fileType": "java",
    "lines": [
      {
        "lineNumber": 1,
        "author": {
          "gitId": "linqing42"
        },
        "content": "public class Deadline extends Task  {"
      },
      {
        "lineNumber": 2,
        "author": {
          "gitId": "linqing42"
        },
        "content": "    protected String by;"
      },
      {
        "lineNumber": 3,
        "author": {
          "gitId": "linqing42"
        },
        "content": ""
      },
      {
        "lineNumber": 4,
        "author": {
          "gitId": "linqing42"
        },
        "content": "    public Deadline(String description, String by) {"
      },
      {
        "lineNumber": 5,
        "author": {
          "gitId": "linqing42"
        },
        "content": "        super(description);"
      },
      {
        "lineNumber": 6,
        "author": {
          "gitId": "linqing42"
        },
        "content": "        this.by \u003d by;"
      },
      {
        "lineNumber": 7,
        "author": {
          "gitId": "linqing42"
        },
        "content": "    }"
      },
      {
        "lineNumber": 8,
        "author": {
          "gitId": "linqing42"
        },
        "content": ""
      },
      {
        "lineNumber": 9,
        "author": {
          "gitId": "linqing42"
        },
        "content": "    @Override"
      },
      {
        "lineNumber": 10,
        "author": {
          "gitId": "linqing42"
        },
        "content": "    public String toString() {"
      },
      {
        "lineNumber": 11,
        "author": {
          "gitId": "linqing42"
        },
        "content": "        return \"[D]\" + super.toString() + \"(by:\" + by + \")\";"
      },
      {
        "lineNumber": 12,
        "author": {
          "gitId": "linqing42"
        },
        "content": "    }"
      },
      {
        "lineNumber": 13,
        "author": {
          "gitId": "linqing42"
        },
        "content": "}"
      }
    ],
    "authorContributionMap": {
      "linqing42": 13
    }
  },
  {
    "path": "src/main/java/Duke.java",
    "fileType": "java",
    "lines": [
      {
        "lineNumber": 1,
        "author": {
          "gitId": "linqing42"
        },
        "content": "import java.util.Scanner;"
      },
      {
        "lineNumber": 2,
        "author": {
          "gitId": "linqing42"
        },
        "content": "import java.util.ArrayList;"
      },
      {
        "lineNumber": 3,
        "author": {
          "gitId": "linqing42"
        },
        "content": ""
      },
      {
        "lineNumber": 4,
        "author": {
          "gitId": "-"
        },
        "content": "public class Duke {"
      },
      {
        "lineNumber": 5,
        "author": {
          "gitId": "linqing42"
        },
        "content": "    private static ArrayList\u003cTask\u003e tasks \u003d new ArrayList\u003c\u003e(100);"
      },
      {
        "lineNumber": 6,
        "author": {
          "gitId": "linqing42"
        },
        "content": ""
      },
      {
        "lineNumber": 7,
        "author": {
          "gitId": "-"
        },
        "content": "    public static void main(String[] args) {"
      },
      {
        "lineNumber": 8,
        "author": {
          "gitId": "-"
        },
        "content": "        String logo \u003d \" ____        _        \\n\""
      },
      {
        "lineNumber": 9,
        "author": {
          "gitId": "-"
        },
        "content": "                + \"|  _ \\\\ _   _| | _____ \\n\""
      },
      {
        "lineNumber": 10,
        "author": {
          "gitId": "-"
        },
        "content": "                + \"| | | | | | | |/ / _ \\\\\\n\""
      },
      {
        "lineNumber": 11,
        "author": {
          "gitId": "-"
        },
        "content": "                + \"| |_| | |_| |   \u003c  __/\\n\""
      },
      {
        "lineNumber": 12,
        "author": {
          "gitId": "-"
        },
        "content": "                + \"|____/ \\\\__,_|_|\\\\_\\\\___|\\n\";"
      },
      {
        "lineNumber": 13,
        "author": {
          "gitId": "-"
        },
        "content": "        System.out.println(\"Hello from\\n\" + logo);"
      },
      {
        "lineNumber": 14,
        "author": {
          "gitId": "linqing42"
        },
        "content": "        printWelcome();"
      },
      {
        "lineNumber": 15,
        "author": {
          "gitId": "linqing42"
        },
        "content": ""
      },
      {
        "lineNumber": 16,
        "author": {
          "gitId": "linqing42"
        },
        "content": "    //Declare the object and initialize with"
      },
      {
        "lineNumber": 17,
        "author": {
          "gitId": "linqing42"
        },
        "content": "    //predefined standard input object"
      },
      {
        "lineNumber": 18,
        "author": {
          "gitId": "linqing42"
        },
        "content": "        Scanner in \u003d new Scanner(System.in);"
      },
      {
        "lineNumber": 19,
        "author": {
          "gitId": "linqing42"
        },
        "content": "        //String input"
      },
      {
        "lineNumber": 20,
        "author": {
          "gitId": "linqing42"
        },
        "content": "        String input \u003d in.nextLine();"
      },
      {
        "lineNumber": 21,
        "author": {
          "gitId": "linqing42"
        },
        "content": ""
      },
      {
        "lineNumber": 22,
        "author": {
          "gitId": "linqing42"
        },
        "content": "        while (!input.isEmpty()) {"
      },
      {
        "lineNumber": 23,
        "author": {
          "gitId": "linqing42"
        },
        "content": "            if (input.equals(\"bye\")) {"
      },
      {
        "lineNumber": 24,
        "author": {
          "gitId": "linqing42"
        },
        "content": "                break;"
      },
      {
        "lineNumber": 25,
        "author": {
          "gitId": "linqing42"
        },
        "content": "            } else if (input.equals(\"list\")) {"
      },
      {
        "lineNumber": 26,
        "author": {
          "gitId": "linqing42"
        },
        "content": "                System.out.println(\"    ___________________________________________________________________\\n\""
      },
      {
        "lineNumber": 27,
        "author": {
          "gitId": "linqing42"
        },
        "content": "                        + \"     Here are the tasks in your list:\");"
      },
      {
        "lineNumber": 28,
        "author": {
          "gitId": "linqing42"
        },
        "content": "                for (int i \u003d 0; i \u003c tasks.size(); i++) {"
      },
      {
        "lineNumber": 29,
        "author": {
          "gitId": "linqing42"
        },
        "content": "                    System.out.println(\"    \" + (i + 1) + \".\" + tasks.get(i));"
      },
      {
        "lineNumber": 30,
        "author": {
          "gitId": "linqing42"
        },
        "content": "                }"
      },
      {
        "lineNumber": 31,
        "author": {
          "gitId": "linqing42"
        },
        "content": ""
      },
      {
        "lineNumber": 32,
        "author": {
          "gitId": "linqing42"
        },
        "content": "            } else if (input.startsWith(\"done\")) {"
      },
      {
        "lineNumber": 33,
        "author": {
          "gitId": "linqing42"
        },
        "content": "                String listActionIndex \u003d (input.split(\" \"))[1];"
      },
      {
        "lineNumber": 34,
        "author": {
          "gitId": "linqing42"
        },
        "content": "                int arrayIndex \u003d Integer.parseInt(listActionIndex) - 1;"
      },
      {
        "lineNumber": 35,
        "author": {
          "gitId": "linqing42"
        },
        "content": "                markAsDone(arrayIndex);"
      },
      {
        "lineNumber": 36,
        "author": {
          "gitId": "linqing42"
        },
        "content": "            } else if (input.startsWith(\"todo\")){"
      },
      {
        "lineNumber": 37,
        "author": {
          "gitId": "linqing42"
        },
        "content": "                 Task todo \u003d new ToDo(input.substring(5));"
      },
      {
        "lineNumber": 38,
        "author": {
          "gitId": "linqing42"
        },
        "content": "                 tasks.add(todo);"
      },
      {
        "lineNumber": 39,
        "author": {
          "gitId": "linqing42"
        },
        "content": "                 System.out.println(\"Got it, I\u0027ve added the following task:\\n\" + \"  \" + todo + \"\\n\""
      },
      {
        "lineNumber": 40,
        "author": {
          "gitId": "linqing42"
        },
        "content": "                            + \"Now you have \" + tasks.size() + \" tasks in the list.\\n\""
      },
      {
        "lineNumber": 41,
        "author": {
          "gitId": "linqing42"
        },
        "content": "                 +\"___________________________________________________________________\\n\");"
      },
      {
        "lineNumber": 42,
        "author": {
          "gitId": "linqing42"
        },
        "content": ""
      },
      {
        "lineNumber": 43,
        "author": {
          "gitId": "linqing42"
        },
        "content": "                } else if(input.startsWith(\"deadline\")){"
      },
      {
        "lineNumber": 44,
        "author": {
          "gitId": "linqing42"
        },
        "content": "                String[] splitDetail \u003d input.split(\"/by\" );"
      },
      {
        "lineNumber": 45,
        "author": {
          "gitId": "linqing42"
        },
        "content": "                String task \u003d splitDetail[0];"
      },
      {
        "lineNumber": 46,
        "author": {
          "gitId": "linqing42"
        },
        "content": "                String date \u003d splitDetail[1];"
      },
      {
        "lineNumber": 47,
        "author": {
          "gitId": "linqing42"
        },
        "content": "                Task detail \u003d new Deadline (task, date);"
      },
      {
        "lineNumber": 48,
        "author": {
          "gitId": "linqing42"
        },
        "content": "                tasks.add(detail);"
      },
      {
        "lineNumber": 49,
        "author": {
          "gitId": "linqing42"
        },
        "content": "                System.out.println(\"Got it. I\u0027ve added this task:\\n\""
      },
      {
        "lineNumber": 50,
        "author": {
          "gitId": "linqing42"
        },
        "content": "                        + \"  \""
      },
      {
        "lineNumber": 51,
        "author": {
          "gitId": "linqing42"
        },
        "content": "                        + detail"
      },
      {
        "lineNumber": 52,
        "author": {
          "gitId": "linqing42"
        },
        "content": "                        + \"\\n\""
      },
      {
        "lineNumber": 53,
        "author": {
          "gitId": "linqing42"
        },
        "content": "                        + \"Now you have \" + tasks.size() +\" tasks in the list.\\n\"+\"___________________________________________________________________\\n\");"
      },
      {
        "lineNumber": 54,
        "author": {
          "gitId": "linqing42"
        },
        "content": ""
      },
      {
        "lineNumber": 55,
        "author": {
          "gitId": "linqing42"
        },
        "content": "            } else if(input.startsWith(\"event\")){"
      },
      {
        "lineNumber": 56,
        "author": {
          "gitId": "linqing42"
        },
        "content": "                String[] splitEvent \u003d input.split(\"/at\" );"
      },
      {
        "lineNumber": 57,
        "author": {
          "gitId": "linqing42"
        },
        "content": "                String event \u003d splitEvent[0];"
      },
      {
        "lineNumber": 58,
        "author": {
          "gitId": "linqing42"
        },
        "content": "                String time \u003d splitEvent[1];"
      },
      {
        "lineNumber": 59,
        "author": {
          "gitId": "linqing42"
        },
        "content": "                Task details \u003d new Event(event, time);"
      },
      {
        "lineNumber": 60,
        "author": {
          "gitId": "linqing42"
        },
        "content": "                tasks.add(details);"
      },
      {
        "lineNumber": 61,
        "author": {
          "gitId": "linqing42"
        },
        "content": "                System.out.println(\"Got it. I\u0027ve added this task:\\n\""
      },
      {
        "lineNumber": 62,
        "author": {
          "gitId": "linqing42"
        },
        "content": "                        + \"  \""
      },
      {
        "lineNumber": 63,
        "author": {
          "gitId": "linqing42"
        },
        "content": "                        + details"
      },
      {
        "lineNumber": 64,
        "author": {
          "gitId": "linqing42"
        },
        "content": "                        + \"\\n\""
      },
      {
        "lineNumber": 65,
        "author": {
          "gitId": "linqing42"
        },
        "content": "                        + \"Now you have \" + tasks.size() +\" tasks in the list.\\n\""
      },
      {
        "lineNumber": 66,
        "author": {
          "gitId": "linqing42"
        },
        "content": "                        +\"___________________________________________________________________\\n\");"
      },
      {
        "lineNumber": 67,
        "author": {
          "gitId": "linqing42"
        },
        "content": ""
      },
      {
        "lineNumber": 68,
        "author": {
          "gitId": "linqing42"
        },
        "content": "            }"
      },
      {
        "lineNumber": 69,
        "author": {
          "gitId": "linqing42"
        },
        "content": ""
      },
      {
        "lineNumber": 70,
        "author": {
          "gitId": "linqing42"
        },
        "content": "            input \u003d in.nextLine();"
      },
      {
        "lineNumber": 71,
        "author": {
          "gitId": "linqing42"
        },
        "content": ""
      },
      {
        "lineNumber": 72,
        "author": {
          "gitId": "linqing42"
        },
        "content": "        }"
      },
      {
        "lineNumber": 73,
        "author": {
          "gitId": "linqing42"
        },
        "content": "        showExit();"
      },
      {
        "lineNumber": 74,
        "author": {
          "gitId": "-"
        },
        "content": "    }"
      },
      {
        "lineNumber": 75,
        "author": {
          "gitId": "linqing42"
        },
        "content": ""
      },
      {
        "lineNumber": 76,
        "author": {
          "gitId": "linqing42"
        },
        "content": "    public static void printWelcome() {"
      },
      {
        "lineNumber": 77,
        "author": {
          "gitId": "linqing42"
        },
        "content": "        System.out.println(\"Hello! I\u0027m Duke\\nWhat can I do for you?\\n\");"
      },
      {
        "lineNumber": 78,
        "author": {
          "gitId": "linqing42"
        },
        "content": "    }"
      },
      {
        "lineNumber": 79,
        "author": {
          "gitId": "linqing42"
        },
        "content": ""
      },
      {
        "lineNumber": 80,
        "author": {
          "gitId": "linqing42"
        },
        "content": "    public static void showExit() {"
      },
      {
        "lineNumber": 81,
        "author": {
          "gitId": "linqing42"
        },
        "content": "        System.out.println(\"   Bye. Hope to see you again soon!\");"
      },
      {
        "lineNumber": 82,
        "author": {
          "gitId": "-"
        },
        "content": "    }"
      },
      {
        "lineNumber": 83,
        "author": {
          "gitId": "linqing42"
        },
        "content": ""
      },
      {
        "lineNumber": 84,
        "author": {
          "gitId": "linqing42"
        },
        "content": "    public static void markAsDone(int arrayIndex) {"
      },
      {
        "lineNumber": 85,
        "author": {
          "gitId": "linqing42"
        },
        "content": "        Task task \u003d tasks.get(arrayIndex);"
      },
      {
        "lineNumber": 86,
        "author": {
          "gitId": "linqing42"
        },
        "content": "        task.setDone();"
      },
      {
        "lineNumber": 87,
        "author": {
          "gitId": "linqing42"
        },
        "content": "        System.out.println(\"     Nice! I\u0027ve marked this task as done:\\n\""
      },
      {
        "lineNumber": 88,
        "author": {
          "gitId": "linqing42"
        },
        "content": "                + task + \"\\n\""
      },
      {
        "lineNumber": 89,
        "author": {
          "gitId": "linqing42"
        },
        "content": "                + \"___________________________________________________________________\\n\");"
      },
      {
        "lineNumber": 90,
        "author": {
          "gitId": "-"
        },
        "content": "    }"
      },
      {
        "lineNumber": 91,
        "author": {
          "gitId": "linqing42"
        },
        "content": ""
      },
      {
        "lineNumber": 92,
        "author": {
          "gitId": "-"
        },
        "content": "}"
      },
      {
        "lineNumber": 93,
        "author": {
          "gitId": "linqing42"
        },
        "content": ""
      }
    ],
    "authorContributionMap": {
      "linqing42": 81,
      "-": 12
    }
  },
  {
    "path": "src/main/java/Event.java",
    "fileType": "java",
    "lines": [
      {
        "lineNumber": 1,
        "author": {
          "gitId": "linqing42"
        },
        "content": "public class Event extends Task{"
      },
      {
        "lineNumber": 2,
        "author": {
          "gitId": "linqing42"
        },
        "content": "    protected String at;"
      },
      {
        "lineNumber": 3,
        "author": {
          "gitId": "linqing42"
        },
        "content": ""
      },
      {
        "lineNumber": 4,
        "author": {
          "gitId": "linqing42"
        },
        "content": "    public Event(String description, String at) {"
      },
      {
        "lineNumber": 5,
        "author": {
          "gitId": "linqing42"
        },
        "content": "        super(description);"
      },
      {
        "lineNumber": 6,
        "author": {
          "gitId": "linqing42"
        },
        "content": "        this.at \u003d at;"
      },
      {
        "lineNumber": 7,
        "author": {
          "gitId": "linqing42"
        },
        "content": "    }"
      },
      {
        "lineNumber": 8,
        "author": {
          "gitId": "linqing42"
        },
        "content": ""
      },
      {
        "lineNumber": 9,
        "author": {
          "gitId": "linqing42"
        },
        "content": "    @Override"
      },
      {
        "lineNumber": 10,
        "author": {
          "gitId": "linqing42"
        },
        "content": "    public String toString() {"
      },
      {
        "lineNumber": 11,
        "author": {
          "gitId": "linqing42"
        },
        "content": "        return \"[E]\" + super.toString() + \"(at:\" + at + \")\";"
      },
      {
        "lineNumber": 12,
        "author": {
          "gitId": "linqing42"
        },
        "content": "    }"
      },
      {
        "lineNumber": 13,
        "author": {
          "gitId": "linqing42"
        },
        "content": "}"
      },
      {
        "lineNumber": 14,
        "author": {
          "gitId": "linqing42"
        },
        "content": ""
      }
    ],
    "authorContributionMap": {
      "linqing42": 14
    }
  },
  {
    "path": "src/main/java/Task.java",
    "fileType": "java",
    "lines": [
      {
        "lineNumber": 1,
        "author": {
          "gitId": "linqing42"
        },
        "content": "import java.util.ArrayList;"
      },
      {
        "lineNumber": 2,
        "author": {
          "gitId": "linqing42"
        },
        "content": ""
      },
      {
        "lineNumber": 3,
        "author": {
          "gitId": "linqing42"
        },
        "content": "public class Task {"
      },
      {
        "lineNumber": 4,
        "author": {
          "gitId": "linqing42"
        },
        "content": "    protected String description;"
      },
      {
        "lineNumber": 5,
        "author": {
          "gitId": "linqing42"
        },
        "content": "    protected boolean isDone;"
      },
      {
        "lineNumber": 6,
        "author": {
          "gitId": "linqing42"
        },
        "content": ""
      },
      {
        "lineNumber": 7,
        "author": {
          "gitId": "linqing42"
        },
        "content": "    public Task(String description) {"
      },
      {
        "lineNumber": 8,
        "author": {
          "gitId": "linqing42"
        },
        "content": "        this.description \u003d description;"
      },
      {
        "lineNumber": 9,
        "author": {
          "gitId": "linqing42"
        },
        "content": "        this.isDone \u003d false;"
      },
      {
        "lineNumber": 10,
        "author": {
          "gitId": "linqing42"
        },
        "content": "    }"
      },
      {
        "lineNumber": 11,
        "author": {
          "gitId": "linqing42"
        },
        "content": ""
      },
      {
        "lineNumber": 12,
        "author": {
          "gitId": "linqing42"
        },
        "content": ""
      },
      {
        "lineNumber": 13,
        "author": {
          "gitId": "linqing42"
        },
        "content": "    public String getStatusIcon() {"
      },
      {
        "lineNumber": 14,
        "author": {
          "gitId": "linqing42"
        },
        "content": "        return (isDone ? \"\\u2713\" : \"\\u2718\"); //return tick or X symbols"
      },
      {
        "lineNumber": 15,
        "author": {
          "gitId": "linqing42"
        },
        "content": "    }"
      },
      {
        "lineNumber": 16,
        "author": {
          "gitId": "linqing42"
        },
        "content": "    public void setDone(){"
      },
      {
        "lineNumber": 17,
        "author": {
          "gitId": "linqing42"
        },
        "content": "        this.isDone \u003d true;"
      },
      {
        "lineNumber": 18,
        "author": {
          "gitId": "linqing42"
        },
        "content": "    }"
      },
      {
        "lineNumber": 19,
        "author": {
          "gitId": "linqing42"
        },
        "content": ""
      },
      {
        "lineNumber": 20,
        "author": {
          "gitId": "linqing42"
        },
        "content": ""
      },
      {
        "lineNumber": 21,
        "author": {
          "gitId": "linqing42"
        },
        "content": ""
      },
      {
        "lineNumber": 22,
        "author": {
          "gitId": "linqing42"
        },
        "content": "    @Override"
      },
      {
        "lineNumber": 23,
        "author": {
          "gitId": "linqing42"
        },
        "content": "    public String toString() {"
      },
      {
        "lineNumber": 24,
        "author": {
          "gitId": "linqing42"
        },
        "content": "        return \"[\" + getStatusIcon() + \"] \" + description;"
      },
      {
        "lineNumber": 25,
        "author": {
          "gitId": "linqing42"
        },
        "content": "    }"
      },
      {
        "lineNumber": 26,
        "author": {
          "gitId": "linqing42"
        },
        "content": ""
      },
      {
        "lineNumber": 27,
        "author": {
          "gitId": "linqing42"
        },
        "content": "}"
      },
      {
        "lineNumber": 28,
        "author": {
          "gitId": "linqing42"
        },
        "content": ""
      }
    ],
    "authorContributionMap": {
      "linqing42": 28
    }
  },
  {
    "path": "src/main/java/ToDo.java",
    "fileType": "java",
    "lines": [
      {
        "lineNumber": 1,
        "author": {
          "gitId": "linqing42"
        },
        "content": "public class ToDo extends Task{"
      },
      {
        "lineNumber": 2,
        "author": {
          "gitId": "linqing42"
        },
        "content": ""
      },
      {
        "lineNumber": 3,
        "author": {
          "gitId": "linqing42"
        },
        "content": "    public ToDo(String description){"
      },
      {
        "lineNumber": 4,
        "author": {
          "gitId": "linqing42"
        },
        "content": "        super(description);"
      },
      {
        "lineNumber": 5,
        "author": {
          "gitId": "linqing42"
        },
        "content": "    }"
      },
      {
        "lineNumber": 6,
        "author": {
          "gitId": "linqing42"
        },
        "content": ""
      },
      {
        "lineNumber": 7,
        "author": {
          "gitId": "linqing42"
        },
        "content": ""
      },
      {
        "lineNumber": 8,
        "author": {
          "gitId": "linqing42"
        },
        "content": "    @Override"
      },
      {
        "lineNumber": 9,
        "author": {
          "gitId": "linqing42"
        },
        "content": "    public String toString() {"
      },
      {
        "lineNumber": 10,
        "author": {
          "gitId": "linqing42"
        },
        "content": "    return \"[T]\" + super.toString();"
      },
      {
        "lineNumber": 11,
        "author": {
          "gitId": "linqing42"
        },
        "content": "    }"
      },
      {
        "lineNumber": 12,
        "author": {
          "gitId": "linqing42"
        },
        "content": "}"
      }
    ],
    "authorContributionMap": {
      "linqing42": 12
    }
  },
  {
    "path": "text-ui-test/EXPECTED.TXT",
    "fileType": "TXT",
    "lines": [
      {
        "lineNumber": 1,
        "author": {
          "gitId": "-"
        },
        "content": "Hello from"
      },
      {
        "lineNumber": 2,
        "author": {
          "gitId": "-"
        },
        "content": " ____        _        "
      },
      {
        "lineNumber": 3,
        "author": {
          "gitId": "-"
        },
        "content": "|  _ \\ _   _| | _____ "
      },
      {
        "lineNumber": 4,
        "author": {
          "gitId": "-"
        },
        "content": "| | | | | | | |/ / _ \\"
      },
      {
        "lineNumber": 5,
        "author": {
          "gitId": "-"
        },
        "content": "| |_| | |_| |   \u003c  __/"
      },
      {
        "lineNumber": 6,
        "author": {
          "gitId": "-"
        },
        "content": "|____/ \\__,_|_|\\_\\___|"
      },
      {
        "lineNumber": 7,
        "author": {
          "gitId": "-"
        },
        "content": ""
      },
      {
        "lineNumber": 8,
        "author": {
          "gitId": "linqing42"
        },
        "content": "Hello! I\u0027m Duke"
      },
      {
        "lineNumber": 9,
        "author": {
          "gitId": "linqing42"
        },
        "content": "What can I do for you?"
      },
      {
        "lineNumber": 10,
        "author": {
          "gitId": "linqing42"
        },
        "content": ""
      },
      {
        "lineNumber": 11,
        "author": {
          "gitId": "linqing42"
        },
        "content": "Got it, I\u0027ve added the following task:"
      },
      {
        "lineNumber": 12,
        "author": {
          "gitId": "linqing42"
        },
        "content": "  [T][?] borrow book"
      },
      {
        "lineNumber": 13,
        "author": {
          "gitId": "linqing42"
        },
        "content": "Now you have 1 tasks in the list."
      },
      {
        "lineNumber": 14,
        "author": {
          "gitId": "linqing42"
        },
        "content": "___________________________________________________________________"
      },
      {
        "lineNumber": 15,
        "author": {
          "gitId": "linqing42"
        },
        "content": ""
      },
      {
        "lineNumber": 16,
        "author": {
          "gitId": "linqing42"
        },
        "content": "Got it. I\u0027ve added this task:"
      },
      {
        "lineNumber": 17,
        "author": {
          "gitId": "linqing42"
        },
        "content": "  [D][?] deadline return book (by: Sunday)"
      },
      {
        "lineNumber": 18,
        "author": {
          "gitId": "linqing42"
        },
        "content": "Now you have 2 tasks in the list."
      },
      {
        "lineNumber": 19,
        "author": {
          "gitId": "linqing42"
        },
        "content": "___________________________________________________________________"
      },
      {
        "lineNumber": 20,
        "author": {
          "gitId": "linqing42"
        },
        "content": ""
      },
      {
        "lineNumber": 21,
        "author": {
          "gitId": "linqing42"
        },
        "content": "Got it. I\u0027ve added this task:"
      },
      {
        "lineNumber": 22,
        "author": {
          "gitId": "linqing42"
        },
        "content": "  [E][?] event project meeting (at: Mon 2-4pm)"
      },
      {
        "lineNumber": 23,
        "author": {
          "gitId": "linqing42"
        },
        "content": "Now you have 3 tasks in the list."
      },
      {
        "lineNumber": 24,
        "author": {
          "gitId": "linqing42"
        },
        "content": "___________________________________________________________________"
      },
      {
        "lineNumber": 25,
        "author": {
          "gitId": "linqing42"
        },
        "content": ""
      },
      {
        "lineNumber": 26,
        "author": {
          "gitId": "linqing42"
        },
        "content": "     Nice! I\u0027ve marked this task as done:"
      },
      {
        "lineNumber": 27,
        "author": {
          "gitId": "linqing42"
        },
        "content": "[D][?] deadline return book (by: Sunday)"
      },
      {
        "lineNumber": 28,
        "author": {
          "gitId": "linqing42"
        },
        "content": "___________________________________________________________________"
      },
      {
        "lineNumber": 29,
        "author": {
          "gitId": "linqing42"
        },
        "content": ""
      },
      {
        "lineNumber": 30,
        "author": {
          "gitId": "linqing42"
        },
        "content": "    ___________________________________________________________________"
      },
      {
        "lineNumber": 31,
        "author": {
          "gitId": "linqing42"
        },
        "content": "     Here are the tasks in your list:"
      },
      {
        "lineNumber": 32,
        "author": {
          "gitId": "linqing42"
        },
        "content": "    1.[T][?] borrow book"
      },
      {
        "lineNumber": 33,
        "author": {
          "gitId": "linqing42"
        },
        "content": "    2.[D][?] deadline return book (by: Sunday)"
      },
      {
        "lineNumber": 34,
        "author": {
          "gitId": "linqing42"
        },
        "content": "    3.[E][?] event project meeting (at: Mon 2-4pm)"
      },
      {
        "lineNumber": 35,
        "author": {
          "gitId": "linqing42"
        },
        "content": "   Bye. Hope to see you again soon!"
      }
    ],
    "authorContributionMap": {
      "linqing42": 28,
      "-": 7
    }
  },
  {
    "path": "text-ui-test/input.txt",
    "fileType": "txt",
    "lines": [
      {
        "lineNumber": 1,
        "author": {
          "gitId": "linqing42"
        },
        "content": "todo borrow book"
      },
      {
        "lineNumber": 2,
        "author": {
          "gitId": "linqing42"
        },
        "content": "deadline return book /by Sunday"
      },
      {
        "lineNumber": 3,
        "author": {
          "gitId": "linqing42"
        },
        "content": "event project meeting /at Mon 2-4pm"
      },
      {
        "lineNumber": 4,
        "author": {
          "gitId": "linqing42"
        },
        "content": "done 2"
      },
      {
        "lineNumber": 5,
        "author": {
          "gitId": "linqing42"
        },
        "content": "list"
      },
      {
        "lineNumber": 6,
        "author": {
          "gitId": "linqing42"
        },
        "content": "bye"
      }
    ],
    "authorContributionMap": {
      "linqing42": 6
    }
  },
  {
    "path": "text-ui-test/runtest.bat",
    "fileType": "bat",
    "lines": [
      {
        "lineNumber": 1,
        "author": {
          "gitId": "-"
        },
        "content": "@ECHO OFF"
      },
      {
        "lineNumber": 2,
        "author": {
          "gitId": "-"
        },
        "content": ""
      },
      {
        "lineNumber": 3,
        "author": {
          "gitId": "-"
        },
        "content": "REM create bin directory if it doesn\u0027t exist"
      },
      {
        "lineNumber": 4,
        "author": {
          "gitId": "-"
        },
        "content": "if not exist ..\\bin mkdir ..\\bin"
      },
      {
        "lineNumber": 5,
        "author": {
          "gitId": "-"
        },
        "content": ""
      },
      {
        "lineNumber": 6,
        "author": {
          "gitId": "-"
        },
        "content": "REM delete output from previous run"
      },
      {
        "lineNumber": 7,
        "author": {
          "gitId": "-"
        },
        "content": "del ACTUAL.TXT"
      },
      {
        "lineNumber": 8,
        "author": {
          "gitId": "-"
        },
        "content": ""
      },
      {
        "lineNumber": 9,
        "author": {
          "gitId": "-"
        },
        "content": "REM compile the code into the bin folder"
      },
      {
        "lineNumber": 10,
        "author": {
          "gitId": "linqing42"
        },
        "content": "javac  -cp ..\\src\\main\\java -Xlint:none -d ..\\bin ..\\src\\main\\java\\Duke.java"
      },
      {
        "lineNumber": 11,
        "author": {
          "gitId": "-"
        },
        "content": "IF ERRORLEVEL 1 ("
      },
      {
        "lineNumber": 12,
        "author": {
          "gitId": "-"
        },
        "content": "    echo ********** BUILD FAILURE **********"
      },
      {
        "lineNumber": 13,
        "author": {
          "gitId": "-"
        },
        "content": "    exit /b 1"
      },
      {
        "lineNumber": 14,
        "author": {
          "gitId": "-"
        },
        "content": ")"
      },
      {
        "lineNumber": 15,
        "author": {
          "gitId": "-"
        },
        "content": "REM no error here, errorlevel \u003d\u003d 0"
      },
      {
        "lineNumber": 16,
        "author": {
          "gitId": "-"
        },
        "content": ""
      },
      {
        "lineNumber": 17,
        "author": {
          "gitId": "-"
        },
        "content": "REM run the program, feed commands from input.txt file and redirect the output to the ACTUAL.TXT"
      },
      {
        "lineNumber": 18,
        "author": {
          "gitId": "-"
        },
        "content": "java -classpath ..\\bin Duke \u003c input.txt \u003e ACTUAL.TXT"
      },
      {
        "lineNumber": 19,
        "author": {
          "gitId": "-"
        },
        "content": ""
      },
      {
        "lineNumber": 20,
        "author": {
          "gitId": "-"
        },
        "content": "REM compare the output to the expected output"
      },
      {
        "lineNumber": 21,
        "author": {
          "gitId": "-"
        },
        "content": "FC ACTUAL.TXT EXPECTED.TXT"
      }
    ],
    "authorContributionMap": {
      "linqing42": 1,
      "-": 20
    }
  }
]
