[
  {
    "path": "src/main/java/Deadline.java",
    "fileType": "java",
    "lines": [
      {
        "lineNumber": 1,
        "author": {
          "gitId": "linqing42"
        },
        "content": "public class Deadline extends Task  {"
      },
      {
        "lineNumber": 2,
        "author": {
          "gitId": "linqing42"
        },
        "content": "    protected String by;"
      },
      {
        "lineNumber": 3,
        "author": {
          "gitId": "linqing42"
        },
        "content": ""
      },
      {
        "lineNumber": 4,
        "author": {
          "gitId": "linqing42"
        },
        "content": "    public Deadline(String description, String by) {"
      },
      {
        "lineNumber": 5,
        "author": {
          "gitId": "linqing42"
        },
        "content": "        super(description);"
      },
      {
        "lineNumber": 6,
        "author": {
          "gitId": "linqing42"
        },
        "content": "        this.by \u003d by;"
      },
      {
        "lineNumber": 7,
        "author": {
          "gitId": "linqing42"
        },
        "content": "    }"
      },
      {
        "lineNumber": 8,
        "author": {
          "gitId": "linqing42"
        },
        "content": ""
      },
      {
        "lineNumber": 9,
        "author": {
          "gitId": "linqing42"
        },
        "content": "    @Override"
      },
      {
        "lineNumber": 10,
        "author": {
          "gitId": "linqing42"
        },
        "content": "    public String toString() {"
      },
      {
        "lineNumber": 11,
        "author": {
          "gitId": "linqing42"
        },
        "content": "        return \"[D]\" + super.toString() + \"(by:\" + by + \")\";"
      },
      {
        "lineNumber": 12,
        "author": {
          "gitId": "linqing42"
        },
        "content": "    }"
      },
      {
        "lineNumber": 13,
        "author": {
          "gitId": "linqing42"
        },
        "content": "}"
      }
    ],
    "authorContributionMap": {
      "linqing42": 13
    }
  },
  {
    "path": "src/main/java/Duke.java",
    "fileType": "java",
    "lines": [
      {
        "lineNumber": 1,
        "author": {
          "gitId": "linqing42"
        },
        "content": "import java.util.Scanner;"
      },
      {
        "lineNumber": 2,
        "author": {
          "gitId": "linqing42"
        },
        "content": "import java.util.ArrayList;"
      },
      {
        "lineNumber": 3,
        "author": {
          "gitId": "linqing42"
        },
        "content": ""
      },
      {
        "lineNumber": 4,
        "author": {
          "gitId": "-"
        },
        "content": "public class Duke {"
      },
      {
        "lineNumber": 5,
        "author": {
          "gitId": "linqing42"
        },
        "content": "    private static ArrayList\u003cTask\u003e tasks \u003d new ArrayList\u003c\u003e(100);"
      },
      {
        "lineNumber": 6,
        "author": {
          "gitId": "linqing42"
        },
        "content": ""
      },
      {
        "lineNumber": 7,
        "author": {
          "gitId": "-"
        },
        "content": "    public static void main(String[] args) {"
      },
      {
        "lineNumber": 8,
        "author": {
          "gitId": "-"
        },
        "content": "        String logo \u003d \" ____        _        \\n\""
      },
      {
        "lineNumber": 9,
        "author": {
          "gitId": "-"
        },
        "content": "                + \"|  _ \\\\ _   _| | _____ \\n\""
      },
      {
        "lineNumber": 10,
        "author": {
          "gitId": "-"
        },
        "content": "                + \"| | | | | | | |/ / _ \\\\\\n\""
      },
      {
        "lineNumber": 11,
        "author": {
          "gitId": "-"
        },
        "content": "                + \"| |_| | |_| |   \u003c  __/\\n\""
      },
      {
        "lineNumber": 12,
        "author": {
          "gitId": "-"
        },
        "content": "                + \"|____/ \\\\__,_|_|\\\\_\\\\___|\\n\";"
      },
      {
        "lineNumber": 13,
        "author": {
          "gitId": "-"
        },
        "content": "        System.out.println(\"Hello from\\n\" + logo);"
      },
      {
        "lineNumber": 14,
        "author": {
          "gitId": "linqing42"
        },
        "content": "        printWelcome();"
      },
      {
        "lineNumber": 15,
        "author": {
          "gitId": "linqing42"
        },
        "content": ""
      },
      {
        "lineNumber": 16,
        "author": {
          "gitId": "linqing42"
        },
        "content": "    //Declare the object and initialize with"
      },
      {
        "lineNumber": 17,
        "author": {
          "gitId": "linqing42"
        },
        "content": "    //predefined standard input object"
      },
      {
        "lineNumber": 18,
        "author": {
          "gitId": "linqing42"
        },
        "content": "        Scanner in \u003d new Scanner(System.in);"
      },
      {
        "lineNumber": 19,
        "author": {
          "gitId": "linqing42"
        },
        "content": "        //String input"
      },
      {
        "lineNumber": 20,
        "author": {
          "gitId": "linqing42"
        },
        "content": "        String input \u003d in.nextLine();"
      },
      {
        "lineNumber": 21,
        "author": {
          "gitId": "linqing42"
        },
        "content": ""
      },
      {
        "lineNumber": 22,
        "author": {
          "gitId": "linqing42"
        },
        "content": "        while (!input.isEmpty()) {"
      },
      {
        "lineNumber": 23,
        "author": {
          "gitId": "linqing42"
        },
        "content": "            if (input.equals(\"bye\")) {"
      },
      {
        "lineNumber": 24,
        "author": {
          "gitId": "linqing42"
        },
        "content": "                break;"
      },
      {
        "lineNumber": 25,
        "author": {
          "gitId": "linqing42"
        },
        "content": "            } else if (input.equals(\"list\")) {"
      },
      {
        "lineNumber": 26,
        "author": {
          "gitId": "linqing42"
        },
        "content": "                System.out.println(\"    ___________________________________________________________________\\n\""
      },
      {
        "lineNumber": 27,
        "author": {
          "gitId": "linqing42"
        },
        "content": "                        + \"     Here are the tasks in your list:\");"
      },
      {
        "lineNumber": 28,
        "author": {
          "gitId": "linqing42"
        },
        "content": "                for (int i \u003d 0; i \u003c tasks.size(); i++) {"
      },
      {
        "lineNumber": 29,
        "author": {
          "gitId": "linqing42"
        },
        "content": "                    System.out.println(\"    \" + (i + 1) + \".\" + tasks.get(i));"
      },
      {
        "lineNumber": 30,
        "author": {
          "gitId": "linqing42"
        },
        "content": "                }"
      },
      {
        "lineNumber": 31,
        "author": {
          "gitId": "linqing42"
        },
        "content": ""
      },
      {
        "lineNumber": 32,
        "author": {
          "gitId": "linqing42"
        },
        "content": "            } else if (input.startsWith(\"done\")) {"
      },
      {
        "lineNumber": 33,
        "author": {
          "gitId": "linqing42"
        },
        "content": "                String listActionIndex \u003d (input.split(\" \"))[1];"
      },
      {
        "lineNumber": 34,
        "author": {
          "gitId": "linqing42"
        },
        "content": "                int arrayIndex \u003d Integer.parseInt(listActionIndex) - 1;"
      },
      {
        "lineNumber": 35,
        "author": {
          "gitId": "linqing42"
        },
        "content": "                markAsDone(arrayIndex);"
      },
      {
        "lineNumber": 36,
        "author": {
          "gitId": "linqing42"
        },
        "content": "            } else if (input.startsWith(\"todo\")){"
      },
      {
        "lineNumber": 37,
        "author": {
          "gitId": "linqing42"
        },
        "content": "                 Task todo \u003d new ToDo(input.substring(5));"
      },
      {
        "lineNumber": 38,
        "author": {
          "gitId": "linqing42"
        },
        "content": "                 tasks.add(todo);"
      },
      {
        "lineNumber": 39,
        "author": {
          "gitId": "linqing42"
        },
        "content": "                 System.out.println(\"Got it, I\u0027ve added the following task:\\n\" + \"  \" + todo + \"\\n\""
      },
      {
        "lineNumber": 40,
        "author": {
          "gitId": "linqing42"
        },
        "content": "                            + \"Now you have \" + tasks.size() + \" tasks in the list.\");"
      },
      {
        "lineNumber": 41,
        "author": {
          "gitId": "linqing42"
        },
        "content": ""
      },
      {
        "lineNumber": 42,
        "author": {
          "gitId": "linqing42"
        },
        "content": "                } else if(input.startsWith(\"deadline\")){"
      },
      {
        "lineNumber": 43,
        "author": {
          "gitId": "linqing42"
        },
        "content": "                String[] splitDetail \u003d input.split(\"/by\" );"
      },
      {
        "lineNumber": 44,
        "author": {
          "gitId": "linqing42"
        },
        "content": "                String task \u003d splitDetail[0];"
      },
      {
        "lineNumber": 45,
        "author": {
          "gitId": "linqing42"
        },
        "content": "                String date \u003d splitDetail[1];"
      },
      {
        "lineNumber": 46,
        "author": {
          "gitId": "linqing42"
        },
        "content": "                Task detail \u003d new Deadline (task, date);"
      },
      {
        "lineNumber": 47,
        "author": {
          "gitId": "linqing42"
        },
        "content": "                tasks.add(detail);"
      },
      {
        "lineNumber": 48,
        "author": {
          "gitId": "linqing42"
        },
        "content": "                System.out.println(\"Got it. I\u0027ve added this task:\\n\""
      },
      {
        "lineNumber": 49,
        "author": {
          "gitId": "linqing42"
        },
        "content": "                        + \"  \""
      },
      {
        "lineNumber": 50,
        "author": {
          "gitId": "linqing42"
        },
        "content": "                        + detail"
      },
      {
        "lineNumber": 51,
        "author": {
          "gitId": "linqing42"
        },
        "content": "                        + \"\\n\""
      },
      {
        "lineNumber": 52,
        "author": {
          "gitId": "linqing42"
        },
        "content": "                        + \"Now you have \" + tasks.size() +\" tasks in the list.\");"
      },
      {
        "lineNumber": 53,
        "author": {
          "gitId": "linqing42"
        },
        "content": ""
      },
      {
        "lineNumber": 54,
        "author": {
          "gitId": "linqing42"
        },
        "content": "            } else if(input.startsWith(\"event\")){"
      },
      {
        "lineNumber": 55,
        "author": {
          "gitId": "linqing42"
        },
        "content": "                String[] splitEvent \u003d input.split(\"/at\" );"
      },
      {
        "lineNumber": 56,
        "author": {
          "gitId": "linqing42"
        },
        "content": "                String event \u003d splitEvent[0];"
      },
      {
        "lineNumber": 57,
        "author": {
          "gitId": "linqing42"
        },
        "content": "                String time \u003d splitEvent[1];"
      },
      {
        "lineNumber": 58,
        "author": {
          "gitId": "linqing42"
        },
        "content": "                Task detail \u003d new Event(event, time);"
      },
      {
        "lineNumber": 59,
        "author": {
          "gitId": "linqing42"
        },
        "content": "                tasks.add(detail);"
      },
      {
        "lineNumber": 60,
        "author": {
          "gitId": "linqing42"
        },
        "content": "                System.out.println(\"Got it. I\u0027ve added this task:\\n\""
      },
      {
        "lineNumber": 61,
        "author": {
          "gitId": "linqing42"
        },
        "content": "                        + \"  \""
      },
      {
        "lineNumber": 62,
        "author": {
          "gitId": "linqing42"
        },
        "content": "                        + detail"
      },
      {
        "lineNumber": 63,
        "author": {
          "gitId": "linqing42"
        },
        "content": "                        + \"\\n\""
      },
      {
        "lineNumber": 64,
        "author": {
          "gitId": "linqing42"
        },
        "content": "                        + \"Now you have \" + tasks.size() +\" tasks in the list.\");"
      },
      {
        "lineNumber": 65,
        "author": {
          "gitId": "linqing42"
        },
        "content": ""
      },
      {
        "lineNumber": 66,
        "author": {
          "gitId": "linqing42"
        },
        "content": "            }"
      },
      {
        "lineNumber": 67,
        "author": {
          "gitId": "linqing42"
        },
        "content": "                else {"
      },
      {
        "lineNumber": 68,
        "author": {
          "gitId": "linqing42"
        },
        "content": "                    tasks.add(new Task(input));"
      },
      {
        "lineNumber": 69,
        "author": {
          "gitId": "linqing42"
        },
        "content": "                    System.out.println(\"    added: \" + input);"
      },
      {
        "lineNumber": 70,
        "author": {
          "gitId": "linqing42"
        },
        "content": ""
      },
      {
        "lineNumber": 71,
        "author": {
          "gitId": "linqing42"
        },
        "content": "                }"
      },
      {
        "lineNumber": 72,
        "author": {
          "gitId": "linqing42"
        },
        "content": ""
      },
      {
        "lineNumber": 73,
        "author": {
          "gitId": "linqing42"
        },
        "content": "            input \u003d in.nextLine();"
      },
      {
        "lineNumber": 74,
        "author": {
          "gitId": "linqing42"
        },
        "content": ""
      },
      {
        "lineNumber": 75,
        "author": {
          "gitId": "linqing42"
        },
        "content": "        }"
      },
      {
        "lineNumber": 76,
        "author": {
          "gitId": "linqing42"
        },
        "content": "        showExit();"
      },
      {
        "lineNumber": 77,
        "author": {
          "gitId": "-"
        },
        "content": "    }"
      },
      {
        "lineNumber": 78,
        "author": {
          "gitId": "linqing42"
        },
        "content": ""
      },
      {
        "lineNumber": 79,
        "author": {
          "gitId": "linqing42"
        },
        "content": "    public static void printWelcome() {"
      },
      {
        "lineNumber": 80,
        "author": {
          "gitId": "linqing42"
        },
        "content": "        System.out.println(\"Hello! I\u0027m Duke\\nWhat can I do for you?\\n\");"
      },
      {
        "lineNumber": 81,
        "author": {
          "gitId": "linqing42"
        },
        "content": "    }"
      },
      {
        "lineNumber": 82,
        "author": {
          "gitId": "linqing42"
        },
        "content": ""
      },
      {
        "lineNumber": 83,
        "author": {
          "gitId": "linqing42"
        },
        "content": "    public static void showExit() {"
      },
      {
        "lineNumber": 84,
        "author": {
          "gitId": "linqing42"
        },
        "content": "        System.out.println(\"   Bye. Hope to see you again soon!\");"
      },
      {
        "lineNumber": 85,
        "author": {
          "gitId": "-"
        },
        "content": "    }"
      },
      {
        "lineNumber": 86,
        "author": {
          "gitId": "linqing42"
        },
        "content": ""
      },
      {
        "lineNumber": 87,
        "author": {
          "gitId": "linqing42"
        },
        "content": "    public static void markAsDone(int arrayIndex) {"
      },
      {
        "lineNumber": 88,
        "author": {
          "gitId": "linqing42"
        },
        "content": "        Task task \u003d tasks.get(arrayIndex);"
      },
      {
        "lineNumber": 89,
        "author": {
          "gitId": "linqing42"
        },
        "content": "        task.setDone();"
      },
      {
        "lineNumber": 90,
        "author": {
          "gitId": "linqing42"
        },
        "content": "        System.out.println(\"    ____________________________________________________________\\n\""
      },
      {
        "lineNumber": 91,
        "author": {
          "gitId": "linqing42"
        },
        "content": "                + \"     Nice! I\u0027ve marked this task as done:\\n\""
      },
      {
        "lineNumber": 92,
        "author": {
          "gitId": "linqing42"
        },
        "content": "                + task + \"\\n\""
      },
      {
        "lineNumber": 93,
        "author": {
          "gitId": "linqing42"
        },
        "content": "                + \"    ____________________________________________________________\\n\");"
      },
      {
        "lineNumber": 94,
        "author": {
          "gitId": "-"
        },
        "content": "    }"
      },
      {
        "lineNumber": 95,
        "author": {
          "gitId": "linqing42"
        },
        "content": ""
      },
      {
        "lineNumber": 96,
        "author": {
          "gitId": "-"
        },
        "content": "}"
      },
      {
        "lineNumber": 97,
        "author": {
          "gitId": "linqing42"
        },
        "content": ""
      }
    ],
    "authorContributionMap": {
      "linqing42": 85,
      "-": 12
    }
  },
  {
    "path": "src/main/java/Event.java",
    "fileType": "java",
    "lines": [
      {
        "lineNumber": 1,
        "author": {
          "gitId": "linqing42"
        },
        "content": "public class Event extends Task{"
      },
      {
        "lineNumber": 2,
        "author": {
          "gitId": "linqing42"
        },
        "content": "    protected String at;"
      },
      {
        "lineNumber": 3,
        "author": {
          "gitId": "linqing42"
        },
        "content": ""
      },
      {
        "lineNumber": 4,
        "author": {
          "gitId": "linqing42"
        },
        "content": "    public Event(String description, String at) {"
      },
      {
        "lineNumber": 5,
        "author": {
          "gitId": "linqing42"
        },
        "content": "        super(description);"
      },
      {
        "lineNumber": 6,
        "author": {
          "gitId": "linqing42"
        },
        "content": "        this.at \u003d at;"
      },
      {
        "lineNumber": 7,
        "author": {
          "gitId": "linqing42"
        },
        "content": "    }"
      },
      {
        "lineNumber": 8,
        "author": {
          "gitId": "linqing42"
        },
        "content": ""
      },
      {
        "lineNumber": 9,
        "author": {
          "gitId": "linqing42"
        },
        "content": "    @Override"
      },
      {
        "lineNumber": 10,
        "author": {
          "gitId": "linqing42"
        },
        "content": "    public String toString() {"
      },
      {
        "lineNumber": 11,
        "author": {
          "gitId": "linqing42"
        },
        "content": "        return \"[E]\" + super.toString() + \"(at:\" + at + \")\";"
      },
      {
        "lineNumber": 12,
        "author": {
          "gitId": "linqing42"
        },
        "content": "    }"
      },
      {
        "lineNumber": 13,
        "author": {
          "gitId": "linqing42"
        },
        "content": "}"
      },
      {
        "lineNumber": 14,
        "author": {
          "gitId": "linqing42"
        },
        "content": ""
      }
    ],
    "authorContributionMap": {
      "linqing42": 14
    }
  },
  {
    "path": "src/main/java/Task.java",
    "fileType": "java",
    "lines": [
      {
        "lineNumber": 1,
        "author": {
          "gitId": "linqing42"
        },
        "content": "import java.util.ArrayList;"
      },
      {
        "lineNumber": 2,
        "author": {
          "gitId": "linqing42"
        },
        "content": ""
      },
      {
        "lineNumber": 3,
        "author": {
          "gitId": "linqing42"
        },
        "content": "public class Task {"
      },
      {
        "lineNumber": 4,
        "author": {
          "gitId": "linqing42"
        },
        "content": "    protected String description;"
      },
      {
        "lineNumber": 5,
        "author": {
          "gitId": "linqing42"
        },
        "content": "    protected boolean isDone;"
      },
      {
        "lineNumber": 6,
        "author": {
          "gitId": "linqing42"
        },
        "content": ""
      },
      {
        "lineNumber": 7,
        "author": {
          "gitId": "linqing42"
        },
        "content": "    public Task(String description) {"
      },
      {
        "lineNumber": 8,
        "author": {
          "gitId": "linqing42"
        },
        "content": "        this.description \u003d description;"
      },
      {
        "lineNumber": 9,
        "author": {
          "gitId": "linqing42"
        },
        "content": "        this.isDone \u003d false;"
      },
      {
        "lineNumber": 10,
        "author": {
          "gitId": "linqing42"
        },
        "content": "    }"
      },
      {
        "lineNumber": 11,
        "author": {
          "gitId": "linqing42"
        },
        "content": ""
      },
      {
        "lineNumber": 12,
        "author": {
          "gitId": "linqing42"
        },
        "content": ""
      },
      {
        "lineNumber": 13,
        "author": {
          "gitId": "linqing42"
        },
        "content": "    public String getStatusIcon() {"
      },
      {
        "lineNumber": 14,
        "author": {
          "gitId": "linqing42"
        },
        "content": "        return (isDone ? \"\\u2713\" : \"\\u2718\"); //return tick or X symbols"
      },
      {
        "lineNumber": 15,
        "author": {
          "gitId": "linqing42"
        },
        "content": "    }"
      },
      {
        "lineNumber": 16,
        "author": {
          "gitId": "linqing42"
        },
        "content": "    public void setDone(){"
      },
      {
        "lineNumber": 17,
        "author": {
          "gitId": "linqing42"
        },
        "content": "        this.isDone \u003d true;"
      },
      {
        "lineNumber": 18,
        "author": {
          "gitId": "linqing42"
        },
        "content": "    }"
      },
      {
        "lineNumber": 19,
        "author": {
          "gitId": "linqing42"
        },
        "content": ""
      },
      {
        "lineNumber": 20,
        "author": {
          "gitId": "linqing42"
        },
        "content": ""
      },
      {
        "lineNumber": 21,
        "author": {
          "gitId": "linqing42"
        },
        "content": ""
      },
      {
        "lineNumber": 22,
        "author": {
          "gitId": "linqing42"
        },
        "content": "    @Override"
      },
      {
        "lineNumber": 23,
        "author": {
          "gitId": "linqing42"
        },
        "content": "    public String toString() {"
      },
      {
        "lineNumber": 24,
        "author": {
          "gitId": "linqing42"
        },
        "content": "        return \"[\" + getStatusIcon() + \"] \" + description;"
      },
      {
        "lineNumber": 25,
        "author": {
          "gitId": "linqing42"
        },
        "content": "    }"
      },
      {
        "lineNumber": 26,
        "author": {
          "gitId": "linqing42"
        },
        "content": ""
      },
      {
        "lineNumber": 27,
        "author": {
          "gitId": "linqing42"
        },
        "content": "}"
      },
      {
        "lineNumber": 28,
        "author": {
          "gitId": "linqing42"
        },
        "content": ""
      }
    ],
    "authorContributionMap": {
      "linqing42": 28
    }
  },
  {
    "path": "src/main/java/ToDo.java",
    "fileType": "java",
    "lines": [
      {
        "lineNumber": 1,
        "author": {
          "gitId": "linqing42"
        },
        "content": "public class ToDo extends Task{"
      },
      {
        "lineNumber": 2,
        "author": {
          "gitId": "linqing42"
        },
        "content": ""
      },
      {
        "lineNumber": 3,
        "author": {
          "gitId": "linqing42"
        },
        "content": "    public ToDo(String description){"
      },
      {
        "lineNumber": 4,
        "author": {
          "gitId": "linqing42"
        },
        "content": "        super(description);"
      },
      {
        "lineNumber": 5,
        "author": {
          "gitId": "linqing42"
        },
        "content": "    }"
      },
      {
        "lineNumber": 6,
        "author": {
          "gitId": "linqing42"
        },
        "content": ""
      },
      {
        "lineNumber": 7,
        "author": {
          "gitId": "linqing42"
        },
        "content": ""
      },
      {
        "lineNumber": 8,
        "author": {
          "gitId": "linqing42"
        },
        "content": "    @Override"
      },
      {
        "lineNumber": 9,
        "author": {
          "gitId": "linqing42"
        },
        "content": "    public String toString() {"
      },
      {
        "lineNumber": 10,
        "author": {
          "gitId": "linqing42"
        },
        "content": "    return \"[T]\" + super.toString();"
      },
      {
        "lineNumber": 11,
        "author": {
          "gitId": "linqing42"
        },
        "content": "    }"
      },
      {
        "lineNumber": 12,
        "author": {
          "gitId": "linqing42"
        },
        "content": "}"
      }
    ],
    "authorContributionMap": {
      "linqing42": 12
    }
  }
]
