[
  {
    "path": "README.md",
    "fileType": "md",
    "lines": [
      {
        "lineNumber": 1,
        "author": {
          "gitId": "linqing42"
        },
        "content": "# Dukes.Duke project template"
      },
      {
        "lineNumber": 2,
        "author": {
          "gitId": "-"
        },
        "content": ""
      },
      {
        "lineNumber": 3,
        "author": {
          "gitId": "-"
        },
        "content": "This is a project template for a greenfield Java project. It\u0027s named after the Java mascot _Duke_. Given below are instructions on how to use it."
      },
      {
        "lineNumber": 4,
        "author": {
          "gitId": "-"
        },
        "content": ""
      },
      {
        "lineNumber": 5,
        "author": {
          "gitId": "-"
        },
        "content": "## Setting up in Intellij"
      },
      {
        "lineNumber": 6,
        "author": {
          "gitId": "-"
        },
        "content": ""
      },
      {
        "lineNumber": 7,
        "author": {
          "gitId": "-"
        },
        "content": "Prerequisites: JDK 11, update Intellij to the most recent version."
      },
      {
        "lineNumber": 8,
        "author": {
          "gitId": "-"
        },
        "content": ""
      },
      {
        "lineNumber": 9,
        "author": {
          "gitId": "-"
        },
        "content": "1. Open Intellij (if you are not in the welcome screen, click `File` \u003e `Close Project` to close the existing project dialog first)"
      },
      {
        "lineNumber": 10,
        "author": {
          "gitId": "-"
        },
        "content": "1. Set up the correct JDK version, as follows:"
      },
      {
        "lineNumber": 11,
        "author": {
          "gitId": "-"
        },
        "content": "   1. Click `Configure` \u003e `Structure for New Projects` and then `Project Settings` \u003e `Project` \u003e `Project SDK`"
      },
      {
        "lineNumber": 12,
        "author": {
          "gitId": "-"
        },
        "content": "   1. If JDK 11 is listed in the drop down, select it. If it is not, click `New...` and select the directory where you installed JDK 11"
      },
      {
        "lineNumber": 13,
        "author": {
          "gitId": "-"
        },
        "content": "   1. Click `OK`"
      },
      {
        "lineNumber": 14,
        "author": {
          "gitId": "-"
        },
        "content": "1. Import the project into Intellij as follows:"
      },
      {
        "lineNumber": 15,
        "author": {
          "gitId": "-"
        },
        "content": "   1. Click `Open or Import`."
      },
      {
        "lineNumber": 16,
        "author": {
          "gitId": "-"
        },
        "content": "   1. Select the project directory, and click `OK`"
      },
      {
        "lineNumber": 17,
        "author": {
          "gitId": "-"
        },
        "content": "   1. If there are any further prompts, accept the defaults."
      },
      {
        "lineNumber": 18,
        "author": {
          "gitId": "linqing42"
        },
        "content": "1. After the importing is complete, locate the `src/main/java/Dukes.Duke.java` file, right-click it, and choose `Run Dukes.Duke.main()`. If the setup is correct, you should see something like the below:"
      },
      {
        "lineNumber": 19,
        "author": {
          "gitId": "-"
        },
        "content": "   ```"
      },
      {
        "lineNumber": 20,
        "author": {
          "gitId": "-"
        },
        "content": "   Hello from"
      },
      {
        "lineNumber": 21,
        "author": {
          "gitId": "-"
        },
        "content": "    ____        _        "
      },
      {
        "lineNumber": 22,
        "author": {
          "gitId": "-"
        },
        "content": "   |  _ \\ _   _| | _____ "
      },
      {
        "lineNumber": 23,
        "author": {
          "gitId": "-"
        },
        "content": "   | | | | | | | |/ / _ \\"
      },
      {
        "lineNumber": 24,
        "author": {
          "gitId": "-"
        },
        "content": "   | |_| | |_| |   \u003c  __/"
      },
      {
        "lineNumber": 25,
        "author": {
          "gitId": "-"
        },
        "content": "   |____/ \\__,_|_|\\_\\___|"
      },
      {
        "lineNumber": 26,
        "author": {
          "gitId": "-"
        },
        "content": "   ```"
      }
    ],
    "authorContributionMap": {
      "linqing42": 2,
      "-": 24
    }
  },
  {
    "path": "src/main/java/Dukes/Deadline.java",
    "fileType": "java",
    "lines": [
      {
        "lineNumber": 1,
        "author": {
          "gitId": "linqing42"
        },
        "content": "package Dukes;"
      },
      {
        "lineNumber": 2,
        "author": {
          "gitId": "linqing42"
        },
        "content": ""
      },
      {
        "lineNumber": 3,
        "author": {
          "gitId": "linqing42"
        },
        "content": "public class Deadline extends Task {"
      },
      {
        "lineNumber": 4,
        "author": {
          "gitId": "linqing42"
        },
        "content": "    protected String by;"
      },
      {
        "lineNumber": 5,
        "author": {
          "gitId": "linqing42"
        },
        "content": ""
      },
      {
        "lineNumber": 6,
        "author": {
          "gitId": "linqing42"
        },
        "content": "    public Deadline(String description, String by) {"
      },
      {
        "lineNumber": 7,
        "author": {
          "gitId": "linqing42"
        },
        "content": "        super(description);"
      },
      {
        "lineNumber": 8,
        "author": {
          "gitId": "linqing42"
        },
        "content": "        this.by \u003d by;"
      },
      {
        "lineNumber": 9,
        "author": {
          "gitId": "linqing42"
        },
        "content": "    }"
      },
      {
        "lineNumber": 10,
        "author": {
          "gitId": "linqing42"
        },
        "content": ""
      },
      {
        "lineNumber": 11,
        "author": {
          "gitId": "linqing42"
        },
        "content": "    @Override"
      },
      {
        "lineNumber": 12,
        "author": {
          "gitId": "linqing42"
        },
        "content": "    public String toString() {"
      },
      {
        "lineNumber": 13,
        "author": {
          "gitId": "linqing42"
        },
        "content": "        return \"[D]\" + super.toString() + \"(by:\" + by + \")\";"
      },
      {
        "lineNumber": 14,
        "author": {
          "gitId": "linqing42"
        },
        "content": "    }"
      },
      {
        "lineNumber": 15,
        "author": {
          "gitId": "linqing42"
        },
        "content": ""
      },
      {
        "lineNumber": 16,
        "author": {
          "gitId": "linqing42"
        },
        "content": "    @Override"
      },
      {
        "lineNumber": 17,
        "author": {
          "gitId": "linqing42"
        },
        "content": "    public String toWriteFile() {"
      },
      {
        "lineNumber": 18,
        "author": {
          "gitId": "linqing42"
        },
        "content": "        return \"D | \" + getFileStatusIcon() + \" | \" + description + \" | \" + by;"
      },
      {
        "lineNumber": 19,
        "author": {
          "gitId": "linqing42"
        },
        "content": "    }"
      },
      {
        "lineNumber": 20,
        "author": {
          "gitId": "linqing42"
        },
        "content": "}"
      }
    ],
    "authorContributionMap": {
      "linqing42": 20
    }
  },
  {
    "path": "src/main/java/Dukes/Duke.java",
    "fileType": "java",
    "lines": [
      {
        "lineNumber": 1,
        "author": {
          "gitId": "linqing42"
        },
        "content": "package Dukes;"
      },
      {
        "lineNumber": 2,
        "author": {
          "gitId": "linqing42"
        },
        "content": ""
      },
      {
        "lineNumber": 3,
        "author": {
          "gitId": "linqing42"
        },
        "content": "import java.util.Scanner;"
      },
      {
        "lineNumber": 4,
        "author": {
          "gitId": "linqing42"
        },
        "content": "import java.util.ArrayList;"
      },
      {
        "lineNumber": 5,
        "author": {
          "gitId": "linqing42"
        },
        "content": "import java.io.FileNotFoundException;"
      },
      {
        "lineNumber": 6,
        "author": {
          "gitId": "linqing42"
        },
        "content": "import java.io.IOException;"
      },
      {
        "lineNumber": 7,
        "author": {
          "gitId": "linqing42"
        },
        "content": "import java.io.File;"
      },
      {
        "lineNumber": 8,
        "author": {
          "gitId": "linqing42"
        },
        "content": "import java.io.FileWriter;"
      },
      {
        "lineNumber": 9,
        "author": {
          "gitId": "linqing42"
        },
        "content": ""
      },
      {
        "lineNumber": 10,
        "author": {
          "gitId": "linqing42"
        },
        "content": "public class Duke {"
      },
      {
        "lineNumber": 11,
        "author": {
          "gitId": "linqing42"
        },
        "content": "    private static ArrayList\u003cTask\u003e tasks \u003d new ArrayList\u003c\u003e(100);"
      },
      {
        "lineNumber": 12,
        "author": {
          "gitId": "linqing42"
        },
        "content": "    private static Ui ui;"
      },
      {
        "lineNumber": 13,
        "author": {
          "gitId": "linqing42"
        },
        "content": "    static ArrayList\u003cTask\u003e task \u003d new ArrayList\u003c\u003e();"
      },
      {
        "lineNumber": 14,
        "author": {
          "gitId": "linqing42"
        },
        "content": ""
      },
      {
        "lineNumber": 15,
        "author": {
          "gitId": "linqing42"
        },
        "content": ""
      },
      {
        "lineNumber": 16,
        "author": {
          "gitId": "linqing42"
        },
        "content": "    public static void main(String[] args) {"
      },
      {
        "lineNumber": 17,
        "author": {
          "gitId": "linqing42"
        },
        "content": "        ui.printWelcome();"
      },
      {
        "lineNumber": 18,
        "author": {
          "gitId": "linqing42"
        },
        "content": "        run();"
      },
      {
        "lineNumber": 19,
        "author": {
          "gitId": "linqing42"
        },
        "content": "        readFile();"
      },
      {
        "lineNumber": 20,
        "author": {
          "gitId": "linqing42"
        },
        "content": "        writeFile();"
      },
      {
        "lineNumber": 21,
        "author": {
          "gitId": "linqing42"
        },
        "content": "    }"
      },
      {
        "lineNumber": 22,
        "author": {
          "gitId": "linqing42"
        },
        "content": ""
      },
      {
        "lineNumber": 23,
        "author": {
          "gitId": "linqing42"
        },
        "content": ""
      },
      {
        "lineNumber": 24,
        "author": {
          "gitId": "linqing42"
        },
        "content": ""
      },
      {
        "lineNumber": 25,
        "author": {
          "gitId": "linqing42"
        },
        "content": ""
      },
      {
        "lineNumber": 26,
        "author": {
          "gitId": "linqing42"
        },
        "content": "    public static void run() {"
      },
      {
        "lineNumber": 27,
        "author": {
          "gitId": "linqing42"
        },
        "content": "        //Declare the object and initialize with"
      },
      {
        "lineNumber": 28,
        "author": {
          "gitId": "linqing42"
        },
        "content": "        Scanner in \u003d new Scanner(System.in);"
      },
      {
        "lineNumber": 29,
        "author": {
          "gitId": "linqing42"
        },
        "content": "        //String input"
      },
      {
        "lineNumber": 30,
        "author": {
          "gitId": "linqing42"
        },
        "content": "        String input \u003d in.nextLine();"
      },
      {
        "lineNumber": 31,
        "author": {
          "gitId": "linqing42"
        },
        "content": "        while (!input.isEmpty()) {"
      },
      {
        "lineNumber": 32,
        "author": {
          "gitId": "linqing42"
        },
        "content": "            if (input.startsWith(\"bye\") || input.startsWith(\"exit\")) {"
      },
      {
        "lineNumber": 33,
        "author": {
          "gitId": "linqing42"
        },
        "content": "                ui.showExit();"
      },
      {
        "lineNumber": 34,
        "author": {
          "gitId": "linqing42"
        },
        "content": "                break;"
      },
      {
        "lineNumber": 35,
        "author": {
          "gitId": "linqing42"
        },
        "content": "            } else if (input.startsWith(\"list\")) {"
      },
      {
        "lineNumber": 36,
        "author": {
          "gitId": "linqing42"
        },
        "content": "                if(tasks.isEmpty()){"
      },
      {
        "lineNumber": 37,
        "author": {
          "gitId": "linqing42"
        },
        "content": "                    System.out.println(\"no task in your list.\");"
      },
      {
        "lineNumber": 38,
        "author": {
          "gitId": "linqing42"
        },
        "content": "                } else {"
      },
      {
        "lineNumber": 39,
        "author": {
          "gitId": "linqing42"
        },
        "content": "                    printList();"
      },
      {
        "lineNumber": 40,
        "author": {
          "gitId": "linqing42"
        },
        "content": "                }"
      },
      {
        "lineNumber": 41,
        "author": {
          "gitId": "linqing42"
        },
        "content": "            } else {"
      },
      {
        "lineNumber": 42,
        "author": {
          "gitId": "linqing42"
        },
        "content": "                addTasks(input);"
      },
      {
        "lineNumber": 43,
        "author": {
          "gitId": "linqing42"
        },
        "content": "            }"
      },
      {
        "lineNumber": 44,
        "author": {
          "gitId": "linqing42"
        },
        "content": "            input \u003d in.nextLine();"
      },
      {
        "lineNumber": 45,
        "author": {
          "gitId": "linqing42"
        },
        "content": "        }"
      },
      {
        "lineNumber": 46,
        "author": {
          "gitId": "linqing42"
        },
        "content": "    }"
      },
      {
        "lineNumber": 47,
        "author": {
          "gitId": "linqing42"
        },
        "content": ""
      },
      {
        "lineNumber": 48,
        "author": {
          "gitId": "linqing42"
        },
        "content": "    private static void printList() {"
      },
      {
        "lineNumber": 49,
        "author": {
          "gitId": "linqing42"
        },
        "content": "        System.out.println(\"    ___________________________________________________________________\\n\""
      },
      {
        "lineNumber": 50,
        "author": {
          "gitId": "linqing42"
        },
        "content": "                + \"     Here are the tasks in your list:\");"
      },
      {
        "lineNumber": 51,
        "author": {
          "gitId": "linqing42"
        },
        "content": "        for (int i \u003d 0; i \u003c tasks.size(); i++) {"
      },
      {
        "lineNumber": 52,
        "author": {
          "gitId": "linqing42"
        },
        "content": "            System.out.println(\"    \" + (i + 1) + \".\" + tasks.get(i));"
      },
      {
        "lineNumber": 53,
        "author": {
          "gitId": "linqing42"
        },
        "content": "        }"
      },
      {
        "lineNumber": 54,
        "author": {
          "gitId": "linqing42"
        },
        "content": "    }"
      },
      {
        "lineNumber": 55,
        "author": {
          "gitId": "linqing42"
        },
        "content": ""
      },
      {
        "lineNumber": 56,
        "author": {
          "gitId": "linqing42"
        },
        "content": "    private static void addTasks(String input) {"
      },
      {
        "lineNumber": 57,
        "author": {
          "gitId": "linqing42"
        },
        "content": "        Task taskWord;"
      },
      {
        "lineNumber": 58,
        "author": {
          "gitId": "linqing42"
        },
        "content": "        try {"
      },
      {
        "lineNumber": 59,
        "author": {
          "gitId": "linqing42"
        },
        "content": "            if (input.startsWith(\"todo\") \u0026\u0026 input.contains(\" \")) {"
      },
      {
        "lineNumber": 60,
        "author": {
          "gitId": "linqing42"
        },
        "content": "                if (input.length() \u003c 6) {"
      },
      {
        "lineNumber": 61,
        "author": {
          "gitId": "linqing42"
        },
        "content": "                    throw new DukeException(\"☹ OOPS!!! The description of a todo cannot be empty.\\n\");"
      },
      {
        "lineNumber": 62,
        "author": {
          "gitId": "linqing42"
        },
        "content": "                }"
      },
      {
        "lineNumber": 63,
        "author": {
          "gitId": "linqing42"
        },
        "content": "                taskWord \u003d new ToDo(input.substring(5));"
      },
      {
        "lineNumber": 64,
        "author": {
          "gitId": "linqing42"
        },
        "content": "                addTaskCase(taskWord);"
      },
      {
        "lineNumber": 65,
        "author": {
          "gitId": "linqing42"
        },
        "content": "            } else if (input.startsWith(\"deadline\") \u0026\u0026 input.contains(\" \")) {"
      },
      {
        "lineNumber": 66,
        "author": {
          "gitId": "linqing42"
        },
        "content": "                if (input.length() \u003c 10) {"
      },
      {
        "lineNumber": 67,
        "author": {
          "gitId": "linqing42"
        },
        "content": "                    throw new DukeException(\"☹ OOPS!!! The description of a deadline cannot be empty.\\n\");"
      },
      {
        "lineNumber": 68,
        "author": {
          "gitId": "linqing42"
        },
        "content": "                }"
      },
      {
        "lineNumber": 69,
        "author": {
          "gitId": "linqing42"
        },
        "content": "                String[] splitDetail \u003d input.split(\"/by\");"
      },
      {
        "lineNumber": 70,
        "author": {
          "gitId": "linqing42"
        },
        "content": "                if (splitDetail.length \u003c 2) {"
      },
      {
        "lineNumber": 71,
        "author": {
          "gitId": "linqing42"
        },
        "content": "                    throw new DukeException(\"Please specify the deadline time\\n\");"
      },
      {
        "lineNumber": 72,
        "author": {
          "gitId": "linqing42"
        },
        "content": "                }"
      },
      {
        "lineNumber": 73,
        "author": {
          "gitId": "linqing42"
        },
        "content": "                String task \u003d splitDetail[0];"
      },
      {
        "lineNumber": 74,
        "author": {
          "gitId": "linqing42"
        },
        "content": "                String by \u003d splitDetail[1];"
      },
      {
        "lineNumber": 75,
        "author": {
          "gitId": "linqing42"
        },
        "content": "                taskWord \u003d new Deadline(task, by);"
      },
      {
        "lineNumber": 76,
        "author": {
          "gitId": "linqing42"
        },
        "content": "                addTaskCase(taskWord);"
      },
      {
        "lineNumber": 77,
        "author": {
          "gitId": "linqing42"
        },
        "content": "            } else if (input.startsWith(\"event\") \u0026\u0026 input.contains(\" \")) {"
      },
      {
        "lineNumber": 78,
        "author": {
          "gitId": "linqing42"
        },
        "content": "                if (input.length() \u003c 7) {"
      },
      {
        "lineNumber": 79,
        "author": {
          "gitId": "linqing42"
        },
        "content": "                    throw new DukeException(\"☹ OOPS!!! The description of a event cannot be empty.\\n\");"
      },
      {
        "lineNumber": 80,
        "author": {
          "gitId": "linqing42"
        },
        "content": "                }"
      },
      {
        "lineNumber": 81,
        "author": {
          "gitId": "linqing42"
        },
        "content": "                String[] splitEvent \u003d input.split(\"/at\");"
      },
      {
        "lineNumber": 82,
        "author": {
          "gitId": "linqing42"
        },
        "content": "                if (splitEvent.length \u003c 2) {"
      },
      {
        "lineNumber": 83,
        "author": {
          "gitId": "linqing42"
        },
        "content": "                    throw new DukeException(\"Please specify the event time\\n\");"
      },
      {
        "lineNumber": 84,
        "author": {
          "gitId": "linqing42"
        },
        "content": "                }"
      },
      {
        "lineNumber": 85,
        "author": {
          "gitId": "linqing42"
        },
        "content": "                String event \u003d splitEvent[0];"
      },
      {
        "lineNumber": 86,
        "author": {
          "gitId": "linqing42"
        },
        "content": "                String time \u003d splitEvent[1];"
      },
      {
        "lineNumber": 87,
        "author": {
          "gitId": "linqing42"
        },
        "content": "                taskWord \u003d new Event(event, time);"
      },
      {
        "lineNumber": 88,
        "author": {
          "gitId": "linqing42"
        },
        "content": "                addTaskCase(taskWord);"
      },
      {
        "lineNumber": 89,
        "author": {
          "gitId": "linqing42"
        },
        "content": "            } else if(input.startsWith(\"delete\") \u0026\u0026 input.contains(\" \")){"
      },
      {
        "lineNumber": 90,
        "author": {
          "gitId": "linqing42"
        },
        "content": "                if(tasks.isEmpty() || input.length() \u003c 7) {"
      },
      {
        "lineNumber": 91,
        "author": {
          "gitId": "linqing42"
        },
        "content": "                    throw new DukeException(\"☹ OOPS!!! There is no specific task to delete.\\n\");"
      },
      {
        "lineNumber": 92,
        "author": {
          "gitId": "linqing42"
        },
        "content": "                }"
      },
      {
        "lineNumber": 93,
        "author": {
          "gitId": "linqing42"
        },
        "content": "                int toDelete \u003d Integer.parseInt(input.substring(input.indexOf(\u0027 \u0027) + 1)) - 1;"
      },
      {
        "lineNumber": 94,
        "author": {
          "gitId": "linqing42"
        },
        "content": "                Task task \u003d tasks.get(toDelete);"
      },
      {
        "lineNumber": 95,
        "author": {
          "gitId": "linqing42"
        },
        "content": "                tasks.remove(toDelete);"
      },
      {
        "lineNumber": 96,
        "author": {
          "gitId": "linqing42"
        },
        "content": "                System.out.println(\"Noted, I\u0027ve removed the following task:\\n\""
      },
      {
        "lineNumber": 97,
        "author": {
          "gitId": "linqing42"
        },
        "content": "                        + \"  \""
      },
      {
        "lineNumber": 98,
        "author": {
          "gitId": "linqing42"
        },
        "content": "                        + task"
      },
      {
        "lineNumber": 99,
        "author": {
          "gitId": "linqing42"
        },
        "content": "                        + \"\\n\""
      },
      {
        "lineNumber": 100,
        "author": {
          "gitId": "linqing42"
        },
        "content": "                        + \"Now you have \""
      },
      {
        "lineNumber": 101,
        "author": {
          "gitId": "linqing42"
        },
        "content": "                        + tasks.size()"
      },
      {
        "lineNumber": 102,
        "author": {
          "gitId": "linqing42"
        },
        "content": "                        + \" tasks in the list.\");"
      },
      {
        "lineNumber": 103,
        "author": {
          "gitId": "linqing42"
        },
        "content": "            } else if (input.startsWith(\"done\") \u0026\u0026 input.contains(\" \")) {"
      },
      {
        "lineNumber": 104,
        "author": {
          "gitId": "linqing42"
        },
        "content": "                if (input.length() \u003c 6) {"
      },
      {
        "lineNumber": 105,
        "author": {
          "gitId": "linqing42"
        },
        "content": "                    throw new DukeException(\"please key in correct format.\\n\");"
      },
      {
        "lineNumber": 106,
        "author": {
          "gitId": "linqing42"
        },
        "content": "                }"
      },
      {
        "lineNumber": 107,
        "author": {
          "gitId": "linqing42"
        },
        "content": "                else if(tasks.isEmpty()){"
      },
      {
        "lineNumber": 108,
        "author": {
          "gitId": "linqing42"
        },
        "content": "                    throw new DukeException(\"There is no task need to be done\\n\");"
      },
      {
        "lineNumber": 109,
        "author": {
          "gitId": "linqing42"
        },
        "content": "                }"
      },
      {
        "lineNumber": 110,
        "author": {
          "gitId": "linqing42"
        },
        "content": "                    int toEdit \u003d Integer.parseInt(input.substring(input.indexOf(\u0027 \u0027) + 1)) - 1;"
      },
      {
        "lineNumber": 111,
        "author": {
          "gitId": "linqing42"
        },
        "content": "                    Task task \u003d tasks.get(toEdit);"
      },
      {
        "lineNumber": 112,
        "author": {
          "gitId": "linqing42"
        },
        "content": "                    task.setDone();"
      },
      {
        "lineNumber": 113,
        "author": {
          "gitId": "linqing42"
        },
        "content": "                    System.out.println(\"     Nice! I\u0027ve marked this task as done:\\n\""
      },
      {
        "lineNumber": 114,
        "author": {
          "gitId": "linqing42"
        },
        "content": "                        + task"
      },
      {
        "lineNumber": 115,
        "author": {
          "gitId": "linqing42"
        },
        "content": "                        + \"\\n\""
      },
      {
        "lineNumber": 116,
        "author": {
          "gitId": "linqing42"
        },
        "content": "                        + \"___________________________________________________________________\\n\");"
      },
      {
        "lineNumber": 117,
        "author": {
          "gitId": "linqing42"
        },
        "content": "            }else{"
      },
      {
        "lineNumber": 118,
        "author": {
          "gitId": "linqing42"
        },
        "content": "                    throw new DukeException(\"☹ OOPS!!! I\u0027m sorry, but I don\u0027t know what that means :-(\\n\");"
      },
      {
        "lineNumber": 119,
        "author": {
          "gitId": "linqing42"
        },
        "content": "                }"
      },
      {
        "lineNumber": 120,
        "author": {
          "gitId": "linqing42"
        },
        "content": "        }catch (DukeException e) {"
      },
      {
        "lineNumber": 121,
        "author": {
          "gitId": "linqing42"
        },
        "content": "            System.out.print(e.getMessage());"
      },
      {
        "lineNumber": 122,
        "author": {
          "gitId": "linqing42"
        },
        "content": "        } catch (Exception e) {"
      },
      {
        "lineNumber": 123,
        "author": {
          "gitId": "linqing42"
        },
        "content": "            assert false : \"Uncaught exception\";"
      },
      {
        "lineNumber": 124,
        "author": {
          "gitId": "linqing42"
        },
        "content": "        }"
      },
      {
        "lineNumber": 125,
        "author": {
          "gitId": "linqing42"
        },
        "content": ""
      },
      {
        "lineNumber": 126,
        "author": {
          "gitId": "linqing42"
        },
        "content": "    }"
      },
      {
        "lineNumber": 127,
        "author": {
          "gitId": "linqing42"
        },
        "content": ""
      },
      {
        "lineNumber": 128,
        "author": {
          "gitId": "linqing42"
        },
        "content": "    public static void addTaskCase(Task taskWord){"
      },
      {
        "lineNumber": 129,
        "author": {
          "gitId": "linqing42"
        },
        "content": "        tasks.add(taskWord);"
      },
      {
        "lineNumber": 130,
        "author": {
          "gitId": "linqing42"
        },
        "content": "        System.out.println(\"Got it, I\u0027ve added the following task:\\n\""
      },
      {
        "lineNumber": 131,
        "author": {
          "gitId": "linqing42"
        },
        "content": "                + \"  \""
      },
      {
        "lineNumber": 132,
        "author": {
          "gitId": "linqing42"
        },
        "content": "                + taskWord"
      },
      {
        "lineNumber": 133,
        "author": {
          "gitId": "linqing42"
        },
        "content": "                + \"\\n\""
      },
      {
        "lineNumber": 134,
        "author": {
          "gitId": "linqing42"
        },
        "content": "                + \"Now you have \""
      },
      {
        "lineNumber": 135,
        "author": {
          "gitId": "linqing42"
        },
        "content": "                + tasks.size()"
      },
      {
        "lineNumber": 136,
        "author": {
          "gitId": "linqing42"
        },
        "content": "                + \" tasks in the list.\\n\""
      },
      {
        "lineNumber": 137,
        "author": {
          "gitId": "linqing42"
        },
        "content": "                + \"___________________________________________________________________\\n\");"
      },
      {
        "lineNumber": 138,
        "author": {
          "gitId": "linqing42"
        },
        "content": "    }"
      },
      {
        "lineNumber": 139,
        "author": {
          "gitId": "linqing42"
        },
        "content": "    private static void readFile() {"
      },
      {
        "lineNumber": 140,
        "author": {
          "gitId": "linqing42"
        },
        "content": "        try {"
      },
      {
        "lineNumber": 141,
        "author": {
          "gitId": "linqing42"
        },
        "content": "            File file \u003d new File(\"src/main/java/Dukes/data/duke.txt\");"
      },
      {
        "lineNumber": 142,
        "author": {
          "gitId": "linqing42"
        },
        "content": "            Scanner fileSc \u003d new Scanner(file);"
      },
      {
        "lineNumber": 143,
        "author": {
          "gitId": "linqing42"
        },
        "content": "            String input \u003d fileSc.nextLine();"
      },
      {
        "lineNumber": 144,
        "author": {
          "gitId": "linqing42"
        },
        "content": "            System.out.println(\"Your previous task: \");"
      },
      {
        "lineNumber": 145,
        "author": {
          "gitId": "linqing42"
        },
        "content": "            while (fileSc.hasNext()) {"
      },
      {
        "lineNumber": 146,
        "author": {
          "gitId": "linqing42"
        },
        "content": "                String[] strArr \u003d input.split(\" \\\\| \");"
      },
      {
        "lineNumber": 147,
        "author": {
          "gitId": "linqing42"
        },
        "content": "                Task tasks \u003d null;"
      },
      {
        "lineNumber": 148,
        "author": {
          "gitId": "linqing42"
        },
        "content": "                if (strArr[0].equals(\"T\")) {"
      },
      {
        "lineNumber": 149,
        "author": {
          "gitId": "linqing42"
        },
        "content": "                    tasks \u003d new ToDo(strArr[2]);"
      },
      {
        "lineNumber": 150,
        "author": {
          "gitId": "linqing42"
        },
        "content": "                }else if(strArr[0].equals(\"D\")) {"
      },
      {
        "lineNumber": 151,
        "author": {
          "gitId": "linqing42"
        },
        "content": "                    tasks \u003d new Deadline(strArr[2], strArr[3]);"
      },
      {
        "lineNumber": 152,
        "author": {
          "gitId": "linqing42"
        },
        "content": "                }else if(strArr[0].equals(\"E\")) {"
      },
      {
        "lineNumber": 153,
        "author": {
          "gitId": "linqing42"
        },
        "content": "                    tasks \u003d new Event(strArr[2], strArr[3]);"
      },
      {
        "lineNumber": 154,
        "author": {
          "gitId": "linqing42"
        },
        "content": "                }else{"
      },
      {
        "lineNumber": 155,
        "author": {
          "gitId": "linqing42"
        },
        "content": "                        throw new DukeException(\"Previous Tasks are corrupted. Please resetting your task . .\");"
      },
      {
        "lineNumber": 156,
        "author": {
          "gitId": "linqing42"
        },
        "content": "                }"
      },
      {
        "lineNumber": 157,
        "author": {
          "gitId": "linqing42"
        },
        "content": "                if (strArr[1].equals(\"1\")) {"
      },
      {
        "lineNumber": 158,
        "author": {
          "gitId": "linqing42"
        },
        "content": "                    tasks.setDone();"
      },
      {
        "lineNumber": 159,
        "author": {
          "gitId": "linqing42"
        },
        "content": "                }"
      },
      {
        "lineNumber": 160,
        "author": {
          "gitId": "linqing42"
        },
        "content": "                task.add(tasks);"
      },
      {
        "lineNumber": 161,
        "author": {
          "gitId": "linqing42"
        },
        "content": "                System.out.println(strArr);"
      },
      {
        "lineNumber": 162,
        "author": {
          "gitId": "linqing42"
        },
        "content": "            }"
      },
      {
        "lineNumber": 163,
        "author": {
          "gitId": "linqing42"
        },
        "content": ""
      },
      {
        "lineNumber": 164,
        "author": {
          "gitId": "linqing42"
        },
        "content": "        } catch (FileNotFoundException e) {"
      },
      {
        "lineNumber": 165,
        "author": {
          "gitId": "linqing42"
        },
        "content": "            System.out.println(\"You have no task.\");"
      },
      {
        "lineNumber": 166,
        "author": {
          "gitId": "linqing42"
        },
        "content": "        } catch (DukeException e) {"
      },
      {
        "lineNumber": 167,
        "author": {
          "gitId": "linqing42"
        },
        "content": "            try {"
      },
      {
        "lineNumber": 168,
        "author": {
          "gitId": "linqing42"
        },
        "content": "                System.out.println(e.getMessage());"
      },
      {
        "lineNumber": 169,
        "author": {
          "gitId": "linqing42"
        },
        "content": "                FileWriter fw \u003d new FileWriter(\"src/main/java/Dukes/data/duke.txt\");"
      },
      {
        "lineNumber": 170,
        "author": {
          "gitId": "linqing42"
        },
        "content": "                String fileDetails \u003d \"\";"
      },
      {
        "lineNumber": 171,
        "author": {
          "gitId": "linqing42"
        },
        "content": "                fw.write(fileDetails);"
      },
      {
        "lineNumber": 172,
        "author": {
          "gitId": "linqing42"
        },
        "content": "                fw.close();"
      },
      {
        "lineNumber": 173,
        "author": {
          "gitId": "linqing42"
        },
        "content": "            } catch (IOException ex) {"
      },
      {
        "lineNumber": 174,
        "author": {
          "gitId": "linqing42"
        },
        "content": "                System.out.println(\"FileWriting got problem\");"
      },
      {
        "lineNumber": 175,
        "author": {
          "gitId": "linqing42"
        },
        "content": "                ex.printStackTrace();"
      },
      {
        "lineNumber": 176,
        "author": {
          "gitId": "linqing42"
        },
        "content": "            }"
      },
      {
        "lineNumber": 177,
        "author": {
          "gitId": "linqing42"
        },
        "content": "        }"
      },
      {
        "lineNumber": 178,
        "author": {
          "gitId": "linqing42"
        },
        "content": "    }"
      },
      {
        "lineNumber": 179,
        "author": {
          "gitId": "linqing42"
        },
        "content": "    private static void writeFile() {"
      },
      {
        "lineNumber": 180,
        "author": {
          "gitId": "linqing42"
        },
        "content": "        try {"
      },
      {
        "lineNumber": 181,
        "author": {
          "gitId": "linqing42"
        },
        "content": "            FileWriter fw \u003d new FileWriter(\"src/main/java/Dukes/data/duke.txt\");"
      },
      {
        "lineNumber": 182,
        "author": {
          "gitId": "linqing42"
        },
        "content": "            String fileDetails \u003d \"\";"
      },
      {
        "lineNumber": 183,
        "author": {
          "gitId": "linqing42"
        },
        "content": "            for (Task task : tasks) {"
      },
      {
        "lineNumber": 184,
        "author": {
          "gitId": "linqing42"
        },
        "content": "                fileDetails +\u003d task.toWriteFile() + \"\\n\";"
      },
      {
        "lineNumber": 185,
        "author": {
          "gitId": "linqing42"
        },
        "content": "            }"
      },
      {
        "lineNumber": 186,
        "author": {
          "gitId": "linqing42"
        },
        "content": "            System.out.println(fileDetails);"
      },
      {
        "lineNumber": 187,
        "author": {
          "gitId": "linqing42"
        },
        "content": "            fw.write(fileDetails);"
      },
      {
        "lineNumber": 188,
        "author": {
          "gitId": "linqing42"
        },
        "content": "            fw.close();"
      },
      {
        "lineNumber": 189,
        "author": {
          "gitId": "linqing42"
        },
        "content": "        } catch (IOException e) {"
      },
      {
        "lineNumber": 190,
        "author": {
          "gitId": "linqing42"
        },
        "content": "            assert(false);"
      },
      {
        "lineNumber": 191,
        "author": {
          "gitId": "linqing42"
        },
        "content": "        }"
      },
      {
        "lineNumber": 192,
        "author": {
          "gitId": "linqing42"
        },
        "content": "    }"
      },
      {
        "lineNumber": 193,
        "author": {
          "gitId": "linqing42"
        },
        "content": ""
      },
      {
        "lineNumber": 194,
        "author": {
          "gitId": "linqing42"
        },
        "content": ""
      },
      {
        "lineNumber": 195,
        "author": {
          "gitId": "linqing42"
        },
        "content": ""
      },
      {
        "lineNumber": 196,
        "author": {
          "gitId": "linqing42"
        },
        "content": "}"
      },
      {
        "lineNumber": 197,
        "author": {
          "gitId": "linqing42"
        },
        "content": ""
      },
      {
        "lineNumber": 198,
        "author": {
          "gitId": "linqing42"
        },
        "content": ""
      },
      {
        "lineNumber": 199,
        "author": {
          "gitId": "linqing42"
        },
        "content": ""
      },
      {
        "lineNumber": 200,
        "author": {
          "gitId": "linqing42"
        },
        "content": ""
      }
    ],
    "authorContributionMap": {
      "linqing42": 200
    }
  },
  {
    "path": "src/main/java/Dukes/DukeException.java",
    "fileType": "java",
    "lines": [
      {
        "lineNumber": 1,
        "author": {
          "gitId": "linqing42"
        },
        "content": "package Dukes;"
      },
      {
        "lineNumber": 2,
        "author": {
          "gitId": "linqing42"
        },
        "content": ""
      },
      {
        "lineNumber": 3,
        "author": {
          "gitId": "linqing42"
        },
        "content": "public class DukeException extends Exception {"
      },
      {
        "lineNumber": 4,
        "author": {
          "gitId": "linqing42"
        },
        "content": "        public DukeException(String message) {"
      },
      {
        "lineNumber": 5,
        "author": {
          "gitId": "linqing42"
        },
        "content": "            super(message);"
      },
      {
        "lineNumber": 6,
        "author": {
          "gitId": "linqing42"
        },
        "content": "        }"
      },
      {
        "lineNumber": 7,
        "author": {
          "gitId": "linqing42"
        },
        "content": "    }"
      }
    ],
    "authorContributionMap": {
      "linqing42": 7
    }
  },
  {
    "path": "src/main/java/Dukes/Event.java",
    "fileType": "java",
    "lines": [
      {
        "lineNumber": 1,
        "author": {
          "gitId": "linqing42"
        },
        "content": "package Dukes;"
      },
      {
        "lineNumber": 2,
        "author": {
          "gitId": "linqing42"
        },
        "content": ""
      },
      {
        "lineNumber": 3,
        "author": {
          "gitId": "linqing42"
        },
        "content": "public class Event extends Task {"
      },
      {
        "lineNumber": 4,
        "author": {
          "gitId": "linqing42"
        },
        "content": "    protected String at;"
      },
      {
        "lineNumber": 5,
        "author": {
          "gitId": "linqing42"
        },
        "content": ""
      },
      {
        "lineNumber": 6,
        "author": {
          "gitId": "linqing42"
        },
        "content": "    public Event(String description, String at) {"
      },
      {
        "lineNumber": 7,
        "author": {
          "gitId": "linqing42"
        },
        "content": "        super(description);"
      },
      {
        "lineNumber": 8,
        "author": {
          "gitId": "linqing42"
        },
        "content": "        this.at \u003d at;"
      },
      {
        "lineNumber": 9,
        "author": {
          "gitId": "linqing42"
        },
        "content": "    }"
      },
      {
        "lineNumber": 10,
        "author": {
          "gitId": "linqing42"
        },
        "content": ""
      },
      {
        "lineNumber": 11,
        "author": {
          "gitId": "linqing42"
        },
        "content": "    @Override"
      },
      {
        "lineNumber": 12,
        "author": {
          "gitId": "linqing42"
        },
        "content": "    public String toString() {"
      },
      {
        "lineNumber": 13,
        "author": {
          "gitId": "linqing42"
        },
        "content": "        return \"[E]\" + super.toString() + \"(at:\" + at + \")\";"
      },
      {
        "lineNumber": 14,
        "author": {
          "gitId": "linqing42"
        },
        "content": "    }"
      },
      {
        "lineNumber": 15,
        "author": {
          "gitId": "linqing42"
        },
        "content": ""
      },
      {
        "lineNumber": 16,
        "author": {
          "gitId": "linqing42"
        },
        "content": "    public String toWriteFile() {"
      },
      {
        "lineNumber": 17,
        "author": {
          "gitId": "linqing42"
        },
        "content": "        return \"E | \" + getFileStatusIcon() + \" | \" + description + \" | \" + at;"
      },
      {
        "lineNumber": 18,
        "author": {
          "gitId": "linqing42"
        },
        "content": "    }"
      },
      {
        "lineNumber": 19,
        "author": {
          "gitId": "linqing42"
        },
        "content": "}"
      },
      {
        "lineNumber": 20,
        "author": {
          "gitId": "linqing42"
        },
        "content": ""
      }
    ],
    "authorContributionMap": {
      "linqing42": 20
    }
  },
  {
    "path": "src/main/java/Dukes/Task.java",
    "fileType": "java",
    "lines": [
      {
        "lineNumber": 1,
        "author": {
          "gitId": "linqing42"
        },
        "content": "package Dukes;"
      },
      {
        "lineNumber": 2,
        "author": {
          "gitId": "linqing42"
        },
        "content": ""
      },
      {
        "lineNumber": 3,
        "author": {
          "gitId": "linqing42"
        },
        "content": ""
      },
      {
        "lineNumber": 4,
        "author": {
          "gitId": "linqing42"
        },
        "content": "public abstract class Task {"
      },
      {
        "lineNumber": 5,
        "author": {
          "gitId": "linqing42"
        },
        "content": "    protected String description;"
      },
      {
        "lineNumber": 6,
        "author": {
          "gitId": "linqing42"
        },
        "content": "    protected boolean isDone;"
      },
      {
        "lineNumber": 7,
        "author": {
          "gitId": "linqing42"
        },
        "content": ""
      },
      {
        "lineNumber": 8,
        "author": {
          "gitId": "linqing42"
        },
        "content": "    public Task(String description) {"
      },
      {
        "lineNumber": 9,
        "author": {
          "gitId": "linqing42"
        },
        "content": "        this.description \u003d description;"
      },
      {
        "lineNumber": 10,
        "author": {
          "gitId": "linqing42"
        },
        "content": "        this.isDone \u003d false;"
      },
      {
        "lineNumber": 11,
        "author": {
          "gitId": "linqing42"
        },
        "content": "    }"
      },
      {
        "lineNumber": 12,
        "author": {
          "gitId": "linqing42"
        },
        "content": ""
      },
      {
        "lineNumber": 13,
        "author": {
          "gitId": "linqing42"
        },
        "content": "    public String getStatusIcon() {"
      },
      {
        "lineNumber": 14,
        "author": {
          "gitId": "linqing42"
        },
        "content": "        return (isDone ? \"\\u2713\" : \"\\u2718\"); //return tick or X symbols"
      },
      {
        "lineNumber": 15,
        "author": {
          "gitId": "linqing42"
        },
        "content": "    }"
      },
      {
        "lineNumber": 16,
        "author": {
          "gitId": "linqing42"
        },
        "content": ""
      },
      {
        "lineNumber": 17,
        "author": {
          "gitId": "linqing42"
        },
        "content": "    public String getFileStatusIcon() {"
      },
      {
        "lineNumber": 18,
        "author": {
          "gitId": "linqing42"
        },
        "content": "        return (isDone ? \"1\" : \"0\");"
      },
      {
        "lineNumber": 19,
        "author": {
          "gitId": "linqing42"
        },
        "content": "    }"
      },
      {
        "lineNumber": 20,
        "author": {
          "gitId": "linqing42"
        },
        "content": ""
      },
      {
        "lineNumber": 21,
        "author": {
          "gitId": "linqing42"
        },
        "content": "    public void setDone() {"
      },
      {
        "lineNumber": 22,
        "author": {
          "gitId": "linqing42"
        },
        "content": "        this.isDone \u003d true;"
      },
      {
        "lineNumber": 23,
        "author": {
          "gitId": "linqing42"
        },
        "content": "    }"
      },
      {
        "lineNumber": 24,
        "author": {
          "gitId": "linqing42"
        },
        "content": ""
      },
      {
        "lineNumber": 25,
        "author": {
          "gitId": "linqing42"
        },
        "content": "    @Override"
      },
      {
        "lineNumber": 26,
        "author": {
          "gitId": "linqing42"
        },
        "content": "    public String toString() {"
      },
      {
        "lineNumber": 27,
        "author": {
          "gitId": "linqing42"
        },
        "content": "        return \"[\" + getStatusIcon() + \"] \" + description;"
      },
      {
        "lineNumber": 28,
        "author": {
          "gitId": "linqing42"
        },
        "content": "    }"
      },
      {
        "lineNumber": 29,
        "author": {
          "gitId": "linqing42"
        },
        "content": ""
      },
      {
        "lineNumber": 30,
        "author": {
          "gitId": "linqing42"
        },
        "content": "    public String toWriteFile() {"
      },
      {
        "lineNumber": 31,
        "author": {
          "gitId": "linqing42"
        },
        "content": "        return \"T | \" + getFileStatusIcon() + \" | \" + description;"
      },
      {
        "lineNumber": 32,
        "author": {
          "gitId": "linqing42"
        },
        "content": "    }"
      },
      {
        "lineNumber": 33,
        "author": {
          "gitId": "linqing42"
        },
        "content": "}"
      },
      {
        "lineNumber": 34,
        "author": {
          "gitId": "linqing42"
        },
        "content": ""
      },
      {
        "lineNumber": 35,
        "author": {
          "gitId": "linqing42"
        },
        "content": ""
      },
      {
        "lineNumber": 36,
        "author": {
          "gitId": "linqing42"
        },
        "content": ""
      }
    ],
    "authorContributionMap": {
      "linqing42": 36
    }
  },
  {
    "path": "src/main/java/Dukes/ToDo.java",
    "fileType": "java",
    "lines": [
      {
        "lineNumber": 1,
        "author": {
          "gitId": "linqing42"
        },
        "content": "package Dukes;"
      },
      {
        "lineNumber": 2,
        "author": {
          "gitId": "linqing42"
        },
        "content": ""
      },
      {
        "lineNumber": 3,
        "author": {
          "gitId": "linqing42"
        },
        "content": ""
      },
      {
        "lineNumber": 4,
        "author": {
          "gitId": "linqing42"
        },
        "content": "public class ToDo extends Task {"
      },
      {
        "lineNumber": 5,
        "author": {
          "gitId": "linqing42"
        },
        "content": ""
      },
      {
        "lineNumber": 6,
        "author": {
          "gitId": "linqing42"
        },
        "content": "    public ToDo(String description) {"
      },
      {
        "lineNumber": 7,
        "author": {
          "gitId": "linqing42"
        },
        "content": "        super(description);"
      },
      {
        "lineNumber": 8,
        "author": {
          "gitId": "linqing42"
        },
        "content": "    }"
      },
      {
        "lineNumber": 9,
        "author": {
          "gitId": "linqing42"
        },
        "content": ""
      },
      {
        "lineNumber": 10,
        "author": {
          "gitId": "linqing42"
        },
        "content": "    @Override"
      },
      {
        "lineNumber": 11,
        "author": {
          "gitId": "linqing42"
        },
        "content": "    public String toString() {"
      },
      {
        "lineNumber": 12,
        "author": {
          "gitId": "linqing42"
        },
        "content": "        return \"[T]\" + super.toString();"
      },
      {
        "lineNumber": 13,
        "author": {
          "gitId": "linqing42"
        },
        "content": "    }"
      },
      {
        "lineNumber": 14,
        "author": {
          "gitId": "linqing42"
        },
        "content": ""
      },
      {
        "lineNumber": 15,
        "author": {
          "gitId": "linqing42"
        },
        "content": "    @Override"
      },
      {
        "lineNumber": 16,
        "author": {
          "gitId": "linqing42"
        },
        "content": "    public String toWriteFile() {"
      },
      {
        "lineNumber": 17,
        "author": {
          "gitId": "linqing42"
        },
        "content": "        return \"T | \" + getFileStatusIcon() + \" | \" + description;"
      },
      {
        "lineNumber": 18,
        "author": {
          "gitId": "linqing42"
        },
        "content": "    }"
      },
      {
        "lineNumber": 19,
        "author": {
          "gitId": "linqing42"
        },
        "content": "}"
      }
    ],
    "authorContributionMap": {
      "linqing42": 19
    }
  },
  {
    "path": "src/main/java/Dukes/Ui.java",
    "fileType": "java",
    "lines": [
      {
        "lineNumber": 1,
        "author": {
          "gitId": "linqing42"
        },
        "content": "package Dukes;"
      },
      {
        "lineNumber": 2,
        "author": {
          "gitId": "linqing42"
        },
        "content": ""
      },
      {
        "lineNumber": 3,
        "author": {
          "gitId": "linqing42"
        },
        "content": "import java.util.Scanner;"
      },
      {
        "lineNumber": 4,
        "author": {
          "gitId": "linqing42"
        },
        "content": ""
      },
      {
        "lineNumber": 5,
        "author": {
          "gitId": "linqing42"
        },
        "content": "public class Ui {"
      },
      {
        "lineNumber": 6,
        "author": {
          "gitId": "linqing42"
        },
        "content": "    public Ui() {"
      },
      {
        "lineNumber": 7,
        "author": {
          "gitId": "linqing42"
        },
        "content": "    }"
      },
      {
        "lineNumber": 8,
        "author": {
          "gitId": "linqing42"
        },
        "content": ""
      },
      {
        "lineNumber": 9,
        "author": {
          "gitId": "linqing42"
        },
        "content": "    public static void printWelcome() {"
      },
      {
        "lineNumber": 10,
        "author": {
          "gitId": "linqing42"
        },
        "content": "        String logo \u003d \" ____        _        \\n\""
      },
      {
        "lineNumber": 11,
        "author": {
          "gitId": "linqing42"
        },
        "content": "                + \"|  _ \\\\ _   _| | _____ \\n\""
      },
      {
        "lineNumber": 12,
        "author": {
          "gitId": "linqing42"
        },
        "content": "                + \"| | | | | | | |/ / _ \\\\\\n\""
      },
      {
        "lineNumber": 13,
        "author": {
          "gitId": "linqing42"
        },
        "content": "                + \"| |_| | |_| |   \u003c  __/\\n\""
      },
      {
        "lineNumber": 14,
        "author": {
          "gitId": "linqing42"
        },
        "content": "                + \"|____/ \\\\__,_|_|\\\\_\\\\___|\\n\";"
      },
      {
        "lineNumber": 15,
        "author": {
          "gitId": "linqing42"
        },
        "content": "        System.out.println(\"Hello from\\n\" + logo);"
      },
      {
        "lineNumber": 16,
        "author": {
          "gitId": "linqing42"
        },
        "content": "        System.out.println(\"Hello! I\u0027m Duke\\nWhat can I do for you?\\n\");"
      },
      {
        "lineNumber": 17,
        "author": {
          "gitId": "linqing42"
        },
        "content": "    }"
      },
      {
        "lineNumber": 18,
        "author": {
          "gitId": "linqing42"
        },
        "content": ""
      },
      {
        "lineNumber": 19,
        "author": {
          "gitId": "linqing42"
        },
        "content": "    public static void showExit() {"
      },
      {
        "lineNumber": 20,
        "author": {
          "gitId": "linqing42"
        },
        "content": "        System.out.println(\"   Bye. Hope to see you again soon!\");"
      },
      {
        "lineNumber": 21,
        "author": {
          "gitId": "linqing42"
        },
        "content": "    }"
      },
      {
        "lineNumber": 22,
        "author": {
          "gitId": "linqing42"
        },
        "content": "}"
      }
    ],
    "authorContributionMap": {
      "linqing42": 22
    }
  },
  {
    "path": "src/main/java/Dukes/data/duke.txt",
    "fileType": "txt",
    "lines": [
      {
        "lineNumber": 1,
        "author": {
          "gitId": "linqing42"
        },
        "content": "T | 1 | read book"
      },
      {
        "lineNumber": 2,
        "author": {
          "gitId": "linqing42"
        },
        "content": "D | 0 | deadline return book  |  june 6th"
      },
      {
        "lineNumber": 3,
        "author": {
          "gitId": "linqing42"
        },
        "content": "E | 0 | event project meeting  |  Aug 6th 2-4pm"
      },
      {
        "lineNumber": 4,
        "author": {
          "gitId": "linqing42"
        },
        "content": "T | 1 | join sports club"
      }
    ],
    "authorContributionMap": {
      "linqing42": 4
    }
  },
  {
    "path": "text-ui-test/input.txt",
    "fileType": "txt",
    "lines": [
      {
        "lineNumber": 1,
        "author": {
          "gitId": "linqing42"
        },
        "content": "todo borrow book"
      },
      {
        "lineNumber": 2,
        "author": {
          "gitId": "linqing42"
        },
        "content": "deadline return book /by Sunday"
      },
      {
        "lineNumber": 3,
        "author": {
          "gitId": "linqing42"
        },
        "content": "event project meeting /at Mon 2-4pm"
      },
      {
        "lineNumber": 4,
        "author": {
          "gitId": "linqing42"
        },
        "content": "done 2"
      },
      {
        "lineNumber": 5,
        "author": {
          "gitId": "linqing42"
        },
        "content": "list"
      },
      {
        "lineNumber": 6,
        "author": {
          "gitId": "linqing42"
        },
        "content": "bye"
      }
    ],
    "authorContributionMap": {
      "linqing42": 6
    }
  },
  {
    "path": "text-ui-test/runtest.bat",
    "fileType": "bat",
    "lines": [
      {
        "lineNumber": 1,
        "author": {
          "gitId": "-"
        },
        "content": "@ECHO OFF"
      },
      {
        "lineNumber": 2,
        "author": {
          "gitId": "-"
        },
        "content": ""
      },
      {
        "lineNumber": 3,
        "author": {
          "gitId": "-"
        },
        "content": "REM create bin directory if it doesn\u0027t exist"
      },
      {
        "lineNumber": 4,
        "author": {
          "gitId": "-"
        },
        "content": "if not exist ..\\bin mkdir ..\\bin"
      },
      {
        "lineNumber": 5,
        "author": {
          "gitId": "-"
        },
        "content": ""
      },
      {
        "lineNumber": 6,
        "author": {
          "gitId": "-"
        },
        "content": "REM delete output from previous run"
      },
      {
        "lineNumber": 7,
        "author": {
          "gitId": "-"
        },
        "content": "del ACTUAL.TXT"
      },
      {
        "lineNumber": 8,
        "author": {
          "gitId": "-"
        },
        "content": ""
      },
      {
        "lineNumber": 9,
        "author": {
          "gitId": "-"
        },
        "content": "REM compile the code into the bin folder"
      },
      {
        "lineNumber": 10,
        "author": {
          "gitId": "linqing42"
        },
        "content": "javac  -cp ..\\src\\main\\java -Xlint:none -d ..\\bin ..\\src\\main\\java\\Duke.java"
      },
      {
        "lineNumber": 11,
        "author": {
          "gitId": "-"
        },
        "content": "IF ERRORLEVEL 1 ("
      },
      {
        "lineNumber": 12,
        "author": {
          "gitId": "-"
        },
        "content": "    echo ********** BUILD FAILURE **********"
      },
      {
        "lineNumber": 13,
        "author": {
          "gitId": "-"
        },
        "content": "    exit /b 1"
      },
      {
        "lineNumber": 14,
        "author": {
          "gitId": "-"
        },
        "content": ")"
      },
      {
        "lineNumber": 15,
        "author": {
          "gitId": "-"
        },
        "content": "REM no error here, errorlevel \u003d\u003d 0"
      },
      {
        "lineNumber": 16,
        "author": {
          "gitId": "-"
        },
        "content": ""
      },
      {
        "lineNumber": 17,
        "author": {
          "gitId": "-"
        },
        "content": "REM run the program, feed commands from input.txt file and redirect the output to the ACTUAL.TXT"
      },
      {
        "lineNumber": 18,
        "author": {
          "gitId": "-"
        },
        "content": "java -classpath ..\\bin Duke \u003c input.txt \u003e ACTUAL.TXT"
      },
      {
        "lineNumber": 19,
        "author": {
          "gitId": "-"
        },
        "content": ""
      },
      {
        "lineNumber": 20,
        "author": {
          "gitId": "-"
        },
        "content": "REM compare the output to the expected output"
      },
      {
        "lineNumber": 21,
        "author": {
          "gitId": "-"
        },
        "content": "FC ACTUAL.TXT EXPECTED.TXT"
      }
    ],
    "authorContributionMap": {
      "linqing42": 1,
      "-": 20
    }
  }
]
