{
  "authorDailyContributionsMap": {
    "linqing42": [
      {
        "date": "2020-08-18",
        "commitResults": [
          {
            "hash": "181bb4548204241005093990d71beea537b9b77d",
            "messageTitle": "Level 0: Greet",
            "messageBody": "",
            "tags": [
              "Level-0"
            ],
            "fileTypesAndContributionMap": {
              "java": {
                "insertions": 9,
                "deletions": 0
              }
            }
          }
        ]
      },
      {
        "date": "2020-08-20",
        "commitResults": [
          {
            "hash": "ac1c162d2974e622d545e4b9e0584308b196d29c",
            "messageTitle": "Level-1: Greet, Echo, Exit",
            "messageBody": "",
            "tags": [
              "Level-1"
            ],
            "fileTypesAndContributionMap": {
              "java": {
                "insertions": 15,
                "deletions": 1
              }
            }
          }
        ]
      },
      {
        "date": "2020-08-21",
        "commitResults": [
          {
            "hash": "ecacac849ac657bce22dbcc3dd4a1f6867cb4fa8",
            "messageTitle": "Level 2. Add, List(Add the ability to store whatever text entered by the user and display them back to the user when requested.)",
            "messageBody": "",
            "fileTypesAndContributionMap": {
              "java": {
                "insertions": 18,
                "deletions": 6
              }
            }
          },
          {
            "hash": "e1cfbf991e7a90a03b708ecc26e534a4f3c615df",
            "messageTitle": "case for list is empty",
            "messageBody": "",
            "tags": [
              "Level-2"
            ],
            "fileTypesAndContributionMap": {
              "java": {
                "insertions": 4,
                "deletions": 1
              }
            }
          }
        ]
      },
      {
        "date": "2020-08-23",
        "commitResults": [
          {
            "hash": "f5608da7b457487ee05ab18a257d79532071f671",
            "messageTitle": "mark as done",
            "messageBody": "",
            "tags": [
              "Level-3"
            ],
            "fileTypesAndContributionMap": {
              "java": {
                "insertions": 54,
                "deletions": 11
              }
            }
          }
        ]
      },
      {
        "date": "2020-08-26",
        "commitResults": [
          {
            "hash": "10381c73a5a18107c83df69e443c6e229a7039cd",
            "messageTitle": "add todo,event and deadline",
            "messageBody": "",
            "tags": [
              "Level-4",
              "Leve-4"
            ],
            "fileTypesAndContributionMap": {
              "java": {
                "insertions": 87,
                "deletions": 14
              }
            }
          }
        ]
      },
      {
        "date": "2020-08-28",
        "commitResults": [
          {
            "hash": "f1b0775c8b0843030c90c00fed37a6d32fa81d3a",
            "messageTitle": "uing .bat",
            "messageBody": "",
            "tags": [
              "A-TextUiTesting"
            ],
            "fileTypesAndContributionMap": {
              "txt": {
                "insertions": 6,
                "deletions": 0
              },
              "java": {
                "insertions": 10,
                "deletions": 14
              },
              "bat": {
                "insertions": 1,
                "deletions": 1
              },
              "sh": {
                "insertions": 0,
                "deletions": 38
              }
            }
          },
          {
            "hash": "d06c11bfac45c95395ff56e8ebfb5bd41900d4c2",
            "messageTitle": "coding standard",
            "messageBody": "",
            "tags": [
              "A-CodingStandard"
            ],
            "fileTypesAndContributionMap": {
              "java": {
                "insertions": 28,
                "deletions": 35
              }
            }
          }
        ]
      },
      {
        "date": "2020-08-30",
        "commitResults": [
          {
            "hash": "684ae3a7797c16b5fc2ade1ac13081e9d554cd78",
            "messageTitle": "handle for todo case",
            "messageBody": "",
            "fileTypesAndContributionMap": {
              "java": {
                "insertions": 102,
                "deletions": 64
              }
            }
          }
        ]
      },
      {
        "date": "2020-08-31",
        "commitResults": [
          {
            "hash": "fe434fa558b9e2f4128795b32387f5d04c4cbdff",
            "messageTitle": "handle some error cases",
            "messageBody": "",
            "tags": [
              "Level-5"
            ],
            "fileTypesAndContributionMap": {
              "java": {
                "insertions": 68,
                "deletions": 53
              }
            }
          }
        ]
      },
      {
        "date": "2020-09-04",
        "commitResults": [
          {
            "hash": "338e3128815ea7d15e63e695d11554ec90cbf71b",
            "messageTitle": "improve code quality with some handle error edit",
            "messageBody": "",
            "tags": [
              "A-CodeQuality"
            ],
            "fileTypesAndContributionMap": {
              "java": {
                "insertions": 133,
                "deletions": 105
              },
              "md": {
                "insertions": 2,
                "deletions": 2
              }
            }
          },
          {
            "hash": "6045c175ea824f94da2730a58507687097f0d6da",
            "messageTitle": "add empty list and done for handle error",
            "messageBody": "",
            "fileTypesAndContributionMap": {
              "java": {
                "insertions": 66,
                "deletions": 74
              }
            }
          },
          {
            "hash": "ae94c8eb45f72e1794957ea60ff50df8b8aef359",
            "messageTitle": "change task class to abstract class",
            "messageBody": "",
            "tags": [
              "A-AbstractClasses"
            ],
            "fileTypesAndContributionMap": {
              "java": {
                "insertions": 6,
                "deletions": 3
              }
            }
          },
          {
            "hash": "259f46aa5f8febbcf594cb6d4f02fa980cc52549",
            "messageTitle": "all classes into one package",
            "messageBody": "",
            "tags": [
              "A-Packages"
            ],
            "fileTypesAndContributionMap": {
              "java": {
                "insertions": 1,
                "deletions": 9
              }
            }
          }
        ]
      },
      {
        "date": "2020-09-06",
        "commitResults": [
          {
            "hash": "cda6cba260b62b9ad3d89358b854f29013226922",
            "messageTitle": "add delete",
            "messageBody": "",
            "fileTypesAndContributionMap": {
              "java": {
                "insertions": 20,
                "deletions": 5
              }
            }
          },
          {
            "hash": "45cdfba515ec39a29cbd5710ccca624e05f165ca",
            "messageTitle": "Revert \"add delete\"",
            "messageBody": "This reverts commit cda6cba260b62b9ad3d89358b854f29013226922.\n",
            "fileTypesAndContributionMap": {
              "java": {
                "insertions": 5,
                "deletions": 20
              }
            }
          },
          {
            "hash": "f032bcf2dffd76624d393e45b83f7202a38687da",
            "messageTitle": "add delete and some error to handle",
            "messageBody": "",
            "fileTypesAndContributionMap": {
              "java": {
                "insertions": 20,
                "deletions": 6
              }
            }
          },
          {
            "hash": "ae1b097e90ed75a59d516c70d1043897fe9505b9",
            "messageTitle": "add delete",
            "messageBody": "",
            "fileTypesAndContributionMap": {
              "java": {
                "insertions": 1,
                "deletions": 1
              }
            }
          },
          {
            "hash": "060086149b8deb8e3248d882e53d96ce308f9304",
            "messageTitle": "store in hard disk",
            "messageBody": "",
            "fileTypesAndContributionMap": {
              "java": {
                "insertions": 92,
                "deletions": 3
              }
            }
          },
          {
            "hash": "25737863cbc7de0274273dd174ad7348f07af12e",
            "messageTitle": "store in hard disk",
            "messageBody": "",
            "fileTypesAndContributionMap": {
              "txt": {
                "insertions": 4,
                "deletions": 0
              }
            }
          }
        ]
      },
      {
        "date": "2020-09-07",
        "commitResults": [
          {
            "hash": "924a9f2f380f49e153d290773a688ad42e346bf8",
            "messageTitle": "Revert \"store in hard disk\"",
            "messageBody": "This reverts commit 25737863cbc7de0274273dd174ad7348f07af12e.\n",
            "fileTypesAndContributionMap": {
              "txt": {
                "insertions": 0,
                "deletions": 4
              }
            }
          },
          {
            "hash": "0eed44e0a4f57b6f980dd406d7e541bfb11c46db",
            "messageTitle": "add delete with some handle error",
            "messageBody": "",
            "tags": [
              "Level-6"
            ],
            "fileTypesAndContributionMap": {
              "java": {
                "insertions": 2,
                "deletions": 78
              }
            }
          }
        ]
      },
      {
        "date": "2020-09-08",
        "commitResults": [
          {
            "hash": "345c402e419979c6814a553dc1a2676dac9d6b08",
            "messageTitle": "add store in hard disk",
            "messageBody": "",
            "tags": [
              "Level-7"
            ],
            "fileTypesAndContributionMap": {
              "txt": {
                "insertions": 4,
                "deletions": 0
              },
              "java": {
                "insertions": 80,
                "deletions": 4
              }
            }
          }
        ]
      },
      {
        "date": "2020-09-14",
        "commitResults": [
          {
            "hash": "517674991dfda74f94fed8e3e03f81abe551b7ac",
            "messageTitle": "more OOP",
            "messageBody": "",
            "fileTypesAndContributionMap": {
              "txt": {
                "insertions": 0,
                "deletions": 4
              },
              "java": {
                "insertions": 561,
                "deletions": 182
              }
            }
          },
          {
            "hash": "2aa299e70c508bf15a508ef26a1f4b81260060ce",
            "messageTitle": "add javaDoc",
            "messageBody": "",
            "fileTypesAndContributionMap": {
              "java": {
                "insertions": 201,
                "deletions": 138
              }
            }
          },
          {
            "hash": "6f056a62cfed66d19c2c8b6ea378502c1e558082",
            "messageTitle": "java doc",
            "messageBody": "",
            "fileTypesAndContributionMap": {
              "java": {
                "insertions": 1,
                "deletions": 1
              }
            }
          },
          {
            "hash": "77a5449667d50cac82c39f11a1b6faed7e72c3d6",
            "messageTitle": "exceptions",
            "messageBody": "",
            "fileTypesAndContributionMap": {
              "java": {
                "insertions": 13,
                "deletions": 8
              }
            }
          },
          {
            "hash": "c5cf5fb11058eb279daa20d063b89ef4b873c212",
            "messageTitle": "edit",
            "messageBody": "",
            "fileTypesAndContributionMap": {
              "java": {
                "insertions": 1,
                "deletions": 1
              }
            }
          },
          {
            "hash": "b803bc501a1c972e8e4a006480546efdabc4edc2",
            "messageTitle": "add duke.txt",
            "messageBody": "",
            "fileTypesAndContributionMap": {
              "txt": {
                "insertions": 4,
                "deletions": 0
              }
            }
          },
          {
            "hash": "7845cda1af1ea5fb275b3e9720f633250c14bc60",
            "messageTitle": "nothing",
            "messageBody": "",
            "fileTypesAndContributionMap": {
              "java": {
                "insertions": 1,
                "deletions": 1
              }
            }
          },
          {
            "hash": "c33605c5d3918df836ffbd2bce9a300e24bd3b8f",
            "messageTitle": "more OOP",
            "messageBody": "",
            "fileTypesAndContributionMap": {
              "txt": {
                "insertions": 1,
                "deletions": 4
              },
              "java": {
                "insertions": 29,
                "deletions": 15
              }
            }
          },
          {
            "hash": "97313c2bbee06718ba2a14bd9a9e7018fcbc05dd",
            "messageTitle": "add time and date for deadline and event",
            "messageBody": "",
            "fileTypesAndContributionMap": {
              "java": {
                "insertions": 106,
                "deletions": 146
              }
            }
          },
          {
            "hash": "ed3aa0f12af3d8631fcbb4708eb7a48a275f304e",
            "messageTitle": "handle error for time and date in deadline and event",
            "messageBody": "",
            "fileTypesAndContributionMap": {
              "java": {
                "insertions": 66,
                "deletions": 80
              }
            }
          },
          {
            "hash": "f9e7d482e4d612219badec3aa3cddb4a5a016b2c",
            "messageTitle": "handle error for time and date in deadline and event",
            "messageBody": "",
            "fileTypesAndContributionMap": {
              "java": {
                "insertions": 0,
                "deletions": 2
              }
            }
          }
        ]
      },
      {
        "date": "2020-09-18",
        "commitResults": [
          {
            "hash": "3b3b457e34456851623b6c24c2e1d4e2065937fc",
            "messageTitle": "update",
            "messageBody": "",
            "fileTypesAndContributionMap": {
              "txt": {
                "insertions": 1,
                "deletions": 1
              },
              "java": {
                "insertions": 2,
                "deletions": 2
              }
            }
          }
        ]
      },
      {
        "date": "2020-09-20",
        "commitResults": [
          {
            "hash": "77022d63883fd2a1e309a1201e138cbc2b65b56d",
            "messageTitle": "add find task",
            "messageBody": "",
            "fileTypesAndContributionMap": {
              "txt": {
                "insertions": 3,
                "deletions": 1
              },
              "java": {
                "insertions": 91,
                "deletions": 28
              }
            }
          },
          {
            "hash": "db9c39a0efd6ce9c077aa73cba7e80004dc940aa",
            "messageTitle": "update",
            "messageBody": "",
            "tags": [
              "Level-9"
            ],
            "fileTypesAndContributionMap": {
              "txt": {
                "insertions": 0,
                "deletions": 2
              },
              "java": {
                "insertions": 2,
                "deletions": 3
              }
            }
          },
          {
            "hash": "12f46fec7219fb050b610a6ba10e4c8162901c52",
            "messageTitle": "add JUnit test",
            "messageBody": "",
            "fileTypesAndContributionMap": {
              "txt": {
                "insertions": 1,
                "deletions": 1
              },
              "java": {
                "insertions": 4,
                "deletions": 2
              }
            }
          },
          {
            "hash": "14985ba0112e367a72376f50bd80ba11720c9087",
            "messageTitle": "add JUnit test",
            "messageBody": "",
            "fileTypesAndContributionMap": {
              "java": {
                "insertions": 62,
                "deletions": 0
              }
            }
          },
          {
            "hash": "4732d8978d62b2969769fe5348dd7cdedde9c859",
            "messageTitle": "latest update",
            "messageBody": "",
            "fileTypesAndContributionMap": {
              "txt": {
                "insertions": 3,
                "deletions": 0
              },
              "java": {
                "insertions": 16,
                "deletions": 13
              }
            }
          },
          {
            "hash": "25507db3d0542f4ba8218ead2ad282e8b8953dfc",
            "messageTitle": "latest update",
            "messageBody": "",
            "tags": [
              "A-JUnit"
            ],
            "fileTypesAndContributionMap": {
              "java": {
                "insertions": 1,
                "deletions": 1
              },
              "bat": {
                "insertions": 3,
                "deletions": 1
              }
            }
          }
        ]
      },
      {
        "date": "2020-09-21",
        "commitResults": [
          {
            "hash": "0afe19a858dd744840598a9ec709b098fc094fab",
            "messageTitle": "add readme.md",
            "messageBody": "",
            "fileTypesAndContributionMap": {
              "txt": {
                "insertions": 3,
                "deletions": 4
              },
              "java": {
                "insertions": 23,
                "deletions": 18
              },
              "md": {
                "insertions": 230,
                "deletions": 5
              }
            }
          },
          {
            "hash": "cb18b937b615d32352d0ea87758bcc51a0f5f9d5",
            "messageTitle": "add readme.md",
            "messageBody": "",
            "fileTypesAndContributionMap": {
              "md": {
                "insertions": 12,
                "deletions": 0
              }
            }
          },
          {
            "hash": "65cc0fcbd348dc174ddf61f6927d433b8894e89b",
            "messageTitle": "Update README.md",
            "messageBody": "",
            "fileTypesAndContributionMap": {
              "md": {
                "insertions": 21,
                "deletions": 22
              }
            }
          },
          {
            "hash": "5f32a0294699b768616b815031ebafa2a5257197",
            "messageTitle": "Update README.md",
            "messageBody": "",
            "fileTypesAndContributionMap": {
              "md": {
                "insertions": 95,
                "deletions": 121
              }
            }
          },
          {
            "hash": "6e03d3ae786ce48c88f825da83ca603e1dd9fc2f",
            "messageTitle": "Update README.md",
            "messageBody": "",
            "fileTypesAndContributionMap": {
              "md": {
                "insertions": 21,
                "deletions": 21
              }
            }
          },
          {
            "hash": "11cd8224a36a98e563515ea2073143fceafc5a82",
            "messageTitle": "Update README.md",
            "messageBody": "",
            "fileTypesAndContributionMap": {
              "md": {
                "insertions": 3,
                "deletions": 3
              }
            }
          },
          {
            "hash": "97adb5170c8bcbc87be6cf06330db2d6321e9c31",
            "messageTitle": "Update README.md",
            "messageBody": "",
            "fileTypesAndContributionMap": {
              "md": {
                "insertions": 3,
                "deletions": 3
              }
            }
          },
          {
            "hash": "4d9fc8e970419092282e152dac7f0dc6ce4842f8",
            "messageTitle": "Update README.md",
            "messageBody": "",
            "fileTypesAndContributionMap": {
              "md": {
                "insertions": 5,
                "deletions": 5
              }
            }
          },
          {
            "hash": "9fddacbbdca8a5ab3eabdb6a1dec1ea9475311c5",
            "messageTitle": "Update README.md",
            "messageBody": "",
            "fileTypesAndContributionMap": {
              "md": {
                "insertions": 6,
                "deletions": 6
              }
            }
          },
          {
            "hash": "2ad403bbdf35bc8d4b2d1b567ab718d52a068f3a",
            "messageTitle": "Update README.md",
            "messageBody": "",
            "fileTypesAndContributionMap": {
              "md": {
                "insertions": 8,
                "deletions": 8
              }
            }
          },
          {
            "hash": "6d2e23be64f8585832cea52a66143b4c1fe61627",
            "messageTitle": "Update README.md",
            "messageBody": "",
            "fileTypesAndContributionMap": {
              "md": {
                "insertions": 26,
                "deletions": 26
              }
            }
          },
          {
            "hash": "2a671147eba13a384686981f6753454ab373da1c",
            "messageTitle": "Update README.md",
            "messageBody": "",
            "fileTypesAndContributionMap": {
              "md": {
                "insertions": 10,
                "deletions": 10
              }
            }
          },
          {
            "hash": "f8e0a033472a07b3e4f6c1624515591276da680f",
            "messageTitle": "Update README.md",
            "messageBody": "",
            "fileTypesAndContributionMap": {
              "md": {
                "insertions": 1,
                "deletions": 1
              }
            }
          },
          {
            "hash": "1fb673b01b01922416a60d3371d2b8b086ce8c76",
            "messageTitle": "add readme.md",
            "messageBody": "",
            "fileTypesAndContributionMap": {
              "md": {
                "insertions": 1,
                "deletions": 1
              }
            }
          }
        ]
      }
    ]
  },
  "authorFileTypeContributionMap": {
    "linqing42": {
      "java": 863,
      "md": 218,
      "fxml": 0,
      "sh": 0,
      "bat": 3,
      "gradle": 0,
      "txt": 9
    }
  },
  "authorContributionVariance": {
    "linqing42": 74828.92
  },
  "authorDisplayNameMap": {
    "linqing42": "LIN ..QING"
  }
}
