{
  "authorDailyContributionsMap": {
    "linqing42": [
      {
        "date": "2020-08-18",
        "commitResults": [
          {
            "hash": "181bb4548204241005093990d71beea537b9b77d",
            "messageTitle": "Level 0: Greet",
            "messageBody": "",
            "tags": [
              "Level-0"
            ],
            "fileTypesAndContributionMap": {
              "java": {
                "insertions": 9,
                "deletions": 0
              }
            }
          }
        ]
      },
      {
        "date": "2020-08-20",
        "commitResults": [
          {
            "hash": "ac1c162d2974e622d545e4b9e0584308b196d29c",
            "messageTitle": "Level-1: Greet, Echo, Exit",
            "messageBody": "",
            "tags": [
              "Level-1"
            ],
            "fileTypesAndContributionMap": {
              "java": {
                "insertions": 15,
                "deletions": 1
              }
            }
          }
        ]
      },
      {
        "date": "2020-08-21",
        "commitResults": [
          {
            "hash": "ecacac849ac657bce22dbcc3dd4a1f6867cb4fa8",
            "messageTitle": "Level 2. Add, List(Add the ability to store whatever text entered by the user and display them back to the user when requested.)",
            "messageBody": "",
            "fileTypesAndContributionMap": {
              "java": {
                "insertions": 18,
                "deletions": 6
              }
            }
          },
          {
            "hash": "e1cfbf991e7a90a03b708ecc26e534a4f3c615df",
            "messageTitle": "case for list is empty",
            "messageBody": "",
            "tags": [
              "Level-2"
            ],
            "fileTypesAndContributionMap": {
              "java": {
                "insertions": 4,
                "deletions": 1
              }
            }
          }
        ]
      },
      {
        "date": "2020-08-23",
        "commitResults": [
          {
            "hash": "f5608da7b457487ee05ab18a257d79532071f671",
            "messageTitle": "mark as done",
            "messageBody": "",
            "tags": [
              "Level-3"
            ],
            "fileTypesAndContributionMap": {
              "java": {
                "insertions": 54,
                "deletions": 11
              }
            }
          }
        ]
      },
      {
        "date": "2020-08-26",
        "commitResults": [
          {
            "hash": "10381c73a5a18107c83df69e443c6e229a7039cd",
            "messageTitle": "add todo,event and deadline",
            "messageBody": "",
            "tags": [
              "Level-4",
              "Leve-4"
            ],
            "fileTypesAndContributionMap": {
              "java": {
                "insertions": 87,
                "deletions": 14
              }
            }
          }
        ]
      },
      {
        "date": "2020-08-28",
        "commitResults": [
          {
            "hash": "f1b0775c8b0843030c90c00fed37a6d32fa81d3a",
            "messageTitle": "uing .bat",
            "messageBody": "",
            "tags": [
              "A-TextUiTesting"
            ],
            "fileTypesAndContributionMap": {
              "txt": {
                "insertions": 6,
                "deletions": 0
              },
              "java": {
                "insertions": 10,
                "deletions": 14
              },
              "bat": {
                "insertions": 1,
                "deletions": 1
              },
              "sh": {
                "insertions": 0,
                "deletions": 38
              }
            }
          },
          {
            "hash": "d06c11bfac45c95395ff56e8ebfb5bd41900d4c2",
            "messageTitle": "coding standard",
            "messageBody": "",
            "tags": [
              "A-CodingStandard"
            ],
            "fileTypesAndContributionMap": {
              "java": {
                "insertions": 28,
                "deletions": 35
              }
            }
          }
        ]
      },
      {
        "date": "2020-08-30",
        "commitResults": [
          {
            "hash": "684ae3a7797c16b5fc2ade1ac13081e9d554cd78",
            "messageTitle": "handle for todo case",
            "messageBody": "",
            "fileTypesAndContributionMap": {
              "java": {
                "insertions": 102,
                "deletions": 64
              }
            }
          }
        ]
      },
      {
        "date": "2020-08-31",
        "commitResults": [
          {
            "hash": "fe434fa558b9e2f4128795b32387f5d04c4cbdff",
            "messageTitle": "handle some error cases",
            "messageBody": "",
            "tags": [
              "Level-5"
            ],
            "fileTypesAndContributionMap": {
              "java": {
                "insertions": 68,
                "deletions": 53
              }
            }
          }
        ]
      },
      {
        "date": "2020-09-04",
        "commitResults": [
          {
            "hash": "338e3128815ea7d15e63e695d11554ec90cbf71b",
            "messageTitle": "improve code quality with some handle error edit",
            "messageBody": "",
            "tags": [
              "A-CodeQuality"
            ],
            "fileTypesAndContributionMap": {
              "java": {
                "insertions": 133,
                "deletions": 105
              },
              "md": {
                "insertions": 2,
                "deletions": 2
              }
            }
          },
          {
            "hash": "6045c175ea824f94da2730a58507687097f0d6da",
            "messageTitle": "add empty list and done for handle error",
            "messageBody": "",
            "fileTypesAndContributionMap": {
              "java": {
                "insertions": 66,
                "deletions": 74
              }
            }
          },
          {
            "hash": "ae94c8eb45f72e1794957ea60ff50df8b8aef359",
            "messageTitle": "change task class to abstract class",
            "messageBody": "",
            "tags": [
              "A-AbstractClasses"
            ],
            "fileTypesAndContributionMap": {
              "java": {
                "insertions": 6,
                "deletions": 3
              }
            }
          },
          {
            "hash": "259f46aa5f8febbcf594cb6d4f02fa980cc52549",
            "messageTitle": "all classes into one package",
            "messageBody": "",
            "tags": [
              "A-Packages"
            ],
            "fileTypesAndContributionMap": {
              "java": {
                "insertions": 1,
                "deletions": 9
              }
            }
          }
        ]
      },
      {
        "date": "2020-09-06",
        "commitResults": [
          {
            "hash": "cda6cba260b62b9ad3d89358b854f29013226922",
            "messageTitle": "add delete",
            "messageBody": "",
            "fileTypesAndContributionMap": {
              "java": {
                "insertions": 20,
                "deletions": 5
              }
            }
          },
          {
            "hash": "45cdfba515ec39a29cbd5710ccca624e05f165ca",
            "messageTitle": "Revert \"add delete\"",
            "messageBody": "This reverts commit cda6cba260b62b9ad3d89358b854f29013226922.\n",
            "fileTypesAndContributionMap": {
              "java": {
                "insertions": 5,
                "deletions": 20
              }
            }
          },
          {
            "hash": "f032bcf2dffd76624d393e45b83f7202a38687da",
            "messageTitle": "add delete and some error to handle",
            "messageBody": "",
            "fileTypesAndContributionMap": {
              "java": {
                "insertions": 20,
                "deletions": 6
              }
            }
          },
          {
            "hash": "ae1b097e90ed75a59d516c70d1043897fe9505b9",
            "messageTitle": "add delete",
            "messageBody": "",
            "fileTypesAndContributionMap": {
              "java": {
                "insertions": 1,
                "deletions": 1
              }
            }
          },
          {
            "hash": "060086149b8deb8e3248d882e53d96ce308f9304",
            "messageTitle": "store in hard disk",
            "messageBody": "",
            "fileTypesAndContributionMap": {
              "java": {
                "insertions": 92,
                "deletions": 3
              }
            }
          },
          {
            "hash": "25737863cbc7de0274273dd174ad7348f07af12e",
            "messageTitle": "store in hard disk",
            "messageBody": "",
            "fileTypesAndContributionMap": {
              "txt": {
                "insertions": 4,
                "deletions": 0
              }
            }
          }
        ]
      },
      {
        "date": "2020-09-07",
        "commitResults": [
          {
            "hash": "924a9f2f380f49e153d290773a688ad42e346bf8",
            "messageTitle": "Revert \"store in hard disk\"",
            "messageBody": "This reverts commit 25737863cbc7de0274273dd174ad7348f07af12e.\n",
            "fileTypesAndContributionMap": {
              "txt": {
                "insertions": 0,
                "deletions": 4
              }
            }
          },
          {
            "hash": "0eed44e0a4f57b6f980dd406d7e541bfb11c46db",
            "messageTitle": "add delete with some handle error",
            "messageBody": "",
            "tags": [
              "Level-6"
            ],
            "fileTypesAndContributionMap": {
              "java": {
                "insertions": 2,
                "deletions": 78
              }
            }
          }
        ]
      },
      {
        "date": "2020-09-08",
        "commitResults": [
          {
            "hash": "345c402e419979c6814a553dc1a2676dac9d6b08",
            "messageTitle": "add store in hard disk",
            "messageBody": "",
            "tags": [
              "Level-7"
            ],
            "fileTypesAndContributionMap": {
              "txt": {
                "insertions": 4,
                "deletions": 0
              },
              "java": {
                "insertions": 80,
                "deletions": 4
              }
            }
          }
        ]
      },
      {
        "date": "2020-09-14",
        "commitResults": [
          {
            "hash": "517674991dfda74f94fed8e3e03f81abe551b7ac",
            "messageTitle": "more OOP",
            "messageBody": "",
            "fileTypesAndContributionMap": {
              "txt": {
                "insertions": 0,
                "deletions": 4
              },
              "java": {
                "insertions": 561,
                "deletions": 182
              }
            }
          },
          {
            "hash": "2aa299e70c508bf15a508ef26a1f4b81260060ce",
            "messageTitle": "add javaDoc",
            "messageBody": "",
            "fileTypesAndContributionMap": {
              "java": {
                "insertions": 201,
                "deletions": 138
              }
            }
          },
          {
            "hash": "6f056a62cfed66d19c2c8b6ea378502c1e558082",
            "messageTitle": "java doc",
            "messageBody": "",
            "fileTypesAndContributionMap": {
              "java": {
                "insertions": 1,
                "deletions": 1
              }
            }
          },
          {
            "hash": "77a5449667d50cac82c39f11a1b6faed7e72c3d6",
            "messageTitle": "exceptions",
            "messageBody": "",
            "fileTypesAndContributionMap": {
              "java": {
                "insertions": 13,
                "deletions": 8
              }
            }
          }
        ]
      }
    ]
  },
  "authorFileTypeContributionMap": {
    "linqing42": {
      "java": 771,
      "md": 2,
      "fxml": 0,
      "sh": 0,
      "bat": 1,
      "gradle": 0,
      "txt": 6
    }
  },
  "authorContributionVariance": {
    "linqing42": 41160.773
  },
  "authorDisplayNameMap": {
    "linqing42": "LIN ..QING"
  }
}
