{
  "authorDailyContributionsMap": {
    "linqing42": [
      {
        "date": "2020-08-18",
        "commitResults": [
          {
            "hash": "181bb4548204241005093990d71beea537b9b77d",
            "messageTitle": "Level 0: Greet",
            "messageBody": "",
            "tags": [
              "Level-0"
            ],
            "fileTypesAndContributionMap": {
              "java": {
                "insertions": 9,
                "deletions": 0
              }
            }
          }
        ]
      },
      {
        "date": "2020-08-20",
        "commitResults": [
          {
            "hash": "ac1c162d2974e622d545e4b9e0584308b196d29c",
            "messageTitle": "Level-1: Greet, Echo, Exit",
            "messageBody": "",
            "tags": [
              "Level-1"
            ],
            "fileTypesAndContributionMap": {
              "java": {
                "insertions": 15,
                "deletions": 1
              }
            }
          }
        ]
      },
      {
        "date": "2020-08-21",
        "commitResults": [
          {
            "hash": "ecacac849ac657bce22dbcc3dd4a1f6867cb4fa8",
            "messageTitle": "Level 2. Add, List(Add the ability to store whatever text entered by the user and display them back to the user when requested.)",
            "messageBody": "",
            "fileTypesAndContributionMap": {
              "java": {
                "insertions": 18,
                "deletions": 6
              }
            }
          },
          {
            "hash": "e1cfbf991e7a90a03b708ecc26e534a4f3c615df",
            "messageTitle": "case for list is empty",
            "messageBody": "",
            "tags": [
              "Level-2"
            ],
            "fileTypesAndContributionMap": {
              "java": {
                "insertions": 4,
                "deletions": 1
              }
            }
          }
        ]
      },
      {
        "date": "2020-08-23",
        "commitResults": [
          {
            "hash": "f5608da7b457487ee05ab18a257d79532071f671",
            "messageTitle": "mark as done",
            "messageBody": "",
            "tags": [
              "Level-3"
            ],
            "fileTypesAndContributionMap": {
              "java": {
                "insertions": 54,
                "deletions": 11
              }
            }
          }
        ]
      },
      {
        "date": "2020-08-26",
        "commitResults": [
          {
            "hash": "10381c73a5a18107c83df69e443c6e229a7039cd",
            "messageTitle": "add todo,event and deadline",
            "messageBody": "",
            "tags": [
              "Leve-4"
            ],
            "fileTypesAndContributionMap": {
              "java": {
                "insertions": 87,
                "deletions": 14
              }
            }
          }
        ]
      },
      {
        "date": "2020-08-28",
        "commitResults": [
          {
            "hash": "f1b0775c8b0843030c90c00fed37a6d32fa81d3a",
            "messageTitle": "uing .bat",
            "messageBody": "",
            "tags": [
              "A-TextUiTesting"
            ],
            "fileTypesAndContributionMap": {
              "txt": {
                "insertions": 6,
                "deletions": 0
              },
              "java": {
                "insertions": 10,
                "deletions": 14
              },
              "bat": {
                "insertions": 1,
                "deletions": 1
              },
              "sh": {
                "insertions": 0,
                "deletions": 38
              }
            }
          }
        ]
      }
    ]
  },
  "authorFileTypeContributionMap": {
    "linqing42": {
      "java": 148,
      "md": 0,
      "fxml": 0,
      "sh": 0,
      "bat": 1,
      "gradle": 0,
      "txt": 6
    }
  },
  "authorContributionVariance": {
    "linqing42": 993.1555
  },
  "authorDisplayNameMap": {
    "linqing42": "LIN ..QING"
  }
}
