{
  "authorDailyContributionsMap": {
    "e0260222": [
      {
        "date": "2020-08-21",
        "commitResults": [
          {
            "hash": "76fcb2e909580be6bac10326f06ac656fa7eb975",
            "messageTitle": "Duke class: add greeting messages",
            "messageBody": "There is no message to greet the users.\n\nGreeting messages let the users know Duke has started.\n\nLet\u0027s add hello and goodbye messages.\n\nThis version fulfils Level-0 requirements.\n",
            "tags": [
              "Level-0"
            ],
            "fileTypesAndContributionMap": {
              "java": {
                "insertions": 18,
                "deletions": 2
              }
            }
          },
          {
            "hash": "88aa3711b2bb908c28c0da2755e61efed7e2c05b",
            "messageTitle": "Duke class: add function to read and echo users\u0027 commands",
            "messageBody": "There is no function to read and echo users\u0027 commands.\n\nIt is necessary to read and echo users\u0027 commands to capture their intention.\n\nLet\u0027s add a function that read and echo users\u0027 command. If the command is \"bye\", display the goodbye message and exit the program.\n\nThis version fulfils Level-1 requirements.\n",
            "tags": [
              "Level-1"
            ],
            "fileTypesAndContributionMap": {
              "java": {
                "insertions": 24,
                "deletions": 0
              }
            }
          },
          {
            "hash": "ad8a45af391d3d3c76abc575e0b2d2137dd8381f",
            "messageTitle": "Duke class: add function to store and list users\u0027 commands",
            "messageBody": "There is no function to store and list users\u0027 commands.\n\nIt is necessary to allow users to store and list their previously entered commands.\n\nLet\u0027s,\n* add a function that stores users\u0027 command\n* add a function that lists users\u0027 previously entered commands\n\nThis version fulfils Level-2 requirements.\n",
            "tags": [
              "Level-2"
            ],
            "fileTypesAndContributionMap": {
              "java": {
                "insertions": 26,
                "deletions": 8
              }
            }
          },
          {
            "hash": "03e307e719ebbf2399c65a84f7864a9e5487d115",
            "messageTitle": "Add Task class",
            "messageBody": "Tasks are represented using String..\n\nIt is more natural to use a Task class to represent tasks.\n\nLet\u0027s create a Task class to represent tasks instead of using String.\n",
            "fileTypesAndContributionMap": {
              "java": {
                "insertions": 45,
                "deletions": 15
              }
            }
          },
          {
            "hash": "e8b6b027ef9a4ca6c49be651f627218dd1b08a69",
            "messageTitle": "Duke class: add function to mark tasks as done",
            "messageBody": "There is no function to mark tasks as done.\n\nIt allows users to mark tasks as done so that the users can keep track of what are the outstanding tasks.\n\nLet\u0027s add a function that marks tasks as done when the users enter \"done x\", in which x is the index of the task.\n\nThis version fulfils Level-3 requirements.\n",
            "tags": [
              "Level-3",
              "A-Classes"
            ],
            "fileTypesAndContributionMap": {
              "java": {
                "insertions": 58,
                "deletions": 9
              }
            }
          }
        ]
      },
      {
        "date": "2020-08-24",
        "commitResults": [
          {
            "hash": "963d12e93cd7c1f30b79763d0bf8f6bfdc2de246",
            "messageTitle": "Duke class: Add support for ToDos, Events, Deadlines",
            "messageBody": "",
            "tags": [
              "Level-4",
              "A-Inheritance"
            ],
            "fileTypesAndContributionMap": {
              "java": {
                "insertions": 113,
                "deletions": 33
              }
            }
          },
          {
            "hash": "25891c854f6ad0dcd4d065f55cc02e085f0a8b6b",
            "messageTitle": "Add Automated Text UI Testing for \"bye\" case",
            "messageBody": "",
            "tags": [
              "A-TextUiTesting"
            ],
            "fileTypesAndContributionMap": {
              "txt": {
                "insertions": 1,
                "deletions": 0
              },
              "bat": {
                "insertions": 1,
                "deletions": 1
              }
            }
          },
          {
            "hash": "b0d5d087237a2b0a91963bd56a374f97935c5e4e",
            "messageTitle": "Duke class: minor tweaks to conform to Java Coding Standard",
            "messageBody": "",
            "tags": [
              "A-CodingStandard"
            ],
            "fileTypesAndContributionMap": {
              "java": {
                "insertions": 6,
                "deletions": 6
              }
            }
          }
        ]
      },
      {
        "date": "2020-08-31",
        "commitResults": [
          {
            "hash": "41c832b1e23db1680dfba16fa84523824446226e",
            "messageTitle": "Add DukeException to represent exceptions specific to Duke",
            "messageBody": "",
            "fileTypesAndContributionMap": {
              "java": {
                "insertions": 21,
                "deletions": 15
              }
            }
          },
          {
            "hash": "f842b04776655199111d315c84a26a900474c46e",
            "messageTitle": "Add error message when the description for deadline/event task is missing",
            "messageBody": "",
            "tags": [
              "A-Exceptions"
            ],
            "fileTypesAndContributionMap": {
              "java": {
                "insertions": 22,
                "deletions": 10
              }
            }
          }
        ]
      },
      {
        "date": "2020-09-01",
        "commitResults": [
          {
            "hash": "81ec3e760554dd06c0f23979c18ca603a5e76f26",
            "messageTitle": "Duke class: Improve code quality",
            "messageBody": "",
            "fileTypesAndContributionMap": {
              "java": {
                "insertions": 24,
                "deletions": 14
              }
            }
          },
          {
            "hash": "14edd255ce409de8645fdae317b7be8c22210168",
            "messageTitle": "Make Task class an abstract class",
            "messageBody": "",
            "fileTypesAndContributionMap": {
              "java": {
                "insertions": 20,
                "deletions": 13
              }
            }
          },
          {
            "hash": "2254e0d7c9f1604708e4aec8f4777141753e6615",
            "messageTitle": "Put all classes in duke package",
            "messageBody": "",
            "fileTypesAndContributionMap": {
              "java": {
                "insertions": 15,
                "deletions": 1
              }
            }
          },
          {
            "hash": "db9989d9ba21fabb7b68fdafc98a497887a2cfb0",
            "messageTitle": "Change Event class and Deadline class to be subclass of Task class",
            "messageBody": "",
            "fileTypesAndContributionMap": {
              "java": {
                "insertions": 10,
                "deletions": 10
              }
            }
          }
        ]
      },
      {
        "date": "2020-09-06",
        "commitResults": [
          {
            "hash": "0c0efd2641734b4cac995e00618f4910ab1b17c0",
            "messageTitle": "Add support for deleting tasks from the list",
            "messageBody": "",
            "fileTypesAndContributionMap": {
              "java": {
                "insertions": 20,
                "deletions": 0
              }
            }
          },
          {
            "hash": "068db35e7571d0a9c76fcbc27dcc1526c351d04c",
            "messageTitle": "Add feature to save and load tasks",
            "messageBody": "",
            "fileTypesAndContributionMap": {
              "java": {
                "insertions": 166,
                "deletions": 3
              }
            }
          }
        ]
      },
      {
        "date": "2020-09-08",
        "commitResults": [
          {
            "hash": "90980c74f6945ddd1d499f0ca9dde40d4986a636",
            "messageTitle": "Add JavaDoc comments for non-private classes/methods",
            "messageBody": "",
            "fileTypesAndContributionMap": {
              "java": {
                "insertions": 66,
                "deletions": 0
              }
            }
          },
          {
            "hash": "61b2a42ab729ec36225a2d7b431142484c7b0fa1",
            "messageTitle": "Remove unicode characters to fix compatibility issues",
            "messageBody": "",
            "tags": [
              "A-Jar"
            ],
            "fileTypesAndContributionMap": {
              "java": {
                "insertions": 2,
                "deletions": 2
              }
            }
          }
        ]
      },
      {
        "date": "2020-09-12",
        "commitResults": [
          {
            "hash": "a43c34f52809474787c75133acc9c4a87cc84d47",
            "messageTitle": "Extract out Parser class, Storage class, TaskList class and Ui class from Duke class.",
            "messageBody": "",
            "tags": [
              "A-MoreOOP"
            ],
            "fileTypesAndContributionMap": {
              "java": {
                "insertions": 479,
                "deletions": 279
              }
            }
          },
          {
            "hash": "8fd7dcd295039c4af7a727aa556674e512927082",
            "messageTitle": "Change the \"by\" variable of Deadline class to java.time.LocalDateTime",
            "messageBody": "",
            "fileTypesAndContributionMap": {
              "java": {
                "insertions": 26,
                "deletions": 10
              }
            }
          }
        ]
      },
      {
        "date": "2020-09-13",
        "commitResults": [
          {
            "hash": "ec09852afd4a64bc74f2ca03d7b20b0587fca127",
            "messageTitle": "Add function to find task by keyword",
            "messageBody": "",
            "fileTypesAndContributionMap": {
              "java": {
                "insertions": 58,
                "deletions": 5
              }
            }
          },
          {
            "hash": "68f47e81b6d6ebdc19a49c0c4c48bdc36752b75c",
            "messageTitle": "Add JUnit Tests",
            "messageBody": "",
            "fileTypesAndContributionMap": {
              "java": {
                "insertions": 99,
                "deletions": 2
              }
            }
          }
        ]
      },
      {
        "date": "2020-09-19",
        "commitResults": [
          {
            "hash": "efe1b79489efb5e2d2f4145651e192b92893b52e",
            "messageTitle": "Make find function case-insensitive",
            "messageBody": "",
            "fileTypesAndContributionMap": {
              "java": {
                "insertions": 5,
                "deletions": 6
              }
            }
          },
          {
            "hash": "b856bb1b8deb67f17428b9f3fa03b152550c6a28",
            "messageTitle": "Change delete task and mark task as done functions to use the indexes displayed by find command",
            "messageBody": "",
            "fileTypesAndContributionMap": {
              "java": {
                "insertions": 33,
                "deletions": 19
              }
            }
          },
          {
            "hash": "01e335ae537576d1a6e1df66a6123d53729b2127",
            "messageTitle": "Add JavaDoc to Ui class",
            "messageBody": "",
            "fileTypesAndContributionMap": {
              "java": {
                "insertions": 9,
                "deletions": 1
              }
            }
          },
          {
            "hash": "2b8431c951b98d71fd82f301fc3a24ce0de03ea6",
            "messageTitle": "Add JUnit tests for Deadline class",
            "messageBody": "",
            "fileTypesAndContributionMap": {
              "java": {
                "insertions": 54,
                "deletions": 10
              }
            }
          }
        ]
      },
      {
        "date": "2020-09-20",
        "commitResults": [
          {
            "hash": "b72ea84ee82b6379a37a432bc790a6bd613af48c",
            "messageTitle": "Divide classes into multiple packages",
            "messageBody": "",
            "fileTypesAndContributionMap": {
              "java": {
                "insertions": 45,
                "deletions": 9
              }
            }
          },
          {
            "hash": "314bfd1d95b521020f9d7199a3d42bbabbd0f735",
            "messageTitle": "Extract Command class from Duke Class",
            "messageBody": "",
            "fileTypesAndContributionMap": {
              "java": {
                "insertions": 274,
                "deletions": 114
              }
            }
          },
          {
            "hash": "d963184fbe5e79a7b1909931e04591aace24a6f0",
            "messageTitle": "Force users to use list/find command before using done/delete command to prevent wrong deletion",
            "messageBody": "",
            "fileTypesAndContributionMap": {
              "java": {
                "insertions": 77,
                "deletions": 80
              }
            }
          },
          {
            "hash": "b0695a402482b49a7e34625b5debb8e7770852af",
            "messageTitle": "Add support for multiple keywords to find function",
            "messageBody": "",
            "fileTypesAndContributionMap": {
              "java": {
                "insertions": 10,
                "deletions": 3
              }
            }
          },
          {
            "hash": "bab13a1e7754dc2fc30a531b0afa95bba8892584",
            "messageTitle": "Fix minor bugs with user interface",
            "messageBody": "",
            "fileTypesAndContributionMap": {
              "java": {
                "insertions": 13,
                "deletions": 13
              }
            }
          }
        ]
      },
      {
        "date": "2020-09-21",
        "commitResults": [
          {
            "hash": "3a04db9d9cb74e66a37b753f5cdff6bdf6ddffd2",
            "messageTitle": "Make the commands case-insensitive",
            "messageBody": "",
            "fileTypesAndContributionMap": {
              "java": {
                "insertions": 6,
                "deletions": 6
              }
            }
          },
          {
            "hash": "56a1fe219ca99256f465d0f15d5c84558700447e",
            "messageTitle": "Change Event class to support start datetime and duration of task",
            "messageBody": "",
            "fileTypesAndContributionMap": {
              "java": {
                "insertions": 101,
                "deletions": 56
              },
              "md": {
                "insertions": 39,
                "deletions": 5
              }
            }
          }
        ]
      },
      {
        "date": "2020-09-22",
        "commitResults": [
          {
            "hash": "3f5f389d9038db95033d226d783d34d1a8c38a46",
            "messageTitle": "Improve JavaDocs for all classes",
            "messageBody": "",
            "fileTypesAndContributionMap": {
              "java": {
                "insertions": 181,
                "deletions": 46
              }
            }
          },
          {
            "hash": "bd8cc11746f81085b08130e652b0fd59e14a7850",
            "messageTitle": "Fix a bug that causes the goodbye message to be displayed twice",
            "messageBody": "",
            "fileTypesAndContributionMap": {
              "java": {
                "insertions": 0,
                "deletions": 1
              }
            }
          }
        ]
      },
      {
        "date": "2020-09-23",
        "commitResults": [
          {
            "hash": "01ed46c828c1b6443b2a7f6f9182bb43a9d6c1bb",
            "messageTitle": "Update docs\\README.md",
            "messageBody": "",
            "tags": [
              "A-UserGuide"
            ],
            "fileTypesAndContributionMap": {
              "md": {
                "insertions": 104,
                "deletions": 14
              }
            }
          }
        ]
      }
    ]
  },
  "authorFileTypeContributionMap": {
    "e0260222": {
      "java": 1341,
      "md": 131,
      "fxml": 0,
      "sh": 0,
      "bat": 1,
      "gradle": 0,
      "txt": 1
    }
  },
  "authorContributionVariance": {
    "e0260222": 26484.875
  },
  "authorDisplayNameMap": {
    "e0260222": "CHAN..HONG"
  }
}
