{
  "authorDailyContributionsMap": {
    "e0260222": [
      {
        "insertions": 171,
        "deletions": 34,
        "date": "2020-08-21",
        "commitResults": [
          {
            "hash": "76fcb2e909580be6bac10326f06ac656fa7eb975",
            "messageTitle": "Duke class: add greeting messages",
            "messageBody": "There is no message to greet the users.\n\nGreeting messages let the users know Duke has started.\n\nLet\u0027s add hello and goodbye messages.\n\nThis version fulfils Level-0 requirements.\n",
            "tags": [
              "Level-0"
            ],
            "insertions": 18,
            "deletions": 2
          },
          {
            "hash": "88aa3711b2bb908c28c0da2755e61efed7e2c05b",
            "messageTitle": "Duke class: add function to read and echo users\u0027 commands",
            "messageBody": "There is no function to read and echo users\u0027 commands.\n\nIt is necessary to read and echo users\u0027 commands to capture their intention.\n\nLet\u0027s add a function that read and echo users\u0027 command. If the command is \"bye\", display the goodbye message and exit the program.\n\nThis version fulfils Level-1 requirements.\n",
            "tags": [
              "Level-1"
            ],
            "insertions": 24,
            "deletions": 0
          },
          {
            "hash": "ad8a45af391d3d3c76abc575e0b2d2137dd8381f",
            "messageTitle": "Duke class: add function to store and list users\u0027 commands",
            "messageBody": "There is no function to store and list users\u0027 commands.\n\nIt is necessary to allow users to store and list their previously entered commands.\n\nLet\u0027s,\n* add a function that stores users\u0027 command\n* add a function that lists users\u0027 previously entered commands\n\nThis version fulfils Level-2 requirements.\n",
            "tags": [
              "Level-2"
            ],
            "insertions": 26,
            "deletions": 8
          },
          {
            "hash": "03e307e719ebbf2399c65a84f7864a9e5487d115",
            "messageTitle": "Add Task class",
            "messageBody": "Tasks are represented using String..\n\nIt is more natural to use a Task class to represent tasks.\n\nLet\u0027s create a Task class to represent tasks instead of using String.\n",
            "insertions": 45,
            "deletions": 15
          },
          {
            "hash": "e8b6b027ef9a4ca6c49be651f627218dd1b08a69",
            "messageTitle": "Duke class: add function to mark tasks as done",
            "messageBody": "There is no function to mark tasks as done.\n\nIt allows users to mark tasks as done so that the users can keep track of what are the outstanding tasks.\n\nLet\u0027s add a function that marks tasks as done when the users enter \"done x\", in which x is the index of the task.\n\nThis version fulfils Level-3 requirements.\n",
            "tags": [
              "Level-3"
            ],
            "insertions": 58,
            "deletions": 9
          }
        ]
      },
      {
        "insertions": 128,
        "deletions": 41,
        "date": "2020-08-24",
        "commitResults": [
          {
            "hash": "963d12e93cd7c1f30b79763d0bf8f6bfdc2de246",
            "messageTitle": "Duke class: Add support for ToDos, Events, Deadlines",
            "messageBody": "",
            "tags": [
              "Level-4"
            ],
            "insertions": 113,
            "deletions": 33
          },
          {
            "hash": "25891c854f6ad0dcd4d065f55cc02e085f0a8b6b",
            "messageTitle": "Add Automated Text UI Testing for \"bye\" case",
            "messageBody": "",
            "tags": [
              "A-TextUiTesting"
            ],
            "insertions": 9,
            "deletions": 2
          },
          {
            "hash": "b0d5d087237a2b0a91963bd56a374f97935c5e4e",
            "messageTitle": "Duke class: minor tweaks to conform to Java Coding Standard",
            "messageBody": "",
            "tags": [
              "A-CodingStandard"
            ],
            "insertions": 6,
            "deletions": 6
          }
        ]
      }
    ]
  },
  "authorFinalContributionMap": {
    "e0260222": 232
  },
  "authorFileTypeContributionMap": {
    "e0260222": {
      "java": 223,
      "TXT": 7,
      "txt": 1,
      "bat": 1
    }
  },
  "authorContributionVariance": {
    "e0260222": 2267.679
  },
  "authorDisplayNameMap": {
    "e0260222": "CHAN..HONG"
  }
}
