{
  "authorDailyContributionsMap": {
    "binbinhui": [
      {
        "date": "2020-08-20",
        "commitResults": [
          {
            "hash": "c36966fa4d51f60b068590579c15d6fb17825e67",
            "messageTitle": "Level -0 task",
            "messageBody": "",
            "fileTypesAndContributionMap": {
              "java": {
                "insertions": 9,
                "deletions": 0
              }
            }
          },
          {
            "hash": "1d983d1694ea3c00c6a2346ccb58f4b5440584b5",
            "messageTitle": "level-1 Greet,Echo,Exit",
            "messageBody": "",
            "tags": [
              "level-1"
            ],
            "fileTypesAndContributionMap": {
              "java": {
                "insertions": 17,
                "deletions": 0
              }
            }
          },
          {
            "hash": "8e1a75a121fb66d6cf6897764f1c1b6743ff622f",
            "messageTitle": "level-2 Add, List",
            "messageBody": "",
            "tags": [
              "level-2"
            ],
            "fileTypesAndContributionMap": {
              "java": {
                "insertions": 19,
                "deletions": 5
              }
            }
          }
        ]
      },
      {
        "date": "2020-08-21",
        "commitResults": [
          {
            "hash": "ac359c3f3b5c927fdd73856ae6bc294de460f2b9",
            "messageTitle": "level-2.5 add mark as done",
            "messageBody": "",
            "fileTypesAndContributionMap": {
              "java": {
                "insertions": 42,
                "deletions": 3
              }
            }
          }
        ]
      }
    ]
  },
  "authorFileTypeContributionMap": {
    "binbinhui": {
      "java": 79,
      "md": 0,
      "fxml": 0,
      "sh": 0,
      "bat": 0,
      "gradle": 0,
      "txt": 0
    }
  },
  "authorContributionVariance": {
    "binbinhui": 424.60938
  },
  "authorDisplayNameMap": {
    "binbinhui": "LIN ..NHUI"
  }
}
