{
  "authorDailyContributionsMap": {
    "binbinhui": [
      {
        "date": "2020-08-20",
        "commitResults": [
          {
            "hash": "c36966fa4d51f60b068590579c15d6fb17825e67",
            "messageTitle": "Level -0 task",
            "messageBody": "",
            "tags": [
              "Level-0"
            ],
            "fileTypesAndContributionMap": {
              "java": {
                "insertions": 9,
                "deletions": 0
              }
            }
          },
          {
            "hash": "1d983d1694ea3c00c6a2346ccb58f4b5440584b5",
            "messageTitle": "level-1 Greet,Echo,Exit",
            "messageBody": "",
            "tags": [
              "level-1"
            ],
            "fileTypesAndContributionMap": {
              "java": {
                "insertions": 17,
                "deletions": 0
              }
            }
          },
          {
            "hash": "8e1a75a121fb66d6cf6897764f1c1b6743ff622f",
            "messageTitle": "level-2 Add, List",
            "messageBody": "",
            "tags": [
              "level-2"
            ],
            "fileTypesAndContributionMap": {
              "java": {
                "insertions": 19,
                "deletions": 5
              }
            }
          }
        ]
      },
      {
        "date": "2020-08-21",
        "commitResults": [
          {
            "hash": "ac359c3f3b5c927fdd73856ae6bc294de460f2b9",
            "messageTitle": "level-2.5 add mark as done",
            "messageBody": "",
            "fileTypesAndContributionMap": {
              "java": {
                "insertions": 42,
                "deletions": 3
              }
            }
          }
        ]
      },
      {
        "date": "2020-08-30",
        "commitResults": [
          {
            "hash": "fbdd1918b97850aa6267491b89b38ad92eed8965",
            "messageTitle": "level 3 - change",
            "messageBody": "",
            "fileTypesAndContributionMap": {
              "java": {
                "insertions": 215,
                "deletions": 57
              }
            }
          },
          {
            "hash": "0098bb4f77ed2e0da74bcef51031a91b6b3855cc",
            "messageTitle": "New change. Level 3 and Level-4",
            "messageBody": "",
            "tags": [
              "level-4",
              "level-3"
            ],
            "fileTypesAndContributionMap": {
              "java": {
                "insertions": 213,
                "deletions": 92
              }
            }
          },
          {
            "hash": "d5b8a062fb1f5666127e4289e175ea4e27f9e825",
            "messageTitle": "Print msg changes",
            "messageBody": "",
            "fileTypesAndContributionMap": {
              "java": {
                "insertions": 44,
                "deletions": 45
              }
            }
          }
        ]
      },
      {
        "date": "2020-09-04",
        "commitResults": [
          {
            "hash": "c6bdb95d3efc65730775a13537d663b27e394a62",
            "messageTitle": "update new codes,",
            "messageBody": "",
            "fileTypesAndContributionMap": {
              "java": {
                "insertions": 149,
                "deletions": 159
              }
            }
          }
        ]
      },
      {
        "date": "2020-09-07",
        "commitResults": [
          {
            "hash": "622cef8576a70a4b3c286557b742be9c05ac35ee",
            "messageTitle": "Level 5 adding exceptions and repackages",
            "messageBody": "",
            "tags": [
              "level-5",
              "A-AbstractClasses"
            ],
            "fileTypesAndContributionMap": {
              "java": {
                "insertions": 353,
                "deletions": 61
              },
              "bat": {
                "insertions": 1,
                "deletions": 1
              },
              "sh": {
                "insertions": 1,
                "deletions": 1
              }
            }
          }
        ]
      },
      {
        "date": "2020-09-10",
        "commitResults": [
          {
            "hash": "18f849abaaefa6d85ebb9e64584426a59d11c961",
            "messageTitle": "updated",
            "messageBody": "",
            "tags": [
              "v0.1"
            ],
            "fileTypesAndContributionMap": {
              "java": {
                "insertions": 2,
                "deletions": 205
              }
            }
          }
        ]
      },
      {
        "date": "2020-09-11",
        "commitResults": [
          {
            "hash": "adaba69074e2b0556ddabb643cceb5adb5e2b515",
            "messageTitle": "adding Level-6 code",
            "messageBody": "",
            "tags": [
              "Level-6"
            ],
            "fileTypesAndContributionMap": {
              "java": {
                "insertions": 71,
                "deletions": 18
              }
            }
          }
        ]
      },
      {
        "date": "2020-09-17",
        "commitResults": [
          {
            "hash": "d09a6697747a2bfaddbc7ec87d1dad4cac47e811",
            "messageTitle": "level 7 save",
            "messageBody": "",
            "tags": [
              "Level-7"
            ],
            "fileTypesAndContributionMap": {
              "txt": {
                "insertions": 1,
                "deletions": 0
              },
              "java": {
                "insertions": 113,
                "deletions": 8
              }
            }
          },
          {
            "hash": "da823ad0c8fec09b48045b7c736b3ed4509bbf62",
            "messageTitle": "adding JavaDoc",
            "messageBody": "",
            "tags": [
              "A-JavaDoc"
            ],
            "fileTypesAndContributionMap": {
              "java": {
                "insertions": 59,
                "deletions": 21
              }
            }
          },
          {
            "hash": "8803077a3f5a408d84b7ecc6188cafb27dcbc28d",
            "messageTitle": "New change",
            "messageBody": "",
            "tags": [
              "A-Jar"
            ],
            "fileTypesAndContributionMap": {
              "txt": {
                "insertions": 1,
                "deletions": 1
              },
              "java": {
                "insertions": 0,
                "deletions": 4
              }
            }
          }
        ]
      },
      {
        "date": "2020-09-21",
        "commitResults": [
          {
            "hash": "f97fa54661b59e839a51bab92f96e1b765f89a0a",
            "messageTitle": "Update A-MoreOOP",
            "messageBody": "",
            "tags": [
              "A-MoreOOP"
            ],
            "fileTypesAndContributionMap": {
              "txt": {
                "insertions": 0,
                "deletions": 1
              },
              "java": {
                "insertions": 239,
                "deletions": 54
              }
            }
          }
        ]
      },
      {
        "date": "2020-09-22",
        "commitResults": [
          {
            "hash": "7569445b4a5c932ba6498801b98867f23125233d",
            "messageTitle": "level-8",
            "messageBody": "",
            "tags": [
              "Level-8"
            ],
            "fileTypesAndContributionMap": {
              "txt": {
                "insertions": 1,
                "deletions": 0
              },
              "java": {
                "insertions": 128,
                "deletions": 213
              }
            }
          },
          {
            "hash": "ee8109d11850c75a5f5e69f21d33fe58228dd11c",
            "messageTitle": "Level-9 and Junit test",
            "messageBody": "",
            "tags": [
              "Level-9",
              "A-JUnit"
            ],
            "fileTypesAndContributionMap": {
              "java": {
                "insertions": 51,
                "deletions": 1
              }
            }
          }
        ]
      },
      {
        "date": "2020-09-23",
        "commitResults": [
          {
            "hash": "f959214b19101f32b45616dac8c52efbe590b110",
            "messageTitle": "edit A-TextUitesting",
            "messageBody": "",
            "tags": [
              "A-TextUiTesting"
            ],
            "fileTypesAndContributionMap": {
              "txt": {
                "insertions": 1,
                "deletions": 0
              },
              "java": {
                "insertions": 0,
                "deletions": 83
              }
            }
          },
          {
            "hash": "72407f70212b72dc7a30958c14e54f7e043b699b",
            "messageTitle": "Update README.md",
            "messageBody": "add user guide",
            "fileTypesAndContributionMap": {
              "md": {
                "insertions": 144,
                "deletions": 9
              }
            }
          },
          {
            "hash": "fff320b55ea3f3622ee71cd17216a2a02f5fdbe0",
            "messageTitle": "Update README.md",
            "messageBody": "",
            "tags": [
              "A-UserGuide"
            ],
            "fileTypesAndContributionMap": {
              "md": {
                "insertions": 1,
                "deletions": 1
              }
            }
          }
        ]
      },
      {
        "date": "2020-09-24",
        "commitResults": [
          {
            "hash": "263721060747db23d0563b4885a17d1fe584bc04",
            "messageTitle": "some code update",
            "messageBody": "",
            "fileTypesAndContributionMap": {
              "txt": {
                "insertions": 3,
                "deletions": 1
              },
              "java": {
                "insertions": 19,
                "deletions": 36
              }
            }
          }
        ]
      }
    ]
  },
  "authorFileTypeContributionMap": {
    "binbinhui": {
      "java": 685,
      "md": 144,
      "fxml": 0,
      "sh": 1,
      "bat": 1,
      "gradle": 0,
      "txt": 4
    }
  },
  "authorContributionVariance": {
    "binbinhui": 21499.152
  },
  "authorDisplayNameMap": {
    "binbinhui": "LIN ..NHUI"
  }
}
