{
  "authorDailyContributionsMap": {
    "ZhengShijieNUS": [
      {
        "date": "2020-08-21",
        "commitResults": [
          {
            "hash": "86f37fbf017bc25a667c2a93be188f8605e7d380",
            "messageTitle": "level 0",
            "messageBody": "",
            "tags": [
              "Level-0"
            ],
            "fileTypesAndContributionMap": {
              "java": {
                "insertions": 17,
                "deletions": 6
              }
            }
          },
          {
            "hash": "0a9b12b62c4374eded8a8b96e3cc3505f0c28a89",
            "messageTitle": "level 1",
            "messageBody": "",
            "tags": [
              "Level-1"
            ],
            "fileTypesAndContributionMap": {
              "java": {
                "insertions": 16,
                "deletions": 0
              }
            }
          }
        ]
      },
      {
        "date": "2020-08-22",
        "commitResults": [
          {
            "hash": "44cdf22e6c7a134b70d6618c9fd1735ee6b2ce05",
            "messageTitle": "level 2",
            "messageBody": "",
            "fileTypesAndContributionMap": {
              "java": {
                "insertions": 9,
                "deletions": 2
              }
            }
          },
          {
            "hash": "e165765ba109eddbea3473735bdd398f95abeaf5",
            "messageTitle": "level 2",
            "messageBody": "",
            "tags": [
              "Level-2"
            ],
            "fileTypesAndContributionMap": {
              "java": {
                "insertions": 0,
                "deletions": 7
              }
            }
          },
          {
            "hash": "8f50f25155b567c5f4fa775bb63d28b66222cdd0",
            "messageTitle": "level 3",
            "messageBody": "",
            "tags": [
              "Level-3"
            ],
            "fileTypesAndContributionMap": {
              "java": {
                "insertions": 61,
                "deletions": 9
              }
            }
          }
        ]
      },
      {
        "date": "2020-08-23",
        "commitResults": [
          {
            "hash": "2e3e9e8a988e2040070fc534e814f1aeac567ce6",
            "messageTitle": "level 4",
            "messageBody": "",
            "tags": [
              "Level-4"
            ],
            "fileTypesAndContributionMap": {
              "java": {
                "insertions": 109,
                "deletions": 21
              }
            }
          }
        ]
      },
      {
        "date": "2020-08-26",
        "commitResults": [
          {
            "hash": "d2651e9bb8aaf6bc57b8838c4a36caf8be2bcce6",
            "messageTitle": "A-TextUiTesting",
            "messageBody": "",
            "tags": [
              "A-TextUiTesting"
            ],
            "fileTypesAndContributionMap": {
              "txt": {
                "insertions": 7,
                "deletions": 0
              },
              "bat": {
                "insertions": 7,
                "deletions": 1
              }
            }
          },
          {
            "hash": "e64bd1c34bdc11bd40be8ed42d51d8c2d40f01a7",
            "messageTitle": "A-CodingStandard",
            "messageBody": "",
            "tags": [
              "A-CodingStandard"
            ],
            "fileTypesAndContributionMap": {
              "java": {
                "insertions": 28,
                "deletions": 51
              }
            }
          },
          {
            "hash": "e20bb7ef96c60ead36cdfba7126b28a7e2a68bfa",
            "messageTitle": "Level-5",
            "messageBody": "",
            "tags": [
              "Level-5"
            ],
            "fileTypesAndContributionMap": {
              "java": {
                "insertions": 48,
                "deletions": 18
              }
            }
          }
        ]
      }
    ]
  },
  "authorFileTypeContributionMap": {
    "ZhengShijieNUS": {
      "java": 179,
      "md": 0,
      "fxml": 0,
      "sh": 0,
      "bat": 7,
      "gradle": 0,
      "txt": 7
    }
  },
  "authorContributionVariance": {
    "ZhengShijieNUS": 2952.9944
  },
  "authorDisplayNameMap": {
    "ZhengShijieNUS": "ZHEN..IJIE"
  }
}
