{
  "authorDailyContributionsMap": {
    "ZhengShijieNUS": [
      {
        "insertions": 33,
        "deletions": 6,
        "date": "2020-08-21",
        "commitResults": [
          {
            "hash": "86f37fbf017bc25a667c2a93be188f8605e7d380",
            "messageTitle": "level 0",
            "messageBody": "",
            "tags": [
              "Level-0"
            ],
            "insertions": 17,
            "deletions": 6
          },
          {
            "hash": "0a9b12b62c4374eded8a8b96e3cc3505f0c28a89",
            "messageTitle": "level 1",
            "messageBody": "",
            "tags": [
              "Level-1"
            ],
            "insertions": 16,
            "deletions": 0
          }
        ]
      },
      {
        "insertions": 70,
        "deletions": 18,
        "date": "2020-08-22",
        "commitResults": [
          {
            "hash": "44cdf22e6c7a134b70d6618c9fd1735ee6b2ce05",
            "messageTitle": "level 2",
            "messageBody": "",
            "insertions": 9,
            "deletions": 2
          },
          {
            "hash": "e165765ba109eddbea3473735bdd398f95abeaf5",
            "messageTitle": "level 2",
            "messageBody": "",
            "tags": [
              "Level-2"
            ],
            "insertions": 0,
            "deletions": 7
          },
          {
            "hash": "8f50f25155b567c5f4fa775bb63d28b66222cdd0",
            "messageTitle": "level 3",
            "messageBody": "",
            "tags": [
              "Level-3"
            ],
            "insertions": 61,
            "deletions": 9
          }
        ]
      },
      {
        "insertions": 109,
        "deletions": 21,
        "date": "2020-08-23",
        "commitResults": [
          {
            "hash": "2e3e9e8a988e2040070fc534e814f1aeac567ce6",
            "messageTitle": "level 4",
            "messageBody": "",
            "tags": [
              "Level-4"
            ],
            "insertions": 109,
            "deletions": 21
          }
        ]
      }
    ]
  },
  "authorFinalContributionMap": {
    "ZhengShijieNUS": 173
  },
  "authorFileTypeContributionMap": {
    "ZhengShijieNUS": {
      "java": 173
    }
  },
  "authorContributionVariance": {
    "ZhengShijieNUS": 753.1553
  },
  "authorDisplayNameMap": {
    "ZhengShijieNUS": "ZHEN..IJIE"
  }
}
