{
  "authorDailyContributionsMap": {
    "timmyly7": [
      {
        "insertions": 112,
        "deletions": 4,
        "date": "2020-08-21",
        "commitResults": [
          {
            "hash": "876784f69e2f66c93a76092c93bf5f115c81b82d",
            "messageTitle": "Level 1 Task",
            "messageBody": "",
            "tags": [
              "Level-0"
            ],
            "insertions": 18,
            "deletions": 0
          },
          {
            "hash": "044c6ea5213eeb0e473a2dd6c57de328e8b5ca39",
            "messageTitle": "Level 1 Task",
            "messageBody": "",
            "tags": [
              "Level-1"
            ],
            "insertions": 15,
            "deletions": 0
          },
          {
            "hash": "3147bc01a19599abd6f497f68ac4c0e0bceb86f4",
            "messageTitle": "Level 2 Task",
            "messageBody": "",
            "tags": [
              "Level-2"
            ],
            "insertions": 69,
            "deletions": 4
          },
          {
            "hash": "0daf923ec5c981ee4ddf487c3e25241c67d975b5",
            "messageTitle": "Level 3 Task",
            "messageBody": "",
            "tags": [
              "Level-3"
            ],
            "insertions": 10,
            "deletions": 0
          }
        ]
      }
    ]
  },
  "authorFinalContributionMap": {
    "timmyly7": 107
  },
  "authorFileTypeContributionMap": {
    "timmyly7": {
      "java": 107
    }
  },
  "authorContributionVariance": {
    "timmyly7": 433.58218
  },
  "authorDisplayNameMap": {
    "timmyly7": "LI Y..I YI"
  }
}
