{
  "authorDailyContributionsMap": {
    "timmyly7": [
      {
        "date": "2020-08-21",
        "commitResults": [
          {
            "hash": "876784f69e2f66c93a76092c93bf5f115c81b82d",
            "messageTitle": "Level 1 Task",
            "messageBody": "",
            "tags": [
              "Level-0"
            ],
            "fileTypesAndContributionMap": {
              "java": {
                "insertions": 18,
                "deletions": 0
              }
            }
          },
          {
            "hash": "044c6ea5213eeb0e473a2dd6c57de328e8b5ca39",
            "messageTitle": "Level 1 Task",
            "messageBody": "",
            "tags": [
              "Level-1"
            ],
            "fileTypesAndContributionMap": {
              "java": {
                "insertions": 15,
                "deletions": 0
              }
            }
          },
          {
            "hash": "3147bc01a19599abd6f497f68ac4c0e0bceb86f4",
            "messageTitle": "Level 2 Task",
            "messageBody": "",
            "tags": [
              "Level-2"
            ],
            "fileTypesAndContributionMap": {
              "java": {
                "insertions": 69,
                "deletions": 4
              }
            }
          },
          {
            "hash": "0daf923ec5c981ee4ddf487c3e25241c67d975b5",
            "messageTitle": "Level 3 Task",
            "messageBody": "",
            "tags": [
              "Level-3"
            ],
            "fileTypesAndContributionMap": {
              "java": {
                "insertions": 10,
                "deletions": 0
              }
            }
          }
        ]
      },
      {
        "date": "2020-08-26",
        "commitResults": [
          {
            "hash": "a2d886434100a35427a855cf4530a6dbb9532847",
            "messageTitle": "Level 4 Task",
            "messageBody": "",
            "tags": [
              "Level-4"
            ],
            "fileTypesAndContributionMap": {
              "java": {
                "insertions": 145,
                "deletions": 23
              }
            }
          },
          {
            "hash": "7fdd3051adcfed3ce6deba48c404833a9e565e1b",
            "messageTitle": "A-CodingStandard, as most of the code has follow the code standard, changes are limited.",
            "messageBody": "",
            "tags": [
              "A-CodingStandard"
            ],
            "fileTypesAndContributionMap": {
              "java": {
                "insertions": 9,
                "deletions": 9
              }
            }
          }
        ]
      }
    ]
  },
  "authorFileTypeContributionMap": {
    "timmyly7": {
      "java": 229,
      "md": 0,
      "fxml": 0,
      "sh": 0,
      "bat": 0,
      "gradle": 0,
      "txt": 0
    }
  },
  "authorContributionVariance": {
    "timmyly7": 3156.6392
  },
  "authorDisplayNameMap": {
    "timmyly7": "LI Y..I YI"
  }
}
